{
    "class": "Version",
    "prism": [
        6,
        9.966258585523294,
        20.5,
        0.5492236245111297,
        0.08
    ],
    "puddle": {
        "class": "Puddle",
        "hue_dirtiness_dist": [
            0.9151434172203395,
            1.0133276494840364,
            1.0215916109685748,
            0.9604379233924999,
            0.3397968040571899
        ],
        "sat_dirtiness_dist": [
            1.0031807727264421,
            1.0053165918287132,
            1.5974229863757243,
            0.7304622681294832,
            0.2843518830961577
        ],
        "val_dirtiness_dist": [
            0.9576123364235383,
            0.9769056942602083,
            1.021409352522211,
            0.49962353510071833,
            0.13611444548097404
        ],
        "hue_stillness_dist": [
            0.01000943812336853,
            0.01238304132184053,
            0.012485558532234674,
            0.8013414593551316,
            0.24416869147751946
        ],
        "sat_stillness_dist": [
            0.02314812121433471,
            0.19286838350247648,
            0.48507153013136506,
            0.04541285422197572,
            0.7177414835054131
        ],
        "val_stillness_dist": [
            0.030057169768209616,
            0.037151723258300115,
            0.03879120623252738,
            0.5548770902277909,
            0.298110370355914
        ]
    },
    "pasteller": {
        "class": "Pasteller",
        "frac_mid": 0.09544985719605649,
        "amt_sharp": 0.49531060041171326
    },
    "permuter": [
        12.350360213785471,
        16.94674453716618,
        19.176683677237257,
        0.7207533610988069,
        0.016489695996116303
    ],
    "procession": 1.8151687436157433,
    "controller": {
        "16": {
            "class": "Control",
            "submute": [],
            "constraint": 0.7605893361983893
        },
        "20": {
            "class": "Control",
            "submute": [],
            "constraint": 0.9971581505420666
        },
        "33": {
            "class": "Control",
            "submute": [],
            "constraint": 0.9972369916209239
        },
        "43": {
            "class": "Control",
            "submute": [],
            "constraint": 0.37479253514038724
        },
        "51": {
            "class": "Control",
            "submute": [
                2,
                2,
                1,
                3
            ],
            "constraint": 0.6474382739279099
        },
        "58": {
            "class": "Control",
            "submute": [
                0,
                1,
                0
            ],
            "constraint": 0.9935908535846731
        },
        "67": {
            "class": "Control",
            "submute": [
                0
            ],
            "constraint": 0.4149519945921265
        },
        "68": {
            "class": "Control",
            "submute": [
                0
            ],
            "constraint": 0.994501577002368
        },
        "76": {
            "class": "Control",
            "submute": [
                0,
                1
            ],
            "constraint": 0.9999725517566506
        }
    },
    "conceiver": {
        "8": {
            "X": {
                "class": "CartConcept",
                "nice_chance": 0,
                "unnice_chance": 1,
                "mean_dist": [
                    0,
                    0.5,
                    1,
                    0.5,
                    0
                ],
                "freqhood_dist": [
                    0,
                    0,
                    1,
                    null,
                    0
                ],
                "index_dist": [
                    0,
                    1,
                    1,
                    null,
                    0.125
                ],
                "unnice_dist": [
                    -0.5,
                    0,
                    0.5,
                    null,
                    0
                ],
                "updating": false
            }
        },
        "9": {
            "X": {
                "class": "CartConcept",
                "nice_chance": 1,
                "unnice_chance": 0.5,
                "mean_dist": [
                    0,
                    0.5917661893575963,
                    1,
                    null,
                    0.125
                ],
                "freqhood_dist": [
                    0,
                    0.35,
                    1,
                    null,
                    0.125
                ],
                "index_dist": [
                    0,
                    1,
                    1,
                    null,
                    0
                ],
                "unnice_dist": [
                    -0.5,
                    0,
                    0.5,
                    1,
                    0
                ],
                "updating": false
            }
        },
        "10": {
            "X": {
                "class": "CartConcept",
                "nice_chance": 0,
                "unnice_chance": 0.5,
                "mean_dist": [
                    0,
                    1,
                    1,
                    null,
                    0.125
                ],
                "freqhood_dist": [
                    0,
                    0.45,
                    1,
                    null,
                    0.125
                ],
                "index_dist": [
                    0,
                    1,
                    1,
                    null,
                    0
                ],
                "unnice_dist": [
                    -0.5,
                    0,
                    0.5,
                    null,
                    0
                ],
                "updating": true
            }
        },
        "11": {
            "X": {
                "class": "CartConcept",
                "nice_chance": 0,
                "unnice_chance": 0,
                "mean_dist": [
                    0,
                    0.5,
                    1,
                    null,
                    0
                ],
                "freqhood_dist": [
                    0,
                    0.45,
                    1,
                    null,
                    0
                ],
                "index_dist": [
                    0,
                    1,
                    1,
                    null,
                    0
                ],
                "unnice_dist": [
                    -0.5,
                    0,
                    0.5,
                    null,
                    0.125
                ],
                "updating": true
            }
        },
        "12": {
            "X": {
                "class": "CartConcept",
                "nice_chance": 1,
                "unnice_chance": 1,
                "mean_dist": [
                    0,
                    1,
                    1,
                    null,
                    0.125
                ],
                "freqhood_dist": [
                    0,
                    0.35,
                    1,
                    null,
                    0
                ],
                "index_dist": [
                    0,
                    1,
                    1,
                    null,
                    0
                ],
                "unnice_dist": [
                    -0.5,
                    0,
                    0.5,
                    null,
                    0
                ],
                "updating": true
            }
        },
        "13": {
            "X": {
                "class": "CartConcept",
                "nice_chance": 0.5113927504252631,
                "unnice_chance": 0,
                "mean_dist": [
                    0,
                    0.39390434757169523,
                    1,
                    null,
                    0
                ],
                "freqhood_dist": [
                    0,
                    0.35,
                    1,
                    null,
                    0.125
                ],
                "index_dist": [
                    0,
                    0,
                    1,
                    null,
                    0
                ],
                "unnice_dist": [
                    -0.5,
                    0.5,
                    0.5,
                    null,
                    0.125
                ],
                "updating": false
            }
        },
        "14": {
            "X": {
                "class": "CartConcept",
                "nice_chance": 1,
                "unnice_chance": 0,
                "mean_dist": [
                    0,
                    0.20272347186483541,
                    1,
                    null,
                    0.0016659839965476697
                ],
                "freqhood_dist": [
                    0,
                    0.35,
                    1,
                    null,
                    0.125
                ],
                "index_dist": [
                    0,
                    0.07170322560424214,
                    1,
                    null,
                    0
                ],
                "unnice_dist": [
                    -0.5,
                    0,
                    0.5,
                    0,
                    0
                ],
                "updating": true
            }
        },
        "15": {
            "X": {
                "class": "CartConcept",
                "nice_chance": 1,
                "unnice_chance": 0.5,
                "mean_dist": [
                    0,
                    1,
                    1,
                    0,
                    0
                ],
                "freqhood_dist": [
                    0,
                    0,
                    1,
                    null,
                    0
                ],
                "index_dist": [
                    0,
                    0,
                    1,
                    null,
                    0.125
                ],
                "unnice_dist": [
                    -0.5,
                    0.5,
                    0.5,
                    null,
                    0
                ],
                "updating": true
            }
        },
        "16": {
            "X": {
                "class": "CartConcept",
                "nice_chance": 0.5,
                "unnice_chance": 0.280107857981024,
                "mean_dist": [
                    0,
                    0,
                    1,
                    0,
                    0
                ],
                "freqhood_dist": [
                    0,
                    0,
                    1,
                    null,
                    0
                ],
                "index_dist": [
                    0,
                    0,
                    1,
                    null,
                    0
                ],
                "unnice_dist": [
                    -0.5,
                    -0.5,
                    0.5,
                    null,
                    0.11945774544450964
                ],
                "updating": true
            }
        },
        "17": {
            "X": {
                "class": "CartConcept",
                "nice_chance": 0,
                "unnice_chance": 0.5,
                "mean_dist": [
                    0,
                    0.5,
                    1,
                    null,
                    0
                ],
                "freqhood_dist": [
                    0,
                    0.45,
                    1,
                    null,
                    0.03801393365882303
                ],
                "index_dist": [
                    0,
                    0.11620278301969056,
                    1,
                    null,
                    0
                ],
                "unnice_dist": [
                    -0.5,
                    0.5,
                    0.5,
                    null,
                    0
                ],
                "updating": true
            }
        },
        "18": {
            "X": {
                "class": "CartConcept",
                "nice_chance": 1,
                "unnice_chance": 0,
                "mean_dist": [
                    0,
                    0,
                    1,
                    null,
                    0
                ],
                "freqhood_dist": [
                    0,
                    0.35,
                    1,
                    null,
                    0
                ],
                "index_dist": [
                    0,
                    0,
                    1,
                    null,
                    0.125
                ],
                "unnice_dist": [
                    -0.5,
                    0.5,
                    0.5,
                    0.5,
                    0
                ],
                "updating": false
            }
        },
        "19": {
            "X": {
                "class": "CartConcept",
                "nice_chance": 0.5,
                "unnice_chance": 0,
                "mean_dist": [
                    0,
                    0,
                    1,
                    null,
                    0
                ],
                "freqhood_dist": [
                    0,
                    0.35,
                    1,
                    null,
                    0.125
                ],
                "index_dist": [
                    0,
                    1,
                    1,
                    null,
                    0.125
                ],
                "unnice_dist": [
                    -0.5,
                    0,
                    0.5,
                    null,
                    0
                ],
                "updating": false
            }
        },
        "20": {
            "X": {
                "class": "CartConcept",
                "nice_chance": 0.5,
                "unnice_chance": 1,
                "mean_dist": [
                    0,
                    0.5,
                    1,
                    null,
                    0.125
                ],
                "freqhood_dist": [
                    0,
                    0.35,
                    1,
                    null,
                    0
                ],
                "index_dist": [
                    0,
                    1,
                    1,
                    null,
                    0.125
                ],
                "unnice_dist": [
                    -0.5,
                    -0.5,
                    0.5,
                    null,
                    0
                ],
                "updating": false
            }
        },
        "21": {
            "X": {
                "class": "CartConcept",
                "nice_chance": 1,
                "unnice_chance": 0,
                "mean_dist": [
                    0,
                    1,
                    1,
                    null,
                    0.125
                ],
                "freqhood_dist": [
                    0,
                    0.3055017744087388,
                    1,
                    null,
                    0
                ],
                "index_dist": [
                    0,
                    1,
                    1,
                    null,
                    0.9872041686775727
                ],
                "unnice_dist": [
                    -0.5,
                    0,
                    0.5,
                    null,
                    0.125
                ],
                "updating": true
            }
        },
        "22": {
            "X": {
                "class": "CartConcept",
                "nice_chance": 1,
                "unnice_chance": 0,
                "mean_dist": [
                    0,
                    1,
                    1,
                    null,
                    0.125
                ],
                "freqhood_dist": [
                    0,
                    0.35,
                    1,
                    null,
                    0
                ],
                "index_dist": [
                    0,
                    0,
                    1,
                    null,
                    0.125
                ],
                "unnice_dist": [
                    -0.5,
                    -0.5,
                    0.5,
                    1,
                    0
                ],
                "updating": false
            }
        },
        "23": {
            "X": {
                "class": "CartConcept",
                "nice_chance": 1,
                "unnice_chance": 1,
                "mean_dist": [
                    0,
                    0.5,
                    1,
                    null,
                    0
                ],
                "freqhood_dist": [
                    0,
                    0.45,
                    1,
                    null,
                    0.125
                ],
                "index_dist": [
                    0,
                    0.45457487787327056,
                    1,
                    null,
                    0.125
                ],
                "unnice_dist": [
                    -0.5,
                    0.5,
                    0.5,
                    null,
                    0
                ],
                "updating": false
            }
        },
        "24": {
            "X": {
                "class": "CartConcept",
                "nice_chance": 1,
                "unnice_chance": 1,
                "mean_dist": [
                    0,
                    1,
                    1,
                    null,
                    0
                ],
                "freqhood_dist": [
                    0,
                    0.45,
                    1,
                    null,
                    0
                ],
                "index_dist": [
                    0,
                    0,
                    1,
                    null,
                    0.125
                ],
                "unnice_dist": [
                    -0.5,
                    0.5,
                    0.5,
                    null,
                    0
                ],
                "updating": true
            }
        },
        "25": {
            "X": {
                "class": "CartConcept",
                "nice_chance": 1,
                "unnice_chance": 0.5,
                "mean_dist": [
                    0,
                    0.5,
                    1,
                    null,
                    0
                ],
                "freqhood_dist": [
                    0,
                    0,
                    1,
                    null,
                    0
                ],
                "index_dist": [
                    0,
                    0,
                    1,
                    null,
                    0
                ],
                "unnice_dist": [
                    -0.5,
                    -0.5,
                    0.5,
                    null,
                    0.125
                ],
                "updating": false
            }
        },
        "26": {
            "X": {
                "class": "CartConcept",
                "nice_chance": 0,
                "unnice_chance": 0,
                "mean_dist": [
                    0,
                    0.5,
                    1,
                    null,
                    0.125
                ],
                "freqhood_dist": [
                    0,
                    0,
                    1,
                    null,
                    0
                ],
                "index_dist": [
                    0,
                    1,
                    1,
                    null,
                    0
                ],
                "unnice_dist": [
                    -0.5,
                    0,
                    0.5,
                    null,
                    0
                ],
                "updating": false
            }
        },
        "27": {
            "X": {
                "class": "CartConcept",
                "nice_chance": 1,
                "unnice_chance": 1,
                "mean_dist": [
                    0,
                    0,
                    1,
                    null,
                    0
                ],
                "freqhood_dist": [
                    0,
                    0.9748705614415577,
                    1,
                    null,
                    0
                ],
                "index_dist": [
                    0,
                    1,
                    1,
                    null,
                    0
                ],
                "unnice_dist": [
                    -0.5,
                    0.5,
                    0.5,
                    null,
                    0.125
                ],
                "updating": true
            }
        },
        "28": {
            "X": {
                "class": "CartConcept",
                "nice_chance": 1,
                "unnice_chance": 0.23991086030913855,
                "mean_dist": [
                    0,
                    0.5,
                    1,
                    null,
                    0
                ],
                "freqhood_dist": [
                    0,
                    0.35,
                    1,
                    null,
                    0
                ],
                "index_dist": [
                    0,
                    1,
                    1,
                    null,
                    0.125
                ],
                "unnice_dist": [
                    -0.5,
                    0,
                    0.5,
                    1,
                    0
                ],
                "updating": false
            }
        },
        "29": {
            "X": {
                "class": "CartConcept",
                "nice_chance": 1,
                "unnice_chance": 1,
                "mean_dist": [
                    0,
                    0.5,
                    1,
                    null,
                    0
                ],
                "freqhood_dist": [
                    0,
                    0,
                    1,
                    1,
                    0
                ],
                "index_dist": [
                    0,
                    0,
                    1,
                    null,
                    0
                ],
                "unnice_dist": [
                    -0.5,
                    -0.5,
                    0.5,
                    null,
                    0.125
                ],
                "updating": true
            }
        },
        "30": {
            "Y": {
                "class": "CartConcept",
                "nice_chance": 0,
                "unnice_chance": 1,
                "mean_dist": [
                    0,
                    0,
                    1,
                    null,
                    0
                ],
                "freqhood_dist": [
                    0,
                    0.35,
                    1,
                    null,
                    0
                ],
                "index_dist": [
                    0,
                    1,
                    1,
                    null,
                    0
                ],
                "unnice_dist": [
                    -0.5,
                    0,
                    0.5,
                    null,
                    0
                ],
                "updating": true
            }
        },
        "31": {
            "Y": {
                "class": "CartConcept",
                "nice_chance": 0,
                "unnice_chance": 0.5,
                "mean_dist": [
                    0,
                    0.5,
                    1,
                    null,
                    0.125
                ],
                "freqhood_dist": [
                    0,
                    0.35,
                    1,
                    null,
                    0
                ],
                "index_dist": [
                    0,
                    1,
                    1,
                    null,
                    0
                ],
                "unnice_dist": [
                    -0.5,
                    -0.5,
                    0.5,
                    null,
                    0.125
                ],
                "updating": false
            }
        },
        "32": {
            "Y": {
                "class": "CartConcept",
                "nice_chance": 0.5,
                "unnice_chance": 1,
                "mean_dist": [
                    0,
                    0,
                    1,
                    null,
                    0.125
                ],
                "freqhood_dist": [
                    0,
                    0.7406787887913433,
                    1,
                    null,
                    0
                ],
                "index_dist": [
                    0,
                    1,
                    1,
                    0,
                    0
                ],
                "unnice_dist": [
                    -0.5,
                    0,
                    0.5,
                    null,
                    0.125
                ],
                "updating": true
            }
        },
        "33": {
            "Y": {
                "class": "CartConcept",
                "nice_chance": 1,
                "unnice_chance": 0.5,
                "mean_dist": [
                    0,
                    0.8701697369673917,
                    1,
                    null,
                    0
                ],
                "freqhood_dist": [
                    0,
                    0,
                    1,
                    null,
                    0
                ],
                "index_dist": [
                    0,
                    0,
                    1,
                    null,
                    0.125
                ],
                "unnice_dist": [
                    -0.5,
                    -0.5,
                    0.5,
                    null,
                    0.01086810680096164
                ],
                "updating": true
            }
        },
        "34": {
            "Y": {
                "class": "CartConcept",
                "nice_chance": 0,
                "unnice_chance": 0,
                "mean_dist": [
                    0,
                    0,
                    1,
                    null,
                    0
                ],
                "freqhood_dist": [
                    0,
                    0.35,
                    1,
                    null,
                    0.125
                ],
                "index_dist": [
                    0,
                    1,
                    1,
                    null,
                    0.125
                ],
                "unnice_dist": [
                    -0.5,
                    0,
                    0.5,
                    0,
                    0
                ],
                "updating": false
            }
        },
        "35": {
            "Y": {
                "class": "CartConcept",
                "nice_chance": 0,
                "unnice_chance": 0.28483044250263256,
                "mean_dist": [
                    0,
                    0.5,
                    1,
                    null,
                    0
                ],
                "freqhood_dist": [
                    0,
                    0.45,
                    1,
                    null,
                    0
                ],
                "index_dist": [
                    0,
                    0.36975876834255117,
                    1,
                    null,
                    0
                ],
                "unnice_dist": [
                    -0.5,
                    -0.5,
                    0.5,
                    null,
                    0.125
                ],
                "updating": true
            }
        },
        "36": {
            "Y": {
                "class": "CartConcept",
                "nice_chance": 0.5,
                "unnice_chance": 0.5,
                "mean_dist": [
                    0,
                    0.5,
                    1,
                    null,
                    0
                ],
                "freqhood_dist": [
                    0,
                    0.35,
                    1,
                    null,
                    0
                ],
                "index_dist": [
                    0,
                    1,
                    1,
                    null,
                    0.1127814043762462
                ],
                "unnice_dist": [
                    -0.5,
                    -0.5,
                    0.5,
                    null,
                    0
                ],
                "updating": true
            }
        },
        "37": {
            "Y": {
                "class": "CartConcept",
                "nice_chance": 0,
                "unnice_chance": 1,
                "mean_dist": [
                    0,
                    1,
                    1,
                    null,
                    0.125
                ],
                "freqhood_dist": [
                    0,
                    0.5223221368579938,
                    1,
                    null,
                    0
                ],
                "index_dist": [
                    0,
                    0,
                    1,
                    null,
                    0
                ],
                "unnice_dist": [
                    -0.5,
                    0,
                    0.5,
                    null,
                    0.125
                ],
                "updating": true
            }
        },
        "38": {
            "Y": {
                "class": "CartConcept",
                "nice_chance": 1,
                "unnice_chance": 0,
                "mean_dist": [
                    0,
                    1,
                    1,
                    null,
                    0
                ],
                "freqhood_dist": [
                    0,
                    0.5968455442603857,
                    1,
                    null,
                    0
                ],
                "index_dist": [
                    0,
                    0,
                    1,
                    null,
                    0
                ],
                "unnice_dist": [
                    -0.5,
                    0,
                    0.5,
                    null,
                    0.125
                ],
                "updating": false
            }
        },
        "39": {
            "Y": {
                "class": "CartConcept",
                "nice_chance": 0.5,
                "unnice_chance": 0,
                "mean_dist": [
                    0,
                    0.5,
                    1,
                    null,
                    0
                ],
                "freqhood_dist": [
                    0,
                    0,
                    1,
                    null,
                    0
                ],
                "index_dist": [
                    0,
                    1,
                    1,
                    1,
                    0
                ],
                "unnice_dist": [
                    -0.5,
                    0,
                    0.5,
                    null,
                    0
                ],
                "updating": false
            }
        },
        "40": {
            "Y": {
                "class": "CartConcept",
                "nice_chance": 0,
                "unnice_chance": 0.7214731905981282,
                "mean_dist": [
                    0,
                    0,
                    1,
                    null,
                    0
                ],
                "freqhood_dist": [
                    0,
                    0.45,
                    1,
                    null,
                    0.125
                ],
                "index_dist": [
                    0,
                    0,
                    1,
                    null,
                    0.125
                ],
                "unnice_dist": [
                    -0.5,
                    0,
                    0.5,
                    null,
                    0
                ],
                "updating": false
            }
        },
        "41": {
            "Y": {
                "class": "CartConcept",
                "nice_chance": 0,
                "unnice_chance": 0.5,
                "mean_dist": [
                    0,
                    1,
                    1,
                    null,
                    0.125
                ],
                "freqhood_dist": [
                    0,
                    0.45,
                    1,
                    null,
                    0
                ],
                "index_dist": [
                    0,
                    1,
                    1,
                    null,
                    0
                ],
                "unnice_dist": [
                    -0.5,
                    0.5,
                    0.5,
                    null,
                    0.125
                ],
                "updating": true
            }
        },
        "42": {
            "Y": {
                "class": "CartConcept",
                "nice_chance": 0.5,
                "unnice_chance": 0.19157704289952426,
                "mean_dist": [
                    0,
                    0,
                    1,
                    null,
                    0.125
                ],
                "freqhood_dist": [
                    0,
                    0.5073706778234675,
                    1,
                    null,
                    0.125
                ],
                "index_dist": [
                    0,
                    0,
                    1,
                    null,
                    0
                ],
                "unnice_dist": [
                    -0.5,
                    0.5,
                    0.5,
                    null,
                    0.125
                ],
                "updating": true
            }
        },
        "43": {
            "Y": {
                "class": "CartConcept",
                "nice_chance": 1,
                "unnice_chance": 0.5,
                "mean_dist": [
                    0,
                    1,
                    1,
                    0.8084978448603065,
                    0
                ],
                "freqhood_dist": [
                    0,
                    0.35,
                    1,
                    null,
                    0
                ],
                "index_dist": [
                    0,
                    0,
                    1,
                    null,
                    0.9292199864874238
                ],
                "unnice_dist": [
                    -0.5,
                    0.5,
                    0.5,
                    0,
                    0
                ],
                "updating": true
            }
        },
        "44": {
            "Y": {
                "class": "CartConcept",
                "nice_chance": 0,
                "unnice_chance": 1,
                "mean_dist": [
                    0,
                    0,
                    1,
                    null,
                    0.125
                ],
                "freqhood_dist": [
                    0,
                    0,
                    1,
                    0,
                    0.27051642701207584
                ],
                "index_dist": [
                    0,
                    1,
                    1,
                    null,
                    0.125
                ],
                "unnice_dist": [
                    -0.5,
                    0.5,
                    0.5,
                    null,
                    0
                ],
                "updating": true
            }
        },
        "45": {
            "Y": {
                "class": "CartConcept",
                "nice_chance": 1,
                "unnice_chance": 1,
                "mean_dist": [
                    0,
                    1,
                    1,
                    null,
                    0
                ],
                "freqhood_dist": [
                    0,
                    0.35,
                    1,
                    0.7450290897869539,
                    0.03214813808615761
                ],
                "index_dist": [
                    0,
                    0,
                    1,
                    null,
                    0.00513350809351124
                ],
                "unnice_dist": [
                    -0.5,
                    0,
                    0.5,
                    null,
                    0.125
                ],
                "updating": false
            }
        },
        "46": {
            "Y": {
                "class": "CartConcept",
                "nice_chance": 0,
                "unnice_chance": 1,
                "mean_dist": [
                    0,
                    1,
                    1,
                    null,
                    0.125
                ],
                "freqhood_dist": [
                    0,
                    0,
                    1,
                    0,
                    0
                ],
                "index_dist": [
                    0,
                    0,
                    1,
                    1,
                    0.125
                ],
                "unnice_dist": [
                    -0.5,
                    0,
                    0.5,
                    null,
                    0.16902982018623275
                ],
                "updating": false
            }
        },
        "47": {
            "Y": {
                "class": "CartConcept",
                "nice_chance": 0,
                "unnice_chance": 0.5,
                "mean_dist": [
                    0,
                    0,
                    1,
                    1,
                    0.012531650643306526
                ],
                "freqhood_dist": [
                    0,
                    0,
                    1,
                    1,
                    0.125
                ],
                "index_dist": [
                    0,
                    0,
                    1,
                    null,
                    0
                ],
                "unnice_dist": [
                    -0.5,
                    0,
                    0.5,
                    null,
                    0
                ],
                "updating": false
            }
        },
        "48": {
            "IT": {
                "class": "ItConcept",
                "iterance_0_dist": [
                    1,
                    18.89055923132285,
                    36.7811184626457,
                    null,
                    0.2679884199362455
                ],
                "iterance_1_dist": [
                    1,
                    32.734042603249165,
                    64.46808520649833,
                    null,
                    0.08
                ],
                "xlike_chance": 1
            }
        },
        "57": {
            "IT": {
                "class": "ItConcept",
                "iterance_0_dist": [
                    1,
                    32.734042603249165,
                    64.46808520649833,
                    null,
                    0
                ],
                "iterance_1_dist": [
                    1,
                    32.734042603249165,
                    64.46808520649833,
                    null,
                    0
                ],
                "xlike_chance": 1
            }
        },
        "72": {
            "IT": {
                "class": "ItConcept",
                "iterance_0_dist": [
                    16.840606432043604,
                    40.654345819270965,
                    64.46808520649833,
                    null,
                    0
                ],
                "iterance_1_dist": [
                    1,
                    1.0,
                    1,
                    null,
                    0
                ],
                "xlike_chance": 1
            }
        },
        "49": {
            "ARCFAN": {
                "class": "ArcfanConcept",
                "fc": {
                    "class": "FanConcept",
                    "shift_dist": [
                        -1,
                        1,
                        1,
                        null,
                        0.125
                    ],
                    "logweight_dist": [
                        -0.5,
                        0,
                        0,
                        0.5,
                        0.0012710540081445972
                    ]
                }
            }
        },
        "51": {
            "ARCFAN": {
                "class": "ArcfanConcept",
                "fc": {
                    "class": "FanConcept",
                    "shift_dist": [
                        -1,
                        0,
                        1,
                        null,
                        0
                    ],
                    "logweight_dist": [
                        0,
                        0,
                        1,
                        null,
                        0
                    ]
                }
            }
        },
        "52": {
            "ARCFAN": {
                "class": "ArcfanConcept",
                "fc": {
                    "class": "FanConcept",
                    "shift_dist": [
                        -1,
                        0,
                        1,
                        null,
                        0
                    ],
                    "logweight_dist": [
                        -7.067314362807288,
                        -6.914443371276233,
                        -6.414443371276233,
                        null,
                        0
                    ]
                }
            }
        },
        "58": {
            "ARCFAN": {
                "class": "ArcfanConcept",
                "fc": {
                    "class": "FanConcept",
                    "shift_dist": [
                        -1,
                        0,
                        1,
                        null,
                        0
                    ],
                    "logweight_dist": [
                        -0.5,
                        0,
                        1,
                        null,
                        0.125
                    ]
                }
            }
        },
        "60": {
            "ARCFAN": {
                "class": "ArcfanConcept",
                "fc": {
                    "class": "FanConcept",
                    "shift_dist": [
                        -1,
                        -1,
                        1,
                        null,
                        0
                    ],
                    "logweight_dist": [
                        5.015582371749918,
                        5.015582371749918,
                        6.015582371749918,
                        null,
                        0
                    ]
                }
            }
        },
        "61": {
            "ARCFAN": {
                "class": "ArcfanConcept",
                "fc": {
                    "class": "FanConcept",
                    "shift_dist": [
                        -1,
                        0,
                        1,
                        null,
                        0
                    ],
                    "logweight_dist": [
                        -0.5,
                        0,
                        4.9332729148794625,
                        null,
                        0.22208629019917878
                    ]
                }
            }
        },
        "64": {
            "ARCFAN": {
                "class": "ArcfanConcept",
                "fc": {
                    "class": "FanConcept",
                    "shift_dist": [
                        -1,
                        0,
                        1,
                        null,
                        0
                    ],
                    "logweight_dist": [
                        1.5310536930584888,
                        2.531053693058489,
                        3.031053693058489,
                        0,
                        0
                    ]
                }
            }
        },
        "68": {
            "ARCFAN": {
                "class": "ArcfanConcept",
                "fc": {
                    "class": "FanConcept",
                    "shift_dist": [
                        -1,
                        0,
                        1,
                        null,
                        0
                    ],
                    "logweight_dist": [
                        -1,
                        0,
                        0,
                        null,
                        0.125
                    ]
                }
            }
        },
        "69": {
            "ARCFAN": {
                "class": "ArcfanConcept",
                "fc": {
                    "class": "FanConcept",
                    "shift_dist": [
                        -1,
                        0,
                        1,
                        1,
                        0.12982197084515398
                    ],
                    "logweight_dist": [
                        -1,
                        0,
                        4.4885267837037865,
                        null,
                        0
                    ]
                }
            }
        },
        "70": {
            "ARCFAN": {
                "class": "ArcfanConcept",
                "fc": {
                    "class": "FanConcept",
                    "shift_dist": [
                        -1,
                        -1,
                        1,
                        0,
                        0
                    ],
                    "logweight_dist": [
                        -0.061882976201707574,
                        0,
                        0.5,
                        null,
                        0
                    ]
                }
            }
        },
        "73": {
            "ARCFAN": {
                "class": "ArcfanConcept",
                "fc": {
                    "class": "FanConcept",
                    "shift_dist": [
                        -1,
                        0,
                        1,
                        null,
                        0
                    ],
                    "logweight_dist": [
                        1.8204904734410112,
                        2.1703252474405303,
                        2.1703252474405303,
                        null,
                        0
                    ]
                }
            }
        },
        "80": {
            "ARCFAN": {
                "class": "ArcfanConcept",
                "fc": {
                    "class": "FanConcept",
                    "shift_dist": [
                        -1,
                        -1,
                        1,
                        0.5,
                        0.125
                    ],
                    "logweight_dist": [
                        -7.7279443980986535,
                        -7.7279443980986535,
                        -7.2279443980986535,
                        null,
                        0.125
                    ]
                }
            }
        },
        "82": {
            "ARCFAN": {
                "class": "ArcfanConcept",
                "fc": {
                    "class": "FanConcept",
                    "shift_dist": [
                        -1,
                        0,
                        1,
                        null,
                        0.125
                    ],
                    "logweight_dist": [
                        0,
                        0,
                        1,
                        null,
                        0.125
                    ]
                }
            }
        },
        "50": {
            "MINX": {
                "class": "MinxConcept",
                "maxing_chance": 0.5,
                "wc": {
                    "class": "WeightConcept",
                    "balanced_amt_dist": [
                        0,
                        1,
                        1,
                        null,
                        0
                    ],
                    "imbalanced_base_dist": [
                        0,
                        1,
                        5,
                        null,
                        0
                    ],
                    "reversing_chance": 1,
                    "shufflity_dist": [
                        0,
                        1,
                        1,
                        null,
                        0
                    ],
                    "starting_index_dist": [
                        0,
                        0,
                        1,
                        0,
                        0
                    ]
                }
            }
        },
        "55": {
            "MINX": {
                "class": "MinxConcept",
                "maxing_chance": 0,
                "wc": {
                    "class": "WeightConcept",
                    "balanced_amt_dist": [
                        0,
                        0.7034540294293209,
                        1,
                        null,
                        0
                    ],
                    "imbalanced_base_dist": [
                        0,
                        1.0301568515869124,
                        5,
                        null,
                        0
                    ],
                    "reversing_chance": 1,
                    "shufflity_dist": [
                        0,
                        1,
                        1,
                        null,
                        0
                    ],
                    "starting_index_dist": [
                        0,
                        0,
                        1,
                        null,
                        0
                    ]
                }
            }
        },
        "81": {
            "MINX": {
                "class": "MinxConcept",
                "maxing_chance": 0,
                "wc": {
                    "class": "WeightConcept",
                    "balanced_amt_dist": [
                        0,
                        1,
                        1,
                        null,
                        0
                    ],
                    "imbalanced_base_dist": [
                        0,
                        5,
                        5,
                        null,
                        0
                    ],
                    "reversing_chance": 0,
                    "shufflity_dist": [
                        0,
                        1,
                        1,
                        null,
                        0
                    ],
                    "starting_index_dist": [
                        0,
                        0,
                        1,
                        0,
                        0
                    ]
                }
            }
        },
        "53": {
            "SIN": {
                "class": "SinConcept",
                "wc": {
                    "class": "WaveConcept",
                    "nice_chance": 0,
                    "unnice_chance": 0.5,
                    "off_unnice_chance": 1,
                    "freqhood_dist": [
                        0,
                        0,
                        1,
                        null,
                        0
                    ],
                    "numerhood_dist": [
                        0,
                        0,
                        1,
                        null,
                        0
                    ],
                    "denomhood_dist": [
                        0,
                        0.45,
                        1,
                        null,
                        0
                    ],
                    "unnice_dist": [
                        -1,
                        0,
                        1,
                        null,
                        0
                    ],
                    "offreqhood_dist": [
                        0,
                        0.45,
                        1,
                        null,
                        0.125
                    ],
                    "offdex_dist": [
                        0,
                        0.5,
                        1,
                        null,
                        0
                    ],
                    "off_unnice_dist": [
                        -1,
                        -0.5,
                        1,
                        null,
                        0
                    ]
                }
            }
        },
        "56": {
            "SIN": {
                "class": "SinConcept",
                "wc": {
                    "class": "WaveConcept",
                    "nice_chance": 1,
                    "unnice_chance": 1,
                    "off_unnice_chance": 0,
                    "freqhood_dist": [
                        0,
                        0.35,
                        1,
                        null,
                        0
                    ],
                    "numerhood_dist": [
                        0,
                        0,
                        1,
                        1,
                        0
                    ],
                    "denomhood_dist": [
                        0,
                        0.35,
                        1,
                        null,
                        0
                    ],
                    "unnice_dist": [
                        -1,
                        0,
                        1,
                        null,
                        0
                    ],
                    "offreqhood_dist": [
                        0,
                        0,
                        1,
                        null,
                        0.20962905746059404
                    ],
                    "offdex_dist": [
                        0,
                        0.5,
                        1,
                        null,
                        0
                    ],
                    "off_unnice_dist": [
                        -1,
                        0,
                        1,
                        null,
                        0
                    ]
                }
            }
        },
        "78": {
            "SIN": {
                "class": "SinConcept",
                "wc": {
                    "class": "WaveConcept",
                    "nice_chance": 0.5,
                    "unnice_chance": 0.5,
                    "off_unnice_chance": 0,
                    "freqhood_dist": [
                        0,
                        0.45,
                        1,
                        null,
                        0.125
                    ],
                    "numerhood_dist": [
                        0,
                        0.8085343570946973,
                        1,
                        1,
                        0
                    ],
                    "denomhood_dist": [
                        0,
                        0.35,
                        1,
                        null,
                        0
                    ],
                    "unnice_dist": [
                        -1,
                        0.5,
                        1,
                        null,
                        0
                    ],
                    "offreqhood_dist": [
                        0,
                        0,
                        1,
                        null,
                        0
                    ],
                    "offdex_dist": [
                        0,
                        0.5,
                        1,
                        null,
                        0
                    ],
                    "off_unnice_dist": [
                        -1,
                        0,
                        1,
                        null,
                        0
                    ]
                }
            }
        },
        "54": {
            "SPIN": {
                "class": "SpinConcept",
                "wc": {
                    "class": "WaveConcept",
                    "nice_chance": 0.5,
                    "unnice_chance": 0,
                    "off_unnice_chance": 0,
                    "freqhood_dist": [
                        0,
                        0.01797925820654178,
                        1,
                        null,
                        0.125
                    ],
                    "numerhood_dist": [
                        0,
                        0.35,
                        1,
                        null,
                        0
                    ],
                    "denomhood_dist": [
                        0,
                        0,
                        1,
                        0,
                        0
                    ],
                    "unnice_dist": [
                        -1,
                        0,
                        1,
                        null,
                        0
                    ],
                    "offreqhood_dist": [
                        0,
                        0.35,
                        1,
                        null,
                        0.125
                    ],
                    "offdex_dist": [
                        0,
                        0,
                        1,
                        null,
                        0
                    ],
                    "off_unnice_dist": [
                        -1,
                        0.8988241928246778,
                        1,
                        null,
                        0
                    ]
                },
                "fc": {
                    "class": "FanConcept",
                    "shift_dist": [
                        -1,
                        1,
                        1,
                        null,
                        0.20608154144523944
                    ],
                    "logweight_dist": [
                        -1,
                        0,
                        0.5,
                        null,
                        0
                    ]
                },
                "antiwise_chance": 1,
                "armhood_dist": [
                    0,
                    0,
                    1,
                    null,
                    0.125
                ]
            }
        },
        "59": {
            "SPIN": {
                "class": "SpinConcept",
                "wc": {
                    "class": "WaveConcept",
                    "nice_chance": 0.5,
                    "unnice_chance": 1,
                    "off_unnice_chance": 0,
                    "freqhood_dist": [
                        0,
                        0,
                        1,
                        0.5,
                        0.125
                    ],
                    "numerhood_dist": [
                        0,
                        0,
                        1,
                        null,
                        0
                    ],
                    "denomhood_dist": [
                        0,
                        0,
                        1,
                        null,
                        0
                    ],
                    "unnice_dist": [
                        -1,
                        0,
                        1,
                        null,
                        0
                    ],
                    "offreqhood_dist": [
                        0,
                        0.35,
                        1,
                        0.5965009839562911,
                        0.125
                    ],
                    "offdex_dist": [
                        0,
                        0.8984079053578485,
                        1,
                        null,
                        0
                    ],
                    "off_unnice_dist": [
                        -1,
                        -0.5,
                        1,
                        null,
                        0
                    ]
                },
                "fc": {
                    "class": "FanConcept",
                    "shift_dist": [
                        -1,
                        0.25891456753856845,
                        1,
                        null,
                        0
                    ],
                    "logweight_dist": [
                        0,
                        0,
                        0,
                        null,
                        0.125
                    ]
                },
                "antiwise_chance": 0,
                "armhood_dist": [
                    0,
                    0.5,
                    1,
                    null,
                    0.125
                ]
            }
        },
        "65": {
            "SPIN": {
                "class": "SpinConcept",
                "wc": {
                    "class": "WaveConcept",
                    "nice_chance": 1,
                    "unnice_chance": 0,
                    "off_unnice_chance": 1,
                    "freqhood_dist": [
                        0,
                        0.01797925820654178,
                        1,
                        null,
                        0
                    ],
                    "numerhood_dist": [
                        0,
                        0,
                        1,
                        null,
                        0
                    ],
                    "denomhood_dist": [
                        0,
                        0.35,
                        1,
                        0.5,
                        0
                    ],
                    "unnice_dist": [
                        -1,
                        -0.5,
                        1,
                        0.5,
                        0
                    ],
                    "offreqhood_dist": [
                        0,
                        0.646058422032115,
                        1,
                        null,
                        0
                    ],
                    "offdex_dist": [
                        0,
                        0.5,
                        1,
                        null,
                        0
                    ],
                    "off_unnice_dist": [
                        -1,
                        0,
                        1,
                        0.5,
                        0
                    ]
                },
                "fc": {
                    "class": "FanConcept",
                    "shift_dist": [
                        -1,
                        1,
                        1,
                        null,
                        0.125
                    ],
                    "logweight_dist": [
                        -1,
                        0,
                        0,
                        null,
                        0.11426462718395196
                    ]
                },
                "antiwise_chance": 0,
                "armhood_dist": [
                    0,
                    0,
                    1,
                    null,
                    0.125
                ]
            }
        },
        "71": {
            "SPIN": {
                "class": "SpinConcept",
                "wc": {
                    "class": "WaveConcept",
                    "nice_chance": 1,
                    "unnice_chance": 0,
                    "off_unnice_chance": 0,
                    "freqhood_dist": [
                        0,
                        0,
                        1,
                        0.5,
                        0.125
                    ],
                    "numerhood_dist": [
                        0,
                        0,
                        1,
                        null,
                        0
                    ],
                    "denomhood_dist": [
                        0,
                        0.45,
                        1,
                        null,
                        0
                    ],
                    "unnice_dist": [
                        -1,
                        -0.27588863027245003,
                        1,
                        null,
                        0
                    ],
                    "offreqhood_dist": [
                        0,
                        0.646058422032115,
                        1,
                        null,
                        0
                    ],
                    "offdex_dist": [
                        0,
                        0.5,
                        1,
                        null,
                        0
                    ],
                    "off_unnice_dist": [
                        -1,
                        0.5,
                        1,
                        null,
                        0
                    ]
                },
                "fc": {
                    "class": "FanConcept",
                    "shift_dist": [
                        -1,
                        1,
                        1,
                        null,
                        0
                    ],
                    "logweight_dist": [
                        -0.5,
                        0,
                        0,
                        null,
                        0.125
                    ]
                },
                "antiwise_chance": 0,
                "armhood_dist": [
                    0,
                    0,
                    1,
                    null,
                    0
                ]
            }
        },
        "74": {
            "SPIN": {
                "class": "SpinConcept",
                "wc": {
                    "class": "WaveConcept",
                    "nice_chance": 0.5,
                    "unnice_chance": 0.5,
                    "off_unnice_chance": 0.5,
                    "freqhood_dist": [
                        0,
                        0.01797925820654178,
                        1,
                        null,
                        0.125
                    ],
                    "numerhood_dist": [
                        0,
                        0.35,
                        1,
                        null,
                        0
                    ],
                    "denomhood_dist": [
                        0,
                        0.35,
                        1,
                        null,
                        0
                    ],
                    "unnice_dist": [
                        -1,
                        -0.5,
                        1,
                        null,
                        0
                    ],
                    "offreqhood_dist": [
                        0,
                        0.45,
                        1,
                        null,
                        0
                    ],
                    "offdex_dist": [
                        0,
                        0.8984079053578485,
                        1,
                        null,
                        0
                    ],
                    "off_unnice_dist": [
                        -1,
                        0,
                        1,
                        null,
                        0
                    ]
                },
                "fc": {
                    "class": "FanConcept",
                    "shift_dist": [
                        -1,
                        1,
                        1,
                        null,
                        0
                    ],
                    "logweight_dist": [
                        0,
                        0,
                        0.5,
                        null,
                        0.125
                    ]
                },
                "antiwise_chance": 0,
                "armhood_dist": [
                    0,
                    0,
                    1,
                    null,
                    0
                ]
            }
        },
        "76": {
            "SPIN": {
                "class": "SpinConcept",
                "wc": {
                    "class": "WaveConcept",
                    "nice_chance": 0,
                    "unnice_chance": 0,
                    "off_unnice_chance": 0,
                    "freqhood_dist": [
                        0,
                        0,
                        1,
                        null,
                        0.20029128712419306
                    ],
                    "numerhood_dist": [
                        0,
                        0.45,
                        1,
                        null,
                        0
                    ],
                    "denomhood_dist": [
                        0,
                        0.35,
                        1,
                        null,
                        0
                    ],
                    "unnice_dist": [
                        -1,
                        -0.5,
                        1,
                        0.5,
                        0
                    ],
                    "offreqhood_dist": [
                        0,
                        0.35,
                        1,
                        null,
                        0.125
                    ],
                    "offdex_dist": [
                        0,
                        0,
                        1,
                        null,
                        0
                    ],
                    "off_unnice_dist": [
                        -1,
                        0,
                        1,
                        null,
                        0
                    ]
                },
                "fc": {
                    "class": "FanConcept",
                    "shift_dist": [
                        -1,
                        -1,
                        1,
                        null,
                        0
                    ],
                    "logweight_dist": [
                        0,
                        0,
                        0.5,
                        null,
                        0
                    ]
                },
                "antiwise_chance": 1,
                "armhood_dist": [
                    0,
                    0.5,
                    1,
                    null,
                    0
                ]
            }
        },
        "77": {
            "SPIN": {
                "class": "SpinConcept",
                "wc": {
                    "class": "WaveConcept",
                    "nice_chance": 0,
                    "unnice_chance": 0.8166703399830045,
                    "off_unnice_chance": 0.5,
                    "freqhood_dist": [
                        0,
                        0,
                        1,
                        null,
                        0
                    ],
                    "numerhood_dist": [
                        0,
                        0.45,
                        1,
                        null,
                        0
                    ],
                    "denomhood_dist": [
                        0,
                        0,
                        1,
                        null,
                        0
                    ],
                    "unnice_dist": [
                        -1,
                        0,
                        1,
                        null,
                        0
                    ],
                    "offreqhood_dist": [
                        0,
                        0.45,
                        1,
                        null,
                        0
                    ],
                    "offdex_dist": [
                        0,
                        0,
                        1,
                        1,
                        0
                    ],
                    "off_unnice_dist": [
                        -1,
                        0,
                        1,
                        null,
                        0
                    ]
                },
                "fc": {
                    "class": "FanConcept",
                    "shift_dist": [
                        -1,
                        0,
                        1,
                        null,
                        0
                    ],
                    "logweight_dist": [
                        -0.3223100093910655,
                        0,
                        5.839568897861323,
                        null,
                        0.125
                    ]
                },
                "antiwise_chance": 0.6639672606072334,
                "armhood_dist": [
                    0,
                    0,
                    1,
                    null,
                    0.125
                ]
            }
        },
        "62": {
            "AMEAN": {
                "class": "AmeanConcept",
                "wc": {
                    "class": "WeightConcept",
                    "balanced_amt_dist": [
                        0,
                        0.32485809530672893,
                        1,
                        null,
                        0
                    ],
                    "imbalanced_base_dist": [
                        0,
                        1,
                        5,
                        null,
                        0
                    ],
                    "reversing_chance": 0.35052361722272374,
                    "shufflity_dist": [
                        0,
                        1,
                        1,
                        null,
                        0
                    ],
                    "starting_index_dist": [
                        0,
                        0,
                        1,
                        null,
                        0
                    ]
                }
            }
        },
        "63": {
            "GMEAN": null
        },
        "66": {
            "GMEAN": null
        },
        "83": {
            "GMEAN": null
        },
        "67": {
            "RAND": {
                "class": "RandConcept",
                "freqhood_dist": [
                    0,
                    0.7938897320578825,
                    1,
                    null,
                    0.125
                ],
                "squarity_dist": [
                    0,
                    0,
                    1,
                    null,
                    0
                ]
            }
        },
        "75": {
            "POWER": {
                "class": "PowerConcept",
                "weighing_base_chance": 0.5,
                "base_weight_dist": [
                    0,
                    1,
                    1,
                    null,
                    0
                ],
                "exp_weight_dist": [
                    0,
                    1,
                    1,
                    null,
                    0
                ],
                "exp_lifthood_dist": [
                    0,
                    0,
                    1,
                    null,
                    0
                ]
            }
        },
        "79": {
            "POW": {
                "class": "PowConcept",
                "logex_dist": [
                    2.4563123791934096,
                    2.4563123791934096,
                    6.247452720378045,
                    null,
                    0
                ]
            }
        }
    },
    "correlator": [
        {
            "class": "Correlation",
            "isotopeID_0": 59,
            "element_0": "SPIN",
            "param_index_0": 1,
            "isotopeID_1": 65,
            "element_1": "SPIN",
            "param_index_1": 2,
            "relation_c": 0,
            "relation_r": 0,
            "strength": 0.5339155512054152
        },
        {
            "class": "Correlation",
            "isotopeID_0": 40,
            "element_0": "Y",
            "param_index_0": 0,
            "isotopeID_1": 24,
            "element_1": "X",
            "param_index_1": 0,
            "relation_c": 0,
            "relation_r": 0,
            "strength": 0.4530565291507169
        },
        {
            "class": "Correlation",
            "isotopeID_0": 71,
            "element_0": "SPIN",
            "param_index_0": 4,
            "isotopeID_1": 26,
            "element_1": "X",
            "param_index_1": 0,
            "relation_c": 0,
            "relation_r": 0,
            "strength": -0.8070960665290623
        },
        {
            "class": "Correlation",
            "isotopeID_0": 65,
            "element_0": "SPIN",
            "param_index_0": 3,
            "isotopeID_1": 61,
            "element_1": "ARCFAN",
            "param_index_1": 0,
            "relation_c": 0,
            "relation_r": 0,
            "strength": -0.9476746931004387
        },
        {
            "class": "Correlation",
            "isotopeID_0": 77,
            "element_0": "SPIN",
            "param_index_0": 0,
            "isotopeID_1": 52,
            "element_1": "ARCFAN",
            "param_index_1": 0,
            "relation_c": 0,
            "relation_r": 0,
            "strength": -0.2853523434270535
        },
        {
            "class": "Correlation",
            "isotopeID_0": 55,
            "element_0": "MINX",
            "param_index_0": 0,
            "isotopeID_1": 77,
            "element_1": "SPIN",
            "param_index_1": 4,
            "relation_c": 0,
            "relation_r": 0,
            "strength": -0.14121015922936841
        },
        {
            "class": "Correlation",
            "isotopeID_0": 58,
            "element_0": "ARCFAN",
            "param_index_0": 1,
            "isotopeID_1": 19,
            "element_1": "X",
            "param_index_1": 0,
            "relation_c": 0,
            "relation_r": 0,
            "strength": 0.49822918340068956
        },
        {
            "class": "Correlation",
            "isotopeID_0": 74,
            "element_0": "SPIN",
            "param_index_0": 2,
            "isotopeID_1": 49,
            "element_1": "ARCFAN",
            "param_index_1": 0,
            "relation_c": 0,
            "relation_r": 0,
            "strength": -0.1346368203545545
        },
        {
            "class": "Correlation",
            "isotopeID_0": 73,
            "element_0": "ARCFAN",
            "param_index_0": 1,
            "isotopeID_1": 9,
            "element_1": "X",
            "param_index_1": 0,
            "relation_c": 0,
            "relation_r": 0,
            "strength": -0.9364277172616942
        },
        {
            "class": "Correlation",
            "isotopeID_0": 64,
            "element_0": "ARCFAN",
            "param_index_0": 0,
            "isotopeID_1": 59,
            "element_1": "SPIN",
            "param_index_1": 0,
            "relation_c": 0,
            "relation_r": 0,
            "strength": -0.3496354236896846
        },
        {
            "class": "Correlation",
            "isotopeID_0": 38,
            "element_0": "Y",
            "param_index_0": 0,
            "isotopeID_1": 79,
            "element_1": "POW",
            "param_index_1": 0,
            "relation_c": 0,
            "relation_r": 0,
            "strength": -0.8649508480522219
        },
        {
            "class": "Correlation",
            "isotopeID_0": 71,
            "element_0": "SPIN",
            "param_index_0": 0,
            "isotopeID_1": 54,
            "element_1": "SPIN",
            "param_index_1": 4,
            "relation_c": 4,
            "relation_r": 0,
            "strength": -0.28451770223525297
        },
        {
            "class": "Correlation",
            "isotopeID_0": 49,
            "element_0": "ARCFAN",
            "param_index_0": 1,
            "isotopeID_1": 71,
            "element_1": "SPIN",
            "param_index_1": 2,
            "relation_c": 0,
            "relation_r": 0,
            "strength": 0.7740145450850202
        },
        {
            "class": "Correlation",
            "isotopeID_0": 14,
            "element_0": "X",
            "param_index_0": 0,
            "isotopeID_1": 60,
            "element_1": "ARCFAN",
            "param_index_1": 0,
            "relation_c": 0,
            "relation_r": -4,
            "strength": -0.3505060646820912
        },
        {
            "class": "Correlation",
            "isotopeID_0": 59,
            "element_0": "SPIN",
            "param_index_0": 4,
            "isotopeID_1": 50,
            "element_1": "MINX",
            "param_index_1": 0,
            "relation_c": 0,
            "relation_r": 0,
            "strength": 0.8491146749275404
        },
        {
            "class": "Correlation",
            "isotopeID_0": 41,
            "element_0": "Y",
            "param_index_0": 0,
            "isotopeID_1": 75,
            "element_1": "POWER",
            "param_index_1": 0,
            "relation_c": 0,
            "relation_r": 0,
            "strength": -0.7431415817013902
        },
        {
            "class": "Correlation",
            "isotopeID_0": 52,
            "element_0": "ARCFAN",
            "param_index_0": 1,
            "isotopeID_1": 12,
            "element_1": "X",
            "param_index_1": 0,
            "relation_c": 0,
            "relation_r": 3,
            "strength": 0.014686516978959618
        },
        {
            "class": "Correlation",
            "isotopeID_0": 54,
            "element_0": "SPIN",
            "param_index_0": 2,
            "isotopeID_1": 77,
            "element_1": "SPIN",
            "param_index_1": 3,
            "relation_c": 0,
            "relation_r": 0,
            "strength": -0.4613930268830593
        },
        {
            "class": "Correlation",
            "isotopeID_0": 13,
            "element_0": "X",
            "param_index_0": 0,
            "isotopeID_1": 54,
            "element_1": "SPIN",
            "param_index_1": 3,
            "relation_c": 0,
            "relation_r": 0,
            "strength": 0.49885571120927796
        },
        {
            "class": "Correlation",
            "isotopeID_0": 65,
            "element_0": "SPIN",
            "param_index_0": 0,
            "isotopeID_1": 51,
            "element_1": "ARCFAN",
            "param_index_1": 1,
            "relation_c": 0,
            "relation_r": 0,
            "strength": -0.42051058238062544
        },
        {
            "class": "Correlation",
            "isotopeID_0": 67,
            "element_0": "RAND",
            "param_index_0": 1,
            "isotopeID_1": 17,
            "element_1": "X",
            "param_index_1": 0,
            "relation_c": 0,
            "relation_r": 0,
            "strength": 0.7706228842320404
        },
        {
            "class": "Correlation",
            "isotopeID_0": 30,
            "element_0": "Y",
            "param_index_0": 0,
            "isotopeID_1": 18,
            "element_1": "X",
            "param_index_1": 0,
            "relation_c": 0,
            "relation_r": 0,
            "strength": 0.175398304716881
        },
        {
            "class": "Correlation",
            "isotopeID_0": 68,
            "element_0": "ARCFAN",
            "param_index_0": 0,
            "isotopeID_1": 81,
            "element_1": "MINX",
            "param_index_1": 0,
            "relation_c": 0,
            "relation_r": -2,
            "strength": 0.6341133466285764
        },
        {
            "class": "Correlation",
            "isotopeID_0": 74,
            "element_0": "SPIN",
            "param_index_0": 0,
            "isotopeID_1": 36,
            "element_1": "Y",
            "param_index_1": 0,
            "relation_c": 0,
            "relation_r": 0,
            "strength": -0.7813800334978513
        },
        {
            "class": "Correlation",
            "isotopeID_0": 67,
            "element_0": "RAND",
            "param_index_0": 0,
            "isotopeID_1": 69,
            "element_1": "ARCFAN",
            "param_index_1": 0,
            "relation_c": 0,
            "relation_r": 0,
            "strength": -0.3405447421808443
        },
        {
            "class": "Correlation",
            "isotopeID_0": 8,
            "element_0": "X",
            "param_index_0": 0,
            "isotopeID_1": 65,
            "element_1": "SPIN",
            "param_index_1": 4,
            "relation_c": 0,
            "relation_r": 0,
            "strength": 0.6245734909344269
        },
        {
            "class": "Correlation",
            "isotopeID_0": 59,
            "element_0": "SPIN",
            "param_index_0": 2,
            "isotopeID_1": 56,
            "element_1": "SIN",
            "param_index_1": 1,
            "relation_c": 0,
            "relation_r": 0,
            "strength": 0.14705392813822948
        },
        {
            "class": "Correlation",
            "isotopeID_0": 39,
            "element_0": "Y",
            "param_index_0": 0,
            "isotopeID_1": 32,
            "element_1": "Y",
            "param_index_1": 0,
            "relation_c": 0,
            "relation_r": 0,
            "strength": -0.7619563970202772
        },
        {
            "class": "Correlation",
            "isotopeID_0": 56,
            "element_0": "SIN",
            "param_index_0": 0,
            "isotopeID_1": 71,
            "element_1": "SPIN",
            "param_index_1": 3,
            "relation_c": 0,
            "relation_r": 0,
            "strength": 0.5605234694366477
        },
        {
            "class": "Correlation",
            "isotopeID_0": 70,
            "element_0": "ARCFAN",
            "param_index_0": 1,
            "isotopeID_1": 46,
            "element_1": "Y",
            "param_index_1": 0,
            "relation_c": 0,
            "relation_r": 0,
            "strength": -0.45558840571286763
        },
        {
            "class": "Correlation",
            "isotopeID_0": 22,
            "element_0": "X",
            "param_index_0": 0,
            "isotopeID_1": 76,
            "element_1": "SPIN",
            "param_index_1": 0,
            "relation_c": 0,
            "relation_r": 0,
            "strength": -0.21984205642595822
        },
        {
            "class": "Correlation",
            "isotopeID_0": 70,
            "element_0": "ARCFAN",
            "param_index_0": 0,
            "isotopeID_1": 68,
            "element_1": "ARCFAN",
            "param_index_1": 1,
            "relation_c": 0,
            "relation_r": 1,
            "strength": 0.2382200567866053
        },
        {
            "class": "Correlation",
            "isotopeID_0": 74,
            "element_0": "SPIN",
            "param_index_0": 1,
            "isotopeID_1": 76,
            "element_1": "SPIN",
            "param_index_1": 1,
            "relation_c": 0,
            "relation_r": 0,
            "strength": 0.3454033207303635
        },
        {
            "class": "Correlation",
            "isotopeID_0": 76,
            "element_0": "SPIN",
            "param_index_0": 3,
            "isotopeID_1": 45,
            "element_1": "Y",
            "param_index_1": 0,
            "relation_c": 0,
            "relation_r": 0,
            "strength": -0.1199495446076948
        },
        {
            "class": "Correlation",
            "isotopeID_0": 80,
            "element_0": "ARCFAN",
            "param_index_0": 0,
            "isotopeID_1": 54,
            "element_1": "SPIN",
            "param_index_1": 1,
            "relation_c": 0,
            "relation_r": 0,
            "strength": -0.1766719872981377
        },
        {
            "class": "Correlation",
            "isotopeID_0": 61,
            "element_0": "ARCFAN",
            "param_index_0": 1,
            "isotopeID_1": 76,
            "element_1": "SPIN",
            "param_index_1": 4,
            "relation_c": 0,
            "relation_r": 0,
            "strength": -0.5677802819208246
        },
        {
            "class": "Correlation",
            "isotopeID_0": 25,
            "element_0": "X",
            "param_index_0": 0,
            "isotopeID_1": 65,
            "element_1": "SPIN",
            "param_index_1": 1,
            "relation_c": 0,
            "relation_r": 0,
            "strength": -0.08164847514966467
        },
        {
            "class": "Correlation",
            "isotopeID_0": 71,
            "element_0": "SPIN",
            "param_index_0": 1,
            "isotopeID_1": 42,
            "element_1": "Y",
            "param_index_1": 0,
            "relation_c": 0,
            "relation_r": 0,
            "strength": 0.16449723744361822
        },
        {
            "class": "Correlation",
            "isotopeID_0": 59,
            "element_0": "SPIN",
            "param_index_0": 3,
            "isotopeID_1": 64,
            "element_1": "ARCFAN",
            "param_index_1": 1,
            "relation_c": 0,
            "relation_r": 0,
            "strength": -0.6622857802738689
        },
        {
            "class": "Correlation",
            "isotopeID_0": 16,
            "element_0": "X",
            "param_index_0": 0,
            "isotopeID_1": 29,
            "element_1": "X",
            "param_index_1": 0,
            "relation_c": 0,
            "relation_r": 1,
            "strength": 0.9637382256874829
        },
        {
            "class": "Correlation",
            "isotopeID_0": 35,
            "element_0": "Y",
            "param_index_0": 0,
            "isotopeID_1": 44,
            "element_1": "Y",
            "param_index_1": 0,
            "relation_c": 0,
            "relation_r": 0,
            "strength": 0.5786383203205947
        },
        {
            "class": "Correlation",
            "isotopeID_0": 47,
            "element_0": "Y",
            "param_index_0": 0,
            "isotopeID_1": 51,
            "element_1": "ARCFAN",
            "param_index_1": 0,
            "relation_c": 0,
            "relation_r": 0,
            "strength": -0.6645840196934618
        },
        {
            "class": "Correlation",
            "isotopeID_0": 54,
            "element_0": "SPIN",
            "param_index_0": 0,
            "isotopeID_1": 82,
            "element_1": "ARCFAN",
            "param_index_1": 0,
            "relation_c": 0,
            "relation_r": 0,
            "strength": -0.9827746967138904
        },
        {
            "class": "Correlation",
            "isotopeID_0": 74,
            "element_0": "SPIN",
            "param_index_0": 3,
            "isotopeID_1": 34,
            "element_1": "Y",
            "param_index_1": 0,
            "relation_c": 0,
            "relation_r": 0,
            "strength": 0.2125405252958814
        },
        {
            "class": "Correlation",
            "isotopeID_0": 82,
            "element_0": "ARCFAN",
            "param_index_0": 1,
            "isotopeID_1": 15,
            "element_1": "X",
            "param_index_1": 0,
            "relation_c": 0,
            "relation_r": 0,
            "strength": -0.608015987325683
        },
        {
            "class": "Correlation",
            "isotopeID_0": 78,
            "element_0": "SIN",
            "param_index_0": 1,
            "isotopeID_1": 77,
            "element_1": "SPIN",
            "param_index_1": 2,
            "relation_c": 0,
            "relation_r": 0,
            "strength": -0.9387240752566537
        },
        {
            "class": "Correlation",
            "isotopeID_0": 69,
            "element_0": "ARCFAN",
            "param_index_0": 1,
            "isotopeID_1": 11,
            "element_1": "X",
            "param_index_1": 0,
            "relation_c": 0,
            "relation_r": 0,
            "strength": -0.18126161921471096
        },
        {
            "class": "Correlation",
            "isotopeID_0": 20,
            "element_0": "X",
            "param_index_0": 0,
            "isotopeID_1": 58,
            "element_1": "ARCFAN",
            "param_index_1": 0,
            "relation_c": 0,
            "relation_r": 0,
            "strength": -0.6112517995615416
        },
        {
            "class": "Correlation",
            "isotopeID_0": 37,
            "element_0": "Y",
            "param_index_0": 0,
            "isotopeID_1": 76,
            "element_1": "SPIN",
            "param_index_1": 2,
            "relation_c": 0,
            "relation_r": 0,
            "strength": -0.9655163041993386
        }
    ],
    "calmer": {
        "class": "Calmer",
        "hue_dist": [
            0,
            0,
            1,
            0.979017541160791,
            0
        ],
        "sat_dist": [
            0,
            0,
            1,
            0.5784063571592806,
            0.08
        ],
        "val_dist": [
            0,
            0,
            1,
            0.9876884969213512,
            0.08
        ],
        "pal_dist": [
            0,
            0.7913437674660183,
            2,
            0.21723872931088184,
            0.3900177618159543
        ],
        "gradience_dd": [
            [
                0,
                0.504292348370873,
                1,
                0.5669150155105009,
                0.011499822112955313
            ],
            0.0001304365262203645,
            0.0010298578483760776,
            [
                0,
                0.39090310842790854,
                1,
                0.7654486462875947,
                3.8738269425414556e-05
            ],
            8.426919966401647e-06,
            1.3440312315593275e-05
        ],
        "unarm_dist": [
            0,
            0.6763466776615393,
            1,
            0.12597602156519117,
            0.037008158409601415
        ],
        "unaim_dist": [
            1,
            18.14419228412322,
            20,
            0.49361560129023596,
            0.03653011251976564
        ]
    }
}