{
    "class": "Version",
    "prism": [
        6,
        8.626948482662186,
        20.5,
        0.5086490204048616,
        0.08
    ],
    "puddle": {
        "class": "Puddle",
        "hue_dirtiness_dist": [
            0.9272546173279912,
            0.9407904076935355,
            0.9458343651590182,
            0.3744123206592016,
            0.697702863687981
        ],
        "sat_dirtiness_dist": [
            0.8695449290667547,
            0.9107844500946161,
            0.9116165899735375,
            0.08629235193889184,
            0.031713356594320105
        ],
        "val_dirtiness_dist": [
            0.9199817901477981,
            0.9697592596031903,
            1.0891542740975528,
            0.7922137637912026,
            0.07180207569756607
        ],
        "hue_stillness_dist": [
            0.006963276526337308,
            0.04041813701866269,
            0.04816038665904659,
            0.3158622332087735,
            0.7566999413100565
        ],
        "sat_stillness_dist": [
            0.01902548460515442,
            0.029369428109747797,
            0.03690256012986602,
            0.5152546245973302,
            0.2610904514021439
        ],
        "val_stillness_dist": [
            0.04580553462958343,
            0.09289341137746929,
            0.10198913231406713,
            0.43692243142646947,
            0.02107858849206525
        ]
    },
    "pasteller": {
        "class": "Pasteller",
        "frac_mid": 0.1518933782862632,
        "amt_sharp": 0.5393378656428641
    },
    "permuter": [
        15.007788766525902,
        16.083880557172602,
        16.3904200615629,
        0.05712352806472698,
        0.014408638620641286
    ],
    "procession": 1.4541563726095883,
    "controller": {
        "9": {
            "class": "Control",
            "submute": [],
            "constraint": 0.9839243139425798
        },
        "11": {
            "class": "Control",
            "submute": [],
            "constraint": 0.9999986484820192
        },
        "12": {
            "class": "Control",
            "submute": [],
            "constraint": 0.9677425207479277
        },
        "13": {
            "class": "Control",
            "submute": [],
            "constraint": 0.9999954691901755
        },
        "15": {
            "class": "Control",
            "submute": [],
            "constraint": 0.7964843853269977
        },
        "16": {
            "class": "Control",
            "submute": [],
            "constraint": 0.9596404895218676
        },
        "17": {
            "class": "Control",
            "submute": [],
            "constraint": 0.8199346678220211
        },
        "18": {
            "class": "Control",
            "submute": [],
            "constraint": 0.9391258723985259
        },
        "21": {
            "class": "Control",
            "submute": [],
            "constraint": 0.9999563318620172
        },
        "22": {
            "class": "Control",
            "submute": [],
            "constraint": 0.9960131063667321
        },
        "23": {
            "class": "Control",
            "submute": [],
            "constraint": 0.464406828421952
        },
        "24": {
            "class": "Control",
            "submute": [],
            "constraint": 0.03836911450334346
        },
        "25": {
            "class": "Control",
            "submute": [],
            "constraint": 0.13618820975818524
        },
        "26": {
            "class": "Control",
            "submute": [
                0,
                1
            ],
            "constraint": 0.2993044483665177
        },
        "29": {
            "class": "Control",
            "submute": [
                1,
                0
            ],
            "constraint": 0.990117195973341
        },
        "30": {
            "class": "Control",
            "submute": [
                0
            ],
            "constraint": 0.9629870588710902
        },
        "31": {
            "class": "Control",
            "submute": [
                0
            ],
            "constraint": 0.9988481951465215
        },
        "32": {
            "class": "Control",
            "submute": [
                3,
                0,
                1,
                3,
                4,
                2
            ],
            "constraint": 0.9757977810190441
        },
        "33": {
            "class": "Control",
            "submute": [
                0
            ],
            "constraint": 0.7499131081011619
        },
        "34": {
            "class": "Control",
            "submute": [
                1,
                0
            ],
            "constraint": 0.5716479681310718
        },
        "36": {
            "class": "Control",
            "submute": [
                0,
                0
            ],
            "constraint": 0.9999944273404908
        },
        "37": {
            "class": "Control",
            "submute": [
                0,
                0
            ],
            "constraint": 0.9875741920153657
        },
        "38": {
            "class": "Control",
            "submute": [
                0,
                1,
                2
            ],
            "constraint": 0.7637096422899956
        },
        "39": {
            "class": "Control",
            "submute": [
                0
            ],
            "constraint": 0.9999976218403736
        },
        "41": {
            "class": "Control",
            "submute": [
                0
            ],
            "constraint": 0.94426073625875
        },
        "43": {
            "class": "Control",
            "submute": [
                1,
                1,
                1,
                1
            ],
            "constraint": 0.6220564679334273
        },
        "44": {
            "class": "Control",
            "submute": [
                1,
                1
            ],
            "constraint": 0.7649015471120211
        },
        "45": {
            "class": "Control",
            "submute": [
                0,
                0
            ],
            "constraint": 0.40732674343916
        },
        "46": {
            "class": "Control",
            "submute": [
                1,
                1
            ],
            "constraint": 0.29191417291980026
        },
        "47": {
            "class": "Control",
            "submute": [
                1,
                0
            ],
            "constraint": 0.9222919811896828
        },
        "48": {
            "class": "Control",
            "submute": [
                0
            ],
            "constraint": 0.9998141329962791
        },
        "50": {
            "class": "Control",
            "submute": [
                1,
                0,
                1
            ],
            "constraint": 0.9849380421689002
        }
    },
    "conceiver": {
        "8": {
            "X": {
                "class": "CartConcept",
                "nice_chance": 0,
                "unnice_chance": 0,
                "mean_dist": [
                    0,
                    1,
                    1,
                    0,
                    0
                ],
                "freqhood_dist": [
                    0,
                    0,
                    1,
                    null,
                    0
                ],
                "index_dist": [
                    0,
                    1,
                    1,
                    null,
                    0.125
                ],
                "unnice_dist": [
                    -0.5,
                    -0.5,
                    0.5,
                    null,
                    0
                ],
                "updating": false
            }
        },
        "9": {
            "X": {
                "class": "CartConcept",
                "nice_chance": 0.5171563060845877,
                "unnice_chance": 1,
                "mean_dist": [
                    0,
                    0,
                    1,
                    null,
                    0.125
                ],
                "freqhood_dist": [
                    0,
                    0.45,
                    1,
                    null,
                    0
                ],
                "index_dist": [
                    0,
                    1,
                    1,
                    null,
                    0
                ],
                "unnice_dist": [
                    -0.5,
                    0,
                    0.5,
                    null,
                    0
                ],
                "updating": false
            }
        },
        "10": {
            "X": {
                "class": "CartConcept",
                "nice_chance": 1,
                "unnice_chance": 0.5,
                "mean_dist": [
                    0,
                    0,
                    1,
                    null,
                    0
                ],
                "freqhood_dist": [
                    0,
                    0,
                    1,
                    null,
                    0
                ],
                "index_dist": [
                    0,
                    1,
                    1,
                    1,
                    0
                ],
                "unnice_dist": [
                    -0.5,
                    -0.5,
                    0.5,
                    null,
                    0
                ],
                "updating": false
            }
        },
        "11": {
            "X": {
                "class": "CartConcept",
                "nice_chance": 1,
                "unnice_chance": 0,
                "mean_dist": [
                    0,
                    1,
                    1,
                    0.5,
                    0
                ],
                "freqhood_dist": [
                    0,
                    0,
                    1,
                    null,
                    0
                ],
                "index_dist": [
                    0,
                    1,
                    1,
                    null,
                    0
                ],
                "unnice_dist": [
                    -0.5,
                    -0.5,
                    0.5,
                    0,
                    0
                ],
                "updating": true
            }
        },
        "12": {
            "X": {
                "class": "CartConcept",
                "nice_chance": 0,
                "unnice_chance": 1,
                "mean_dist": [
                    0,
                    1,
                    1,
                    null,
                    0.125
                ],
                "freqhood_dist": [
                    0,
                    0,
                    1,
                    null,
                    0
                ],
                "index_dist": [
                    0,
                    0,
                    1,
                    0.5,
                    0.11700215261624464
                ],
                "unnice_dist": [
                    -0.5,
                    -0.5,
                    0.5,
                    0,
                    0
                ],
                "updating": false
            }
        },
        "13": {
            "X": {
                "class": "CartConcept",
                "nice_chance": 1,
                "unnice_chance": 1,
                "mean_dist": [
                    0,
                    0,
                    1,
                    1,
                    0.125
                ],
                "freqhood_dist": [
                    0,
                    0.35,
                    1,
                    null,
                    0.125
                ],
                "index_dist": [
                    0,
                    0,
                    1,
                    null,
                    0.125
                ],
                "unnice_dist": [
                    -0.5,
                    0.5,
                    0.5,
                    null,
                    0.125
                ],
                "updating": true
            }
        },
        "14": {
            "X": {
                "class": "CartConcept",
                "nice_chance": 0.5,
                "unnice_chance": 0,
                "mean_dist": [
                    0,
                    0.5,
                    1,
                    null,
                    0.125
                ],
                "freqhood_dist": [
                    0,
                    0.35,
                    1,
                    null,
                    0
                ],
                "index_dist": [
                    0,
                    0,
                    1,
                    null,
                    0
                ],
                "unnice_dist": [
                    -0.5,
                    0.5,
                    0.5,
                    null,
                    0
                ],
                "updating": true
            }
        },
        "15": {
            "X": {
                "class": "CartConcept",
                "nice_chance": 1,
                "unnice_chance": 0.5,
                "mean_dist": [
                    0,
                    0.11253320058052685,
                    1,
                    null,
                    0
                ],
                "freqhood_dist": [
                    0,
                    0.45,
                    1,
                    null,
                    0
                ],
                "index_dist": [
                    0,
                    0,
                    1,
                    null,
                    0
                ],
                "unnice_dist": [
                    -0.5,
                    0,
                    0.5,
                    null,
                    0
                ],
                "updating": false
            }
        },
        "16": {
            "X": {
                "class": "CartConcept",
                "nice_chance": 1,
                "unnice_chance": 1,
                "mean_dist": [
                    0,
                    0.5,
                    1,
                    1,
                    0
                ],
                "freqhood_dist": [
                    0,
                    0,
                    1,
                    1,
                    0
                ],
                "index_dist": [
                    0,
                    1,
                    1,
                    0.5,
                    0.125
                ],
                "unnice_dist": [
                    -0.5,
                    0.5,
                    0.5,
                    null,
                    0
                ],
                "updating": false
            }
        },
        "17": {
            "Y": {
                "class": "CartConcept",
                "nice_chance": 0.5,
                "unnice_chance": 1,
                "mean_dist": [
                    0,
                    1,
                    1,
                    null,
                    0
                ],
                "freqhood_dist": [
                    0,
                    0.45,
                    1,
                    null,
                    0.125
                ],
                "index_dist": [
                    0,
                    1,
                    1,
                    0.5,
                    0.125
                ],
                "unnice_dist": [
                    -0.5,
                    -0.5,
                    0.5,
                    1,
                    0
                ],
                "updating": true
            }
        },
        "18": {
            "Y": {
                "class": "CartConcept",
                "nice_chance": 0.5,
                "unnice_chance": 1,
                "mean_dist": [
                    0,
                    1,
                    1,
                    0.5,
                    0
                ],
                "freqhood_dist": [
                    0,
                    0,
                    1,
                    null,
                    0.125
                ],
                "index_dist": [
                    0,
                    0,
                    1,
                    null,
                    0
                ],
                "unnice_dist": [
                    -0.5,
                    0,
                    0.5,
                    null,
                    0
                ],
                "updating": true
            }
        },
        "19": {
            "Y": {
                "class": "CartConcept",
                "nice_chance": 1,
                "unnice_chance": 1,
                "mean_dist": [
                    0,
                    1,
                    1,
                    0,
                    0.125
                ],
                "freqhood_dist": [
                    0,
                    0,
                    1,
                    null,
                    0.125
                ],
                "index_dist": [
                    0,
                    1,
                    1,
                    0,
                    0
                ],
                "unnice_dist": [
                    -0.5,
                    0,
                    0.5,
                    null,
                    0
                ],
                "updating": false
            }
        },
        "20": {
            "Y": {
                "class": "CartConcept",
                "nice_chance": 0.3134631466982323,
                "unnice_chance": 0.5,
                "mean_dist": [
                    0,
                    0,
                    1,
                    1,
                    0
                ],
                "freqhood_dist": [
                    0,
                    0.45,
                    1,
                    0.5,
                    0
                ],
                "index_dist": [
                    0,
                    1,
                    1,
                    null,
                    0
                ],
                "unnice_dist": [
                    -0.5,
                    0,
                    0.5,
                    null,
                    0
                ],
                "updating": false
            }
        },
        "21": {
            "Y": {
                "class": "CartConcept",
                "nice_chance": 1,
                "unnice_chance": 0,
                "mean_dist": [
                    0,
                    0,
                    1,
                    null,
                    0
                ],
                "freqhood_dist": [
                    0,
                    0.35,
                    1,
                    null,
                    0
                ],
                "index_dist": [
                    0,
                    0,
                    1,
                    0.5,
                    0
                ],
                "unnice_dist": [
                    -0.5,
                    0,
                    0.5,
                    null,
                    0
                ],
                "updating": false
            }
        },
        "22": {
            "Y": {
                "class": "CartConcept",
                "nice_chance": 0,
                "unnice_chance": 0,
                "mean_dist": [
                    0,
                    0,
                    1,
                    null,
                    0
                ],
                "freqhood_dist": [
                    0,
                    0.35,
                    1,
                    null,
                    0.125
                ],
                "index_dist": [
                    0,
                    0,
                    1,
                    1,
                    0
                ],
                "unnice_dist": [
                    -0.5,
                    0,
                    0.5,
                    null,
                    0
                ],
                "updating": true
            }
        },
        "23": {
            "Y": {
                "class": "CartConcept",
                "nice_chance": 1,
                "unnice_chance": 1,
                "mean_dist": [
                    0,
                    1,
                    1,
                    null,
                    0
                ],
                "freqhood_dist": [
                    0,
                    0.35,
                    1,
                    null,
                    0.125
                ],
                "index_dist": [
                    0,
                    1,
                    1,
                    null,
                    0
                ],
                "unnice_dist": [
                    -0.5,
                    0.5,
                    0.5,
                    null,
                    0
                ],
                "updating": true
            }
        },
        "24": {
            "Y": {
                "class": "CartConcept",
                "nice_chance": 1,
                "unnice_chance": 0.5,
                "mean_dist": [
                    0,
                    0.5,
                    1,
                    1,
                    0
                ],
                "freqhood_dist": [
                    0,
                    0,
                    1,
                    0.5,
                    0.125
                ],
                "index_dist": [
                    0,
                    1,
                    1,
                    0,
                    0
                ],
                "unnice_dist": [
                    -0.5,
                    0.5,
                    0.5,
                    0,
                    0
                ],
                "updating": false
            }
        },
        "25": {
            "Y": {
                "class": "CartConcept",
                "nice_chance": 1,
                "unnice_chance": 0.5,
                "mean_dist": [
                    0,
                    1,
                    1,
                    null,
                    0
                ],
                "freqhood_dist": [
                    0,
                    0.45,
                    1,
                    null,
                    0.125
                ],
                "index_dist": [
                    0,
                    0.9897435168589875,
                    1,
                    null,
                    0.125
                ],
                "unnice_dist": [
                    -0.5,
                    0,
                    0.5,
                    null,
                    0.125
                ],
                "updating": false
            }
        },
        "26": {
            "MINX": {
                "class": "MinxConcept",
                "maxing_chance": 0,
                "wc": {
                    "class": "WeightConcept",
                    "balanced_amt_dist": [
                        0,
                        1,
                        1,
                        null,
                        0
                    ],
                    "imbalanced_base_dist": [
                        0,
                        5,
                        5,
                        null,
                        0
                    ],
                    "reversing_chance": 0,
                    "shufflity_dist": [
                        0,
                        0,
                        1,
                        null,
                        0
                    ],
                    "starting_index_dist": [
                        0,
                        0,
                        1,
                        0.5,
                        0
                    ]
                }
            }
        },
        "47": {
            "MINX": {
                "class": "MinxConcept",
                "maxing_chance": 0,
                "wc": {
                    "class": "WeightConcept",
                    "balanced_amt_dist": [
                        0,
                        1,
                        1,
                        0.5,
                        0
                    ],
                    "imbalanced_base_dist": [
                        0,
                        0.2,
                        5,
                        null,
                        0
                    ],
                    "reversing_chance": 1,
                    "shufflity_dist": [
                        0,
                        0.10149433110936669,
                        1,
                        null,
                        0
                    ],
                    "starting_index_dist": [
                        0,
                        0,
                        1,
                        1,
                        0
                    ]
                }
            }
        },
        "50": {
            "MINX": {
                "class": "MinxConcept",
                "maxing_chance": 0.06339653577298798,
                "wc": {
                    "class": "WeightConcept",
                    "balanced_amt_dist": [
                        0,
                        1,
                        1,
                        null,
                        0
                    ],
                    "imbalanced_base_dist": [
                        0,
                        1,
                        5,
                        null,
                        0
                    ],
                    "reversing_chance": 1,
                    "shufflity_dist": [
                        0,
                        0,
                        1,
                        0,
                        0
                    ],
                    "starting_index_dist": [
                        0,
                        0,
                        1,
                        null,
                        0
                    ]
                }
            }
        },
        "27": {
            "ARCFAN": {
                "class": "ArcfanConcept",
                "fc": {
                    "class": "FanConcept",
                    "shift_dist": [
                        -1,
                        -1,
                        1,
                        null,
                        0
                    ],
                    "logweight_dist": [
                        -1.8540321137287188,
                        0,
                        0,
                        null,
                        0
                    ]
                }
            }
        },
        "33": {
            "ARCFAN": {
                "class": "ArcfanConcept",
                "fc": {
                    "class": "FanConcept",
                    "shift_dist": [
                        -1,
                        1,
                        1,
                        null,
                        0.125
                    ],
                    "logweight_dist": [
                        -0.5,
                        0,
                        0,
                        null,
                        0.1391827308951953
                    ]
                }
            }
        },
        "28": {
            "IT": {
                "class": "ItConcept",
                "iterance_0_dist": [
                    1,
                    20.8260162182696,
                    40.6520324365392,
                    null,
                    0.08
                ],
                "iterance_1_dist": [
                    1,
                    1.0,
                    1,
                    1,
                    0.08
                ],
                "xlike_chance": 0
            }
        },
        "36": {
            "IT": {
                "class": "ItConcept",
                "iterance_0_dist": [
                    1,
                    1.0,
                    1,
                    0,
                    0.08
                ],
                "iterance_1_dist": [
                    1,
                    1.0,
                    1,
                    1,
                    0.08
                ],
                "xlike_chance": 0.5
            }
        },
        "38": {
            "IT": {
                "class": "ItConcept",
                "iterance_0_dist": [
                    1,
                    1.0,
                    1,
                    1,
                    0
                ],
                "iterance_1_dist": [
                    1,
                    1.0,
                    1,
                    null,
                    0
                ],
                "xlike_chance": 0.5
            }
        },
        "29": {
            "POWER": {
                "class": "PowerConcept",
                "weighing_base_chance": 1,
                "base_weight_dist": [
                    0,
                    0.4378679978696348,
                    1,
                    null,
                    0
                ],
                "exp_weight_dist": [
                    0,
                    1,
                    1,
                    null,
                    0
                ],
                "exp_lifthood_dist": [
                    0,
                    0,
                    1,
                    null,
                    0
                ]
            }
        },
        "34": {
            "POWER": {
                "class": "PowerConcept",
                "weighing_base_chance": 0,
                "base_weight_dist": [
                    0,
                    0.4378679978696348,
                    1,
                    null,
                    0
                ],
                "exp_weight_dist": [
                    0,
                    1,
                    1,
                    null,
                    0
                ],
                "exp_lifthood_dist": [
                    0,
                    0,
                    1,
                    null,
                    0
                ]
            }
        },
        "37": {
            "POWER": {
                "class": "PowerConcept",
                "weighing_base_chance": 0,
                "base_weight_dist": [
                    0,
                    1,
                    1,
                    null,
                    0
                ],
                "exp_weight_dist": [
                    0,
                    1,
                    1,
                    0,
                    0
                ],
                "exp_lifthood_dist": [
                    0,
                    0,
                    1,
                    0.5,
                    0
                ]
            }
        },
        "39": {
            "POWER": {
                "class": "PowerConcept",
                "weighing_base_chance": 0.5,
                "base_weight_dist": [
                    0,
                    1,
                    1,
                    null,
                    0
                ],
                "exp_weight_dist": [
                    0,
                    0.4409903471343455,
                    1,
                    null,
                    0
                ],
                "exp_lifthood_dist": [
                    0,
                    0,
                    1,
                    null,
                    0
                ]
            }
        },
        "41": {
            "POWER": {
                "class": "PowerConcept",
                "weighing_base_chance": 0,
                "base_weight_dist": [
                    0,
                    0.4378679978696348,
                    1,
                    null,
                    0
                ],
                "exp_weight_dist": [
                    0,
                    1,
                    1,
                    null,
                    0
                ],
                "exp_lifthood_dist": [
                    0,
                    0,
                    1,
                    0,
                    0
                ]
            }
        },
        "30": {
            "RAND": {
                "class": "RandConcept",
                "freqhood_dist": [
                    0,
                    0,
                    1,
                    null,
                    0
                ],
                "squarity_dist": [
                    0,
                    1,
                    1,
                    null,
                    0
                ]
            }
        },
        "44": {
            "RAND": {
                "class": "RandConcept",
                "freqhood_dist": [
                    0,
                    0,
                    1,
                    null,
                    0.125
                ],
                "squarity_dist": [
                    0,
                    0.5,
                    1,
                    null,
                    0
                ]
            }
        },
        "51": {
            "RAND": {
                "class": "RandConcept",
                "freqhood_dist": [
                    0,
                    0.45,
                    1,
                    null,
                    0.125
                ],
                "squarity_dist": [
                    0,
                    0.7361250511398214,
                    1,
                    null,
                    0
                ]
            }
        },
        "31": {
            "SPIN": {
                "class": "SpinConcept",
                "wc": {
                    "class": "WaveConcept",
                    "nice_chance": 0,
                    "unnice_chance": 1,
                    "off_unnice_chance": 0.5,
                    "freqhood_dist": [
                        0,
                        0,
                        1,
                        null,
                        0
                    ],
                    "numerhood_dist": [
                        0,
                        0,
                        1,
                        0.5,
                        0
                    ],
                    "denomhood_dist": [
                        0,
                        0.0016179712793157894,
                        1,
                        null,
                        0
                    ],
                    "unnice_dist": [
                        -1,
                        -0.5,
                        1,
                        null,
                        0
                    ],
                    "offreqhood_dist": [
                        0,
                        0.35,
                        1,
                        null,
                        0
                    ],
                    "offdex_dist": [
                        0,
                        0.5,
                        1,
                        null,
                        0
                    ],
                    "off_unnice_dist": [
                        -1,
                        -0.5,
                        1,
                        null,
                        0
                    ]
                },
                "fc": {
                    "class": "FanConcept",
                    "shift_dist": [
                        -1,
                        0,
                        1,
                        null,
                        0
                    ],
                    "logweight_dist": [
                        -0.5,
                        0,
                        0,
                        null,
                        0
                    ]
                },
                "antiwise_chance": 0.5,
                "armhood_dist": [
                    0,
                    0,
                    1,
                    null,
                    0.125
                ]
            }
        },
        "32": {
            "SPIN": {
                "class": "SpinConcept",
                "wc": {
                    "class": "WaveConcept",
                    "nice_chance": 0,
                    "unnice_chance": 0,
                    "off_unnice_chance": 0,
                    "freqhood_dist": [
                        0,
                        0.45,
                        1,
                        0,
                        0.125
                    ],
                    "numerhood_dist": [
                        0,
                        0.45,
                        1,
                        1,
                        0
                    ],
                    "denomhood_dist": [
                        0,
                        0.45,
                        1,
                        null,
                        0
                    ],
                    "unnice_dist": [
                        -1,
                        0,
                        1,
                        null,
                        0
                    ],
                    "offreqhood_dist": [
                        0,
                        0.35,
                        1,
                        null,
                        0
                    ],
                    "offdex_dist": [
                        0,
                        1,
                        1,
                        null,
                        0
                    ],
                    "off_unnice_dist": [
                        -1,
                        -0.5,
                        1,
                        null,
                        0
                    ]
                },
                "fc": {
                    "class": "FanConcept",
                    "shift_dist": [
                        -1,
                        -1,
                        1,
                        0.5,
                        0.3673171016833845
                    ],
                    "logweight_dist": [
                        -1,
                        0,
                        0,
                        null,
                        0
                    ]
                },
                "antiwise_chance": 0,
                "armhood_dist": [
                    0,
                    0.5,
                    1,
                    null,
                    0.125
                ]
            }
        },
        "40": {
            "SPIN": {
                "class": "SpinConcept",
                "wc": {
                    "class": "WaveConcept",
                    "nice_chance": 0,
                    "unnice_chance": 0.5,
                    "off_unnice_chance": 0.5,
                    "freqhood_dist": [
                        0,
                        0.45,
                        1,
                        0.5,
                        0.125
                    ],
                    "numerhood_dist": [
                        0,
                        0.45,
                        1,
                        1,
                        0
                    ],
                    "denomhood_dist": [
                        0,
                        0,
                        1,
                        null,
                        0
                    ],
                    "unnice_dist": [
                        -1,
                        -0.5,
                        1,
                        null,
                        0
                    ],
                    "offreqhood_dist": [
                        0,
                        0.35,
                        1,
                        null,
                        0
                    ],
                    "offdex_dist": [
                        0,
                        1,
                        1,
                        1,
                        0
                    ],
                    "off_unnice_dist": [
                        -1,
                        0.5,
                        1,
                        0,
                        0
                    ]
                },
                "fc": {
                    "class": "FanConcept",
                    "shift_dist": [
                        -1,
                        0,
                        1,
                        null,
                        0
                    ],
                    "logweight_dist": [
                        4.7019755572656905,
                        5.7019755572656905,
                        6.7019755572656905,
                        null,
                        0
                    ]
                },
                "antiwise_chance": 0,
                "armhood_dist": [
                    0,
                    0,
                    1,
                    null,
                    0.125
                ]
            }
        },
        "42": {
            "SPIN": {
                "class": "SpinConcept",
                "wc": {
                    "class": "WaveConcept",
                    "nice_chance": 0.5,
                    "unnice_chance": 0,
                    "off_unnice_chance": 0.5,
                    "freqhood_dist": [
                        0,
                        0.45,
                        1,
                        null,
                        0.125
                    ],
                    "numerhood_dist": [
                        0,
                        0.35,
                        1,
                        1,
                        0
                    ],
                    "denomhood_dist": [
                        0,
                        0.45,
                        1,
                        null,
                        0
                    ],
                    "unnice_dist": [
                        -1,
                        0,
                        1,
                        0,
                        0
                    ],
                    "offreqhood_dist": [
                        0,
                        0.35,
                        1,
                        null,
                        0
                    ],
                    "offdex_dist": [
                        0,
                        0.5,
                        1,
                        null,
                        0
                    ],
                    "off_unnice_dist": [
                        -1,
                        -0.5,
                        1,
                        null,
                        0
                    ]
                },
                "fc": {
                    "class": "FanConcept",
                    "shift_dist": [
                        -1,
                        0,
                        1,
                        null,
                        0
                    ],
                    "logweight_dist": [
                        -1,
                        0,
                        1,
                        null,
                        0
                    ]
                },
                "antiwise_chance": 0,
                "armhood_dist": [
                    0,
                    0.5,
                    1,
                    null,
                    0.125
                ]
            }
        },
        "43": {
            "SPIN": {
                "class": "SpinConcept",
                "wc": {
                    "class": "WaveConcept",
                    "nice_chance": 0,
                    "unnice_chance": 0,
                    "off_unnice_chance": 0.5,
                    "freqhood_dist": [
                        0,
                        0.35,
                        1,
                        0.5,
                        0.125
                    ],
                    "numerhood_dist": [
                        0,
                        0.35,
                        1,
                        1,
                        0
                    ],
                    "denomhood_dist": [
                        0,
                        0.35,
                        1,
                        null,
                        0
                    ],
                    "unnice_dist": [
                        -1,
                        0.5,
                        1,
                        null,
                        0
                    ],
                    "offreqhood_dist": [
                        0,
                        0.35,
                        1,
                        null,
                        0.125
                    ],
                    "offdex_dist": [
                        0,
                        0.5,
                        1,
                        0,
                        0
                    ],
                    "off_unnice_dist": [
                        -1,
                        0,
                        1,
                        null,
                        0
                    ]
                },
                "fc": {
                    "class": "FanConcept",
                    "shift_dist": [
                        -1,
                        0,
                        1,
                        null,
                        0
                    ],
                    "logweight_dist": [
                        -0.5,
                        0,
                        0,
                        null,
                        0
                    ]
                },
                "antiwise_chance": 0,
                "armhood_dist": [
                    0,
                    0.5,
                    1,
                    null,
                    0
                ]
            }
        },
        "46": {
            "SPIN": {
                "class": "SpinConcept",
                "wc": {
                    "class": "WaveConcept",
                    "nice_chance": 1,
                    "unnice_chance": 0,
                    "off_unnice_chance": 0,
                    "freqhood_dist": [
                        0,
                        0.35,
                        1,
                        0.5,
                        0.125
                    ],
                    "numerhood_dist": [
                        0,
                        0.35,
                        1,
                        null,
                        0
                    ],
                    "denomhood_dist": [
                        0,
                        0,
                        1,
                        null,
                        0
                    ],
                    "unnice_dist": [
                        -1,
                        0.5,
                        1,
                        1,
                        0
                    ],
                    "offreqhood_dist": [
                        0,
                        0,
                        1,
                        null,
                        0
                    ],
                    "offdex_dist": [
                        0,
                        0.5,
                        1,
                        1,
                        0
                    ],
                    "off_unnice_dist": [
                        -1,
                        -0.5,
                        1,
                        0,
                        0
                    ]
                },
                "fc": {
                    "class": "FanConcept",
                    "shift_dist": [
                        -1,
                        1,
                        1,
                        0.5,
                        0
                    ],
                    "logweight_dist": [
                        -3.768356276009139,
                        0,
                        0,
                        null,
                        0.125
                    ]
                },
                "antiwise_chance": 1,
                "armhood_dist": [
                    0,
                    0,
                    1,
                    null,
                    0.125
                ]
            }
        },
        "49": {
            "SPIN": {
                "class": "SpinConcept",
                "wc": {
                    "class": "WaveConcept",
                    "nice_chance": 0,
                    "unnice_chance": 0.5,
                    "off_unnice_chance": 0,
                    "freqhood_dist": [
                        0,
                        0.45,
                        1,
                        null,
                        4.596700252015891e-05
                    ],
                    "numerhood_dist": [
                        0,
                        0.45,
                        1,
                        0.5,
                        0
                    ],
                    "denomhood_dist": [
                        0,
                        0.45,
                        1,
                        0.5,
                        0
                    ],
                    "unnice_dist": [
                        -1,
                        0,
                        1,
                        0.5,
                        0
                    ],
                    "offreqhood_dist": [
                        0,
                        0.35,
                        1,
                        null,
                        0
                    ],
                    "offdex_dist": [
                        0,
                        0,
                        1,
                        null,
                        0
                    ],
                    "off_unnice_dist": [
                        -1,
                        -0.5,
                        1,
                        0,
                        0
                    ]
                },
                "fc": {
                    "class": "FanConcept",
                    "shift_dist": [
                        -1,
                        0,
                        1,
                        null,
                        0
                    ],
                    "logweight_dist": [
                        -1,
                        0,
                        0,
                        null,
                        0.125
                    ]
                },
                "antiwise_chance": 0,
                "armhood_dist": [
                    0,
                    0.5,
                    1,
                    null,
                    0.125
                ]
            }
        },
        "35": {
            "INV": null
        },
        "48": {
            "INV": null
        },
        "45": {
            "SIN": {
                "class": "SinConcept",
                "wc": {
                    "class": "WaveConcept",
                    "nice_chance": 0,
                    "unnice_chance": 0,
                    "off_unnice_chance": 0,
                    "freqhood_dist": [
                        0,
                        0.45,
                        1,
                        null,
                        0.125
                    ],
                    "numerhood_dist": [
                        0,
                        0,
                        1,
                        0.5,
                        0
                    ],
                    "denomhood_dist": [
                        0,
                        0,
                        1,
                        null,
                        0
                    ],
                    "unnice_dist": [
                        -1,
                        -0.5,
                        1,
                        null,
                        0
                    ],
                    "offreqhood_dist": [
                        0,
                        0,
                        1,
                        null,
                        0
                    ],
                    "offdex_dist": [
                        0,
                        0,
                        1,
                        null,
                        0
                    ],
                    "off_unnice_dist": [
                        -1,
                        0,
                        1,
                        null,
                        0
                    ]
                }
            }
        },
        "52": {
            "POW": {
                "class": "PowConcept",
                "logex_dist": [
                    1,
                    1,
                    1,
                    null,
                    0
                ]
            }
        }
    },
    "correlator": [
        {
            "class": "Correlation",
            "isotopeID_0": 19,
            "element_0": "Y",
            "param_index_0": 0,
            "isotopeID_1": 24,
            "element_1": "Y",
            "param_index_1": 0,
            "relation_c": 2,
            "relation_r": 0,
            "strength": -0.3741049514430572
        },
        {
            "class": "Correlation",
            "isotopeID_0": 27,
            "element_0": "ARCFAN",
            "param_index_0": 0,
            "isotopeID_1": 45,
            "element_1": "SIN",
            "param_index_1": 1,
            "relation_c": 0,
            "relation_r": 0,
            "strength": -0.24920713998174415
        },
        {
            "class": "Correlation",
            "isotopeID_0": 17,
            "element_0": "Y",
            "param_index_0": 0,
            "isotopeID_1": 30,
            "element_1": "RAND",
            "param_index_1": 0,
            "relation_c": 0,
            "relation_r": 0,
            "strength": 0.9694924204475963
        },
        {
            "class": "Correlation",
            "isotopeID_0": 9,
            "element_0": "X",
            "param_index_0": 0,
            "isotopeID_1": 43,
            "element_1": "SPIN",
            "param_index_1": 0,
            "relation_c": 0,
            "relation_r": 0,
            "strength": -0.24689139476608313
        },
        {
            "class": "Correlation",
            "isotopeID_0": 40,
            "element_0": "SPIN",
            "param_index_0": 3,
            "isotopeID_1": 42,
            "element_1": "SPIN",
            "param_index_1": 4,
            "relation_c": 0,
            "relation_r": 0,
            "strength": 0.09049406446773922
        },
        {
            "class": "Correlation",
            "isotopeID_0": 37,
            "element_0": "POWER",
            "param_index_0": 0,
            "isotopeID_1": 32,
            "element_1": "SPIN",
            "param_index_1": 1,
            "relation_c": 0,
            "relation_r": 0,
            "strength": -0.25807649297687374
        },
        {
            "class": "Correlation",
            "isotopeID_0": 40,
            "element_0": "SPIN",
            "param_index_0": 2,
            "isotopeID_1": 31,
            "element_1": "SPIN",
            "param_index_1": 1,
            "relation_c": 0,
            "relation_r": 0,
            "strength": -0.5627505326415225
        },
        {
            "class": "Correlation",
            "isotopeID_0": 16,
            "element_0": "X",
            "param_index_0": 0,
            "isotopeID_1": 14,
            "element_1": "X",
            "param_index_1": 0,
            "relation_c": 0,
            "relation_r": 0,
            "strength": 0.9613699288451893
        },
        {
            "class": "Correlation",
            "isotopeID_0": 47,
            "element_0": "MINX",
            "param_index_0": 0,
            "isotopeID_1": 33,
            "element_1": "ARCFAN",
            "param_index_1": 0,
            "relation_c": 0,
            "relation_r": 0,
            "strength": -0.2644466454763219
        },
        {
            "class": "Correlation",
            "isotopeID_0": 31,
            "element_0": "SPIN",
            "param_index_0": 3,
            "isotopeID_1": 46,
            "element_1": "SPIN",
            "param_index_1": 0,
            "relation_c": 0,
            "relation_r": 0,
            "strength": 0.3129171412934313
        },
        {
            "class": "Correlation",
            "isotopeID_0": 31,
            "element_0": "SPIN",
            "param_index_0": 4,
            "isotopeID_1": 46,
            "element_1": "SPIN",
            "param_index_1": 4,
            "relation_c": 0,
            "relation_r": 0,
            "strength": -0.4495447999571369
        },
        {
            "class": "Correlation",
            "isotopeID_0": 21,
            "element_0": "Y",
            "param_index_0": 0,
            "isotopeID_1": 45,
            "element_1": "SIN",
            "param_index_1": 0,
            "relation_c": 0,
            "relation_r": 0,
            "strength": 0.3090355424858624
        },
        {
            "class": "Correlation",
            "isotopeID_0": 32,
            "element_0": "SPIN",
            "param_index_0": 4,
            "isotopeID_1": 46,
            "element_1": "SPIN",
            "param_index_1": 2,
            "relation_c": 0,
            "relation_r": 0,
            "strength": -0.7937271840935018
        },
        {
            "class": "Correlation",
            "isotopeID_0": 41,
            "element_0": "POWER",
            "param_index_0": 0,
            "isotopeID_1": 40,
            "element_1": "SPIN",
            "param_index_1": 4,
            "relation_c": 0,
            "relation_r": 0,
            "strength": -0.7497534651737074
        },
        {
            "class": "Correlation",
            "isotopeID_0": 43,
            "element_0": "SPIN",
            "param_index_0": 3,
            "isotopeID_1": 52,
            "element_1": "POW",
            "param_index_1": 0,
            "relation_c": 0,
            "relation_r": 0,
            "strength": 0.9191129475458659
        },
        {
            "class": "Correlation",
            "isotopeID_0": 42,
            "element_0": "SPIN",
            "param_index_0": 2,
            "isotopeID_1": 8,
            "element_1": "X",
            "param_index_1": 0,
            "relation_c": 0,
            "relation_r": 0,
            "strength": 0.7526744661055185
        },
        {
            "class": "Correlation",
            "isotopeID_0": 25,
            "element_0": "Y",
            "param_index_0": 0,
            "isotopeID_1": 44,
            "element_1": "RAND",
            "param_index_1": 0,
            "relation_c": 0,
            "relation_r": 0,
            "strength": -0.7684937485949161
        },
        {
            "class": "Correlation",
            "isotopeID_0": 18,
            "element_0": "Y",
            "param_index_0": 0,
            "isotopeID_1": 49,
            "element_1": "SPIN",
            "param_index_1": 1,
            "relation_c": 0,
            "relation_r": 0,
            "strength": -0.8426518028490733
        },
        {
            "class": "Correlation",
            "isotopeID_0": 31,
            "element_0": "SPIN",
            "param_index_0": 2,
            "isotopeID_1": 39,
            "element_1": "POWER",
            "param_index_1": 0,
            "relation_c": 0,
            "relation_r": 0,
            "strength": -0.8139747579308452
        },
        {
            "class": "Correlation",
            "isotopeID_0": 10,
            "element_0": "X",
            "param_index_0": 0,
            "isotopeID_1": 43,
            "element_1": "SPIN",
            "param_index_1": 1,
            "relation_c": 0,
            "relation_r": 0,
            "strength": -0.6901163111329685
        },
        {
            "class": "Correlation",
            "isotopeID_0": 46,
            "element_0": "SPIN",
            "param_index_0": 1,
            "isotopeID_1": 32,
            "element_1": "SPIN",
            "param_index_1": 0,
            "relation_c": 0,
            "relation_r": -3,
            "strength": 0.7075731478222278
        },
        {
            "class": "Correlation",
            "isotopeID_0": 42,
            "element_0": "SPIN",
            "param_index_0": 0,
            "isotopeID_1": 11,
            "element_1": "X",
            "param_index_1": 0,
            "relation_c": 0,
            "relation_r": 0,
            "strength": 0.7325815302470939
        },
        {
            "class": "Correlation",
            "isotopeID_0": 49,
            "element_0": "SPIN",
            "param_index_0": 4,
            "isotopeID_1": 30,
            "element_1": "RAND",
            "param_index_1": 1,
            "relation_c": 0,
            "relation_r": 0,
            "strength": 0.7562978411293633
        },
        {
            "class": "Correlation",
            "isotopeID_0": 33,
            "element_0": "ARCFAN",
            "param_index_0": 1,
            "isotopeID_1": 23,
            "element_1": "Y",
            "param_index_1": 0,
            "relation_c": 0,
            "relation_r": 0,
            "strength": -0.45176386270021784
        },
        {
            "class": "Correlation",
            "isotopeID_0": 46,
            "element_0": "SPIN",
            "param_index_0": 3,
            "isotopeID_1": 13,
            "element_1": "X",
            "param_index_1": 0,
            "relation_c": 0,
            "relation_r": 0,
            "strength": -0.5506420582349993
        },
        {
            "class": "Correlation",
            "isotopeID_0": 44,
            "element_0": "RAND",
            "param_index_0": 1,
            "isotopeID_1": 12,
            "element_1": "X",
            "param_index_1": 0,
            "relation_c": 1,
            "relation_r": 0,
            "strength": -0.2145746578949883
        },
        {
            "class": "Correlation",
            "isotopeID_0": 40,
            "element_0": "SPIN",
            "param_index_0": 1,
            "isotopeID_1": 51,
            "element_1": "RAND",
            "param_index_1": 0,
            "relation_c": 0,
            "relation_r": 0,
            "strength": 0.49320021516499146
        },
        {
            "class": "Correlation",
            "isotopeID_0": 49,
            "element_0": "SPIN",
            "param_index_0": 3,
            "isotopeID_1": 43,
            "element_1": "SPIN",
            "param_index_1": 4,
            "relation_c": 0,
            "relation_r": 0,
            "strength": 0.7004409476194773
        },
        {
            "class": "Correlation",
            "isotopeID_0": 32,
            "element_0": "SPIN",
            "param_index_0": 3,
            "isotopeID_1": 49,
            "element_1": "SPIN",
            "param_index_1": 0,
            "relation_c": 0,
            "relation_r": 0,
            "strength": -0.45238243779208775
        },
        {
            "class": "Correlation",
            "isotopeID_0": 34,
            "element_0": "POWER",
            "param_index_0": 0,
            "isotopeID_1": 26,
            "element_1": "MINX",
            "param_index_1": 0,
            "relation_c": 0,
            "relation_r": 0,
            "strength": -0.2263799657108283
        },
        {
            "class": "Correlation",
            "isotopeID_0": 40,
            "element_0": "SPIN",
            "param_index_0": 0,
            "isotopeID_1": 31,
            "element_1": "SPIN",
            "param_index_1": 0,
            "relation_c": 4,
            "relation_r": 0,
            "strength": -0.17829106767540037
        },
        {
            "class": "Correlation",
            "isotopeID_0": 32,
            "element_0": "SPIN",
            "param_index_0": 2,
            "isotopeID_1": 43,
            "element_1": "SPIN",
            "param_index_1": 2,
            "relation_c": 0,
            "relation_r": 0,
            "strength": 0.847273505601704
        },
        {
            "class": "Correlation",
            "isotopeID_0": 22,
            "element_0": "Y",
            "param_index_0": 0,
            "isotopeID_1": 42,
            "element_1": "SPIN",
            "param_index_1": 3,
            "relation_c": 1,
            "relation_r": 0,
            "strength": -0.5843268372537913
        },
        {
            "class": "Correlation",
            "isotopeID_0": 29,
            "element_0": "POWER",
            "param_index_0": 0,
            "isotopeID_1": 42,
            "element_1": "SPIN",
            "param_index_1": 1,
            "relation_c": 0,
            "relation_r": 0,
            "strength": -0.5496284171804167
        },
        {
            "class": "Correlation",
            "isotopeID_0": 51,
            "element_0": "RAND",
            "param_index_0": 1,
            "isotopeID_1": 27,
            "element_1": "ARCFAN",
            "param_index_1": 1,
            "relation_c": 0,
            "relation_r": 0,
            "strength": 0.779731610574365
        }
    ],
    "calmer": {
        "class": "Calmer",
        "hue_dist": [
            0,
            0,
            1,
            0.9839961669431032,
            0
        ],
        "sat_dist": [
            0,
            0,
            1,
            0.8222360072970483,
            0.08
        ],
        "val_dist": [
            0,
            0,
            1,
            0.5656693960016297,
            0.08
        ],
        "pal_dist": [
            0,
            0.5728653276235403,
            2,
            0.9249199942495738,
            0.011769639483209502
        ],
        "gradience_dd": [
            [
                0,
                0.9091362473428667,
                1,
                0.3496206383579943,
                0.04215590329669696
            ],
            1.3879369558900777e-20,
            0.0004108163900564534,
            [
                0,
                0.5839876141558519,
                1,
                0.6778018211028443,
                0.31573320916577474
            ],
            0.0032204845834759408,
            8.477822884054672e-18
        ],
        "unarm_dist": [
            0,
            1,
            1,
            0.5124860416085844,
            0.6061042748294314
        ],
        "unaim_dist": [
            1,
            6.316332631883661,
            20,
            0.16340478338622033,
            0.34856019916758374
        ]
    }
}