{
    "class": "Version",
    "prism": [
        6,
        9.630364724252056,
        20.5,
        0.4959443154756103,
        0.08
    ],
    "puddle": {
        "class": "Puddle",
        "hue_dirtiness_dist": [
            0.9811486433448088,
            1.0238161995888846,
            1.0954572596437946,
            0.3291209738632602,
            0.6990949164231213
        ],
        "sat_dirtiness_dist": [
            0.9247448907798177,
            0.9400506500685217,
            0.981229535660757,
            0.851049549819945,
            0.04582533578204397
        ],
        "val_dirtiness_dist": [
            0.9948849114759343,
            1.0195010166242957,
            1.0340704084196266,
            0.7261622338207793,
            0.047222135198864965
        ],
        "hue_stillness_dist": [
            0.06479371211325885,
            0.06574523737963005,
            0.0988044255478596,
            0.7387042226813332,
            0.5902226140605501
        ],
        "sat_stillness_dist": [
            0.009416493615139335,
            0.02212635610230329,
            0.040057105836889755,
            0.4734162996718684,
            0.6254815303989265
        ],
        "val_stillness_dist": [
            0.03416379929697284,
            0.06684310313543781,
            0.10864989489746414,
            0.48478088912005834,
            0.5042623396350969
        ]
    },
    "pasteller": {
        "class": "Pasteller",
        "frac_mid": 0.14780244161360578,
        "amt_sharp": 0.6263714910059075
    },
    "permuter": [
        9.319297686902972,
        9.348798411126582,
        15.150618796392756,
        0.2424464383573749,
        0.0016452491851823704
    ],
    "procession": 1.8,
    "controller": {},
    "conceiver": {
        "8": {
            "X": {
                "class": "CartConcept",
                "nice_chance": 1,
                "unnice_chance": 0.5,
                "mean_dist": [
                    0,
                    0.5,
                    1,
                    0.5,
                    0.9754342321529704
                ],
                "freqhood_dist": [
                    0,
                    0.6830859384991178,
                    1,
                    1,
                    0
                ],
                "index_dist": [
                    0,
                    0,
                    1,
                    1,
                    0
                ],
                "unnice_dist": [
                    -0.5,
                    0,
                    0.5,
                    null,
                    0
                ]
            }
        },
        "9": {
            "X": {
                "class": "CartConcept",
                "nice_chance": 0.06415764708342064,
                "unnice_chance": 0,
                "mean_dist": [
                    0,
                    0.8813537570236962,
                    1,
                    null,
                    0
                ],
                "freqhood_dist": [
                    0,
                    0.5056497373322066,
                    1,
                    1,
                    0.17158893696586872
                ],
                "index_dist": [
                    0,
                    0.7940762007259979,
                    1,
                    0.5,
                    0.010798013421172668
                ],
                "unnice_dist": [
                    -0.5,
                    -0.5,
                    0.5,
                    null,
                    0.34535404143121956
                ]
            }
        },
        "10": {
            "X": {
                "class": "CartConcept",
                "nice_chance": 0.547364040332234,
                "unnice_chance": 0.20832195506082496,
                "mean_dist": [
                    0,
                    0.12256662949467467,
                    1,
                    null,
                    0.5118165118583413
                ],
                "freqhood_dist": [
                    0,
                    0.5885307786296898,
                    1,
                    0.854136031922694,
                    0
                ],
                "index_dist": [
                    0,
                    0.273009868052293,
                    1,
                    0.5,
                    0.33109850196518265
                ],
                "unnice_dist": [
                    -0.5,
                    0.5,
                    0.5,
                    null,
                    0.125
                ]
            }
        },
        "11": {
            "X": {
                "class": "CartConcept",
                "nice_chance": 0.547364040332234,
                "unnice_chance": 0.5,
                "mean_dist": [
                    0,
                    0.12256662949467467,
                    1,
                    0.9970514522698429,
                    0.5118165118583413
                ],
                "freqhood_dist": [
                    0,
                    0,
                    1,
                    null,
                    0
                ],
                "index_dist": [
                    0,
                    0.273009868052293,
                    1,
                    0.5,
                    0.33109850196518265
                ],
                "unnice_dist": [
                    -0.5,
                    0.37254514006308415,
                    0.5,
                    0.09760306837747135,
                    0.30900092326463485
                ]
            }
        },
        "12": {
            "X": {
                "class": "CartConcept",
                "nice_chance": 0.547364040332234,
                "unnice_chance": 0.20832195506082496,
                "mean_dist": [
                    0,
                    0.12256662949467467,
                    1,
                    0.9970514522698429,
                    0.5118165118583413
                ],
                "freqhood_dist": [
                    0,
                    0.45,
                    1,
                    null,
                    0
                ],
                "index_dist": [
                    0,
                    0.273009868052293,
                    1,
                    null,
                    0.33109850196518265
                ],
                "unnice_dist": [
                    -0.5,
                    0.37254514006308415,
                    0.5,
                    0.5,
                    0.30900092326463485
                ]
            }
        },
        "13": {
            "Y": {
                "class": "CartConcept",
                "nice_chance": 1,
                "unnice_chance": 0,
                "mean_dist": [
                    0,
                    0.2774494548744644,
                    1,
                    null,
                    0.001175779600046839
                ],
                "freqhood_dist": [
                    0,
                    0.35,
                    1,
                    null,
                    0.004012133574885127
                ],
                "index_dist": [
                    0,
                    0.44439384664088943,
                    1,
                    null,
                    0.46719405940350534
                ],
                "unnice_dist": [
                    -0.5,
                    0.5,
                    0.5,
                    0.07730722841204796,
                    0
                ]
            }
        },
        "14": {
            "Y": {
                "class": "CartConcept",
                "nice_chance": 0.03258362457757791,
                "unnice_chance": 0,
                "mean_dist": [
                    0,
                    0.2774494548744644,
                    1,
                    null,
                    0.001175779600046839
                ],
                "freqhood_dist": [
                    0,
                    0.8339205468143639,
                    1,
                    null,
                    0.004012133574885127
                ],
                "index_dist": [
                    0,
                    0,
                    1,
                    null,
                    0.46719405940350534
                ],
                "unnice_dist": [
                    -0.5,
                    0,
                    0.5,
                    null,
                    0
                ]
            }
        },
        "15": {
            "Y": {
                "class": "CartConcept",
                "nice_chance": 0.03258362457757791,
                "unnice_chance": 0,
                "mean_dist": [
                    0,
                    0.2774494548744644,
                    1,
                    null,
                    0
                ],
                "freqhood_dist": [
                    0,
                    0.8339205468143639,
                    1,
                    1,
                    0
                ],
                "index_dist": [
                    0,
                    1,
                    1,
                    null,
                    0.46719405940350534
                ],
                "unnice_dist": [
                    -0.5,
                    -0.5,
                    0.5,
                    null,
                    0.0005393437921985162
                ]
            }
        },
        "16": {
            "Y": {
                "class": "CartConcept",
                "nice_chance": 0.03258362457757791,
                "unnice_chance": 0.4946267981598671,
                "mean_dist": [
                    0,
                    0.2774494548744644,
                    1,
                    0,
                    0
                ],
                "freqhood_dist": [
                    0,
                    0.8339205468143639,
                    1,
                    0.9880116505680613,
                    0
                ],
                "index_dist": [
                    0,
                    0.44439384664088943,
                    1,
                    null,
                    0
                ],
                "unnice_dist": [
                    -0.5,
                    -0.5,
                    0.5,
                    0,
                    0.0005393437921985162
                ]
            }
        },
        "17": {
            "POWER": {
                "class": "PowerConcept",
                "weighing_base_chance": 0.5,
                "base_weight_dist": [
                    0,
                    0.23916023066586212,
                    1,
                    0.04008011148392199,
                    0
                ],
                "exp_weight_dist": [
                    0,
                    0.08547700892513688,
                    1,
                    null,
                    0
                ],
                "exp_lifthood_dist": [
                    0,
                    0.5843947078631608,
                    1,
                    0.19196278865127359,
                    0
                ]
            }
        },
        "18": {
            "SIN": {
                "class": "SinConcept",
                "wc": {
                    "class": "WaveConcept",
                    "nice_chance": 0,
                    "unnice_chance": 0.87456991203824,
                    "off_unnice_chance": 0,
                    "freqhood_dist": [
                        0,
                        0.3821309689852145,
                        1,
                        0.5,
                        0
                    ],
                    "numerhood_dist": [
                        0,
                        0,
                        1,
                        0.9190302642314522,
                        0
                    ],
                    "denomhood_dist": [
                        0,
                        0.35,
                        1,
                        null,
                        0
                    ],
                    "unnice_dist": [
                        -1,
                        0,
                        1,
                        null,
                        0
                    ],
                    "offreqhood_dist": [
                        0,
                        0.7605011793772926,
                        1,
                        null,
                        0.10635238640171907
                    ],
                    "offdex_dist": [
                        0,
                        1,
                        1,
                        null,
                        0
                    ],
                    "off_unnice_dist": [
                        -1,
                        -0.5,
                        1,
                        null,
                        0
                    ]
                }
            }
        },
        "19": {
            "MINX": {
                "class": "MinxConcept",
                "maxing_chance": 0.5,
                "wc": {
                    "class": "WeightConcept",
                    "balanced_amt_dist": [
                        0,
                        0.9615650544838437,
                        1,
                        null,
                        0
                    ],
                    "imbalanced_base_dist": [
                        0,
                        1,
                        5,
                        null,
                        0
                    ],
                    "reversing_chance": 0.5,
                    "shufflity_dist": [
                        0,
                        0.27274542610423835,
                        1,
                        0.1328783100130807,
                        0
                    ],
                    "starting_index_dist": [
                        0,
                        0.5841644359299134,
                        1,
                        null,
                        0
                    ]
                }
            }
        }
    },
    "correlator": [
        {
            "class": "Correlation",
            "isotopeID_0": 17,
            "element_0": "POWER",
            "param_index_0": 0,
            "isotopeID_1": 11,
            "element_1": "X",
            "param_index_1": 0,
            "relation_c": 0,
            "relation_r": 0,
            "strength": -0.08208802517434521
        },
        {
            "class": "Correlation",
            "isotopeID_0": 19,
            "element_0": "MINX",
            "param_index_0": 0,
            "isotopeID_1": 15,
            "element_1": "Y",
            "param_index_1": 0,
            "relation_c": 0,
            "relation_r": 0,
            "strength": -0.6013222009350736
        },
        {
            "class": "Correlation",
            "isotopeID_0": 18,
            "element_0": "SIN",
            "param_index_0": 0,
            "isotopeID_1": 16,
            "element_1": "Y",
            "param_index_1": 0,
            "relation_c": 0,
            "relation_r": 0,
            "strength": 0.6567411218404198
        },
        {
            "class": "Correlation",
            "isotopeID_0": 13,
            "element_0": "Y",
            "param_index_0": 0,
            "isotopeID_1": 18,
            "element_1": "SIN",
            "param_index_1": 1,
            "relation_c": 0,
            "relation_r": 0,
            "strength": -0.28177525847772755
        }
    ],
    "calmer": {
        "class": "Calmer",
        "hue_dist": [
            0,
            0,
            1,
            0.9893877436932792,
            0
        ],
        "sat_dist": [
            0,
            0,
            1,
            0.9959908312288828,
            0.08
        ],
        "val_dist": [
            0,
            0,
            1,
            0.8484031433468283,
            0.08
        ],
        "pal_dist": [
            0,
            0.6033560210076294,
            2,
            0.814784113162515,
            0.28872776189110677
        ],
        "gradience_dd": [
            [
                0,
                0.9803911661059751,
                1,
                0.5867158199237623,
                0.002017650507108049
            ],
            0.07391060548919393,
            6.792688418653802e-20,
            [
                0,
                0.1918342941378447,
                1,
                0.05984908817326806,
                0.565613785230016
            ],
            0.008724584052195363,
            0.00017727303305457295
        ],
        "unarm_dist": [
            0,
            0.27950695268386416,
            1,
            0.37925257688459724,
            1.0009218083674187e-05
        ],
        "unaim_dist": [
            1,
            5.456478435896469,
            20,
            0.6593629974708892,
            0.20088332482310264
        ]
    }
}