{
    "class": "Version",
    "prism": [
        6,
        8.204715768217275,
        20.5,
        0.09030666571060497,
        0.08
    ],
    "puddle": {
        "class": "Puddle",
        "hue_dirtiness_dist": [
            0.9441006818934518,
            0.9516511132960837,
            0.9729000336180622,
            0.179205978900967,
            0.11410410201765464
        ],
        "sat_dirtiness_dist": [
            0.9762674486464616,
            1.0301758976317101,
            1.0341850836104938,
            0.4150316485912865,
            0.21923481444139375
        ],
        "val_dirtiness_dist": [
            0.9961226102208408,
            1.034530525478382,
            1.0440422188341494,
            0.14465206577688894,
            0.39944130546642415
        ],
        "hue_stillness_dist": [
            0.023076644623392654,
            0.21344967402875017,
            0.26157244205875063,
            0.6122924099621131,
            0.10400424566673107
        ],
        "sat_stillness_dist": [
            0.050173517309837316,
            0.07110901195423619,
            0.18014019798317737,
            0.6169789755064028,
            0.35990656708443036
        ],
        "val_stillness_dist": [
            0.0053852489374243365,
            0.031524548864945885,
            0.15047103922813426,
            0.8929428066670303,
            0.03051057472884748
        ]
    },
    "pasteller": {
        "class": "Pasteller",
        "frac_mid": 0.11119011380579785,
        "amt_sharp": 0.6760182653823231
    },
    "permuter": [
        10.548188021853292,
        12.340141645069103,
        13.586228316625583,
        0.8437663397846322,
        0.33108132041653354
    ],
    "procession": 1.8,
    "controller": {},
    "conceiver": {
        "8": {
            "X": {
                "class": "CartConcept",
                "nice_chance": 1,
                "unnice_chance": 0.7845522097977877,
                "mean_dist": [
                    0,
                    1,
                    1,
                    null,
                    0.2221227629844652
                ],
                "freqhood_dist": [
                    0,
                    0.9564996443799834,
                    1,
                    null,
                    0
                ],
                "index_dist": [
                    0,
                    0.21913025163569877,
                    1,
                    null,
                    0.19466333756044982
                ],
                "unnice_dist": [
                    -0.5,
                    0,
                    0.5,
                    null,
                    0.033846057004361156
                ]
            }
        },
        "9": {
            "X": {
                "class": "CartConcept",
                "nice_chance": 0,
                "unnice_chance": 1,
                "mean_dist": [
                    0,
                    0.5,
                    1,
                    null,
                    0.002291602719311842
                ],
                "freqhood_dist": [
                    0,
                    0.45,
                    1,
                    null,
                    0
                ],
                "index_dist": [
                    0,
                    0.20428997499490664,
                    1,
                    null,
                    0
                ],
                "unnice_dist": [
                    -0.5,
                    -0.38825380197131953,
                    0.5,
                    null,
                    0.2787175672293983
                ]
            }
        },
        "10": {
            "X": {
                "class": "CartConcept",
                "nice_chance": 0.6293192949717212,
                "unnice_chance": 1,
                "mean_dist": [
                    0,
                    1,
                    1,
                    null,
                    0
                ],
                "freqhood_dist": [
                    0,
                    0,
                    1,
                    0,
                    0.125
                ],
                "index_dist": [
                    0,
                    0,
                    1,
                    null,
                    0.02151868872268536
                ],
                "unnice_dist": [
                    -0.5,
                    0,
                    0.5,
                    null,
                    0
                ]
            }
        },
        "11": {
            "X": {
                "class": "CartConcept",
                "nice_chance": 0.5,
                "unnice_chance": 0,
                "mean_dist": [
                    0,
                    1,
                    1,
                    null,
                    0
                ],
                "freqhood_dist": [
                    0,
                    0,
                    1,
                    null,
                    0.11548299337618831
                ],
                "index_dist": [
                    0,
                    0.8967042280355086,
                    1,
                    null,
                    0
                ],
                "unnice_dist": [
                    -0.5,
                    0,
                    0.5,
                    0.6321729678698109,
                    0.38294727098902565
                ]
            }
        },
        "12": {
            "X": {
                "class": "CartConcept",
                "nice_chance": 0.5,
                "unnice_chance": 0.5,
                "mean_dist": [
                    0,
                    0,
                    1,
                    null,
                    0
                ],
                "freqhood_dist": [
                    0,
                    0.35,
                    1,
                    null,
                    0
                ],
                "index_dist": [
                    0,
                    1,
                    1,
                    null,
                    0
                ],
                "unnice_dist": [
                    -0.5,
                    0,
                    0.5,
                    null,
                    0.004104130773264775
                ]
            }
        },
        "13": {
            "X": {
                "class": "CartConcept",
                "nice_chance": 0,
                "unnice_chance": 0.13565829053374656,
                "mean_dist": [
                    0,
                    0,
                    1,
                    null,
                    0
                ],
                "freqhood_dist": [
                    0,
                    0.43737193550200093,
                    1,
                    null,
                    0.125
                ],
                "index_dist": [
                    0,
                    1,
                    1,
                    null,
                    0.125
                ],
                "unnice_dist": [
                    -0.5,
                    -0.18288014540178388,
                    0.5,
                    null,
                    0.007107482506890888
                ]
            }
        },
        "14": {
            "X": {
                "class": "CartConcept",
                "nice_chance": 1,
                "unnice_chance": 1,
                "mean_dist": [
                    0,
                    0.5,
                    1,
                    null,
                    0
                ],
                "freqhood_dist": [
                    0,
                    0,
                    1,
                    0,
                    0.01672342367734175
                ],
                "index_dist": [
                    0,
                    0.13579328967154047,
                    1,
                    null,
                    0.125
                ],
                "unnice_dist": [
                    -0.5,
                    0.14523868011752095,
                    0.5,
                    0.7422917936910881,
                    0
                ]
            }
        },
        "15": {
            "X": {
                "class": "CartConcept",
                "nice_chance": 0.5,
                "unnice_chance": 0.6261892090043182,
                "mean_dist": [
                    0,
                    0.5,
                    1,
                    null,
                    0.4392743746061689
                ],
                "freqhood_dist": [
                    0,
                    0.33500982862570505,
                    1,
                    0.5,
                    0.8468049145370918
                ],
                "index_dist": [
                    0,
                    1,
                    1,
                    0.5,
                    0
                ],
                "unnice_dist": [
                    -0.5,
                    0,
                    0.5,
                    null,
                    0.0009987213492706438
                ]
            }
        },
        "16": {
            "X": {
                "class": "CartConcept",
                "nice_chance": 0.043691432419633025,
                "unnice_chance": 1,
                "mean_dist": [
                    0,
                    0.5362820864350291,
                    1,
                    0,
                    0.4392743746061689
                ],
                "freqhood_dist": [
                    0,
                    0.33500982862570505,
                    1,
                    null,
                    0
                ],
                "index_dist": [
                    0,
                    0.8692892192783885,
                    1,
                    null,
                    0
                ],
                "unnice_dist": [
                    -0.5,
                    0,
                    0.5,
                    0,
                    0
                ]
            }
        },
        "17": {
            "Y": {
                "class": "CartConcept",
                "nice_chance": 1,
                "unnice_chance": 0.8983129654492958,
                "mean_dist": [
                    0,
                    1,
                    1,
                    0,
                    0.125
                ],
                "freqhood_dist": [
                    0,
                    0.35,
                    1,
                    null,
                    0
                ],
                "index_dist": [
                    0,
                    1,
                    1,
                    0,
                    0
                ],
                "unnice_dist": [
                    -0.5,
                    0.5,
                    0.5,
                    null,
                    0.023959933209023936
                ]
            }
        },
        "18": {
            "Y": {
                "class": "CartConcept",
                "nice_chance": 0,
                "unnice_chance": 0,
                "mean_dist": [
                    0,
                    0,
                    1,
                    null,
                    0
                ],
                "freqhood_dist": [
                    0,
                    0.797206558820868,
                    1,
                    0,
                    0.125
                ],
                "index_dist": [
                    0,
                    0.0008586846819319538,
                    1,
                    null,
                    0
                ],
                "unnice_dist": [
                    -0.5,
                    -0.5,
                    0.5,
                    0,
                    0.125
                ]
            }
        },
        "19": {
            "Y": {
                "class": "CartConcept",
                "nice_chance": 0,
                "unnice_chance": 0,
                "mean_dist": [
                    0,
                    0.6358924567812891,
                    1,
                    0,
                    0.0038211224225533367
                ],
                "freqhood_dist": [
                    0,
                    0.35,
                    1,
                    null,
                    0.125
                ],
                "index_dist": [
                    0,
                    0.44470483026017893,
                    1,
                    null,
                    0.002217762780076432
                ],
                "unnice_dist": [
                    -0.5,
                    0,
                    0.5,
                    null,
                    0
                ]
            }
        },
        "20": {
            "Y": {
                "class": "CartConcept",
                "nice_chance": 1,
                "unnice_chance": 0.003592958723705908,
                "mean_dist": [
                    0,
                    0.6994544486399223,
                    1,
                    null,
                    0.125
                ],
                "freqhood_dist": [
                    0,
                    0.5263513741239239,
                    1,
                    null,
                    0
                ],
                "index_dist": [
                    0,
                    0,
                    1,
                    0,
                    0
                ],
                "unnice_dist": [
                    -0.5,
                    -0.5,
                    0.5,
                    null,
                    0
                ]
            }
        },
        "21": {
            "Y": {
                "class": "CartConcept",
                "nice_chance": 1,
                "unnice_chance": 0.5,
                "mean_dist": [
                    0,
                    0,
                    1,
                    null,
                    0.125
                ],
                "freqhood_dist": [
                    0,
                    0.5263513741239239,
                    1,
                    null,
                    0
                ],
                "index_dist": [
                    0,
                    0,
                    1,
                    0,
                    0.125
                ],
                "unnice_dist": [
                    -0.5,
                    -0.052358403957711186,
                    0.5,
                    null,
                    0.125
                ]
            }
        },
        "22": {
            "Y": {
                "class": "CartConcept",
                "nice_chance": 0.5,
                "unnice_chance": 0.9285488872611046,
                "mean_dist": [
                    0,
                    0.5,
                    1,
                    null,
                    0
                ],
                "freqhood_dist": [
                    0,
                    0.48918026734196096,
                    1,
                    null,
                    0.125
                ],
                "index_dist": [
                    0,
                    0,
                    1,
                    null,
                    0
                ],
                "unnice_dist": [
                    -0.5,
                    0,
                    0.5,
                    null,
                    0.018838810289218858
                ]
            }
        },
        "23": {
            "Y": {
                "class": "CartConcept",
                "nice_chance": 0.5,
                "unnice_chance": 0.8815256208451323,
                "mean_dist": [
                    0,
                    0,
                    1,
                    0,
                    0.00033024115383247356
                ],
                "freqhood_dist": [
                    0,
                    0,
                    1,
                    null,
                    0
                ],
                "index_dist": [
                    0,
                    0,
                    1,
                    null,
                    0.0871908246283505
                ],
                "unnice_dist": [
                    -0.5,
                    0,
                    0.5,
                    1,
                    0
                ]
            }
        },
        "24": {
            "Y": {
                "class": "CartConcept",
                "nice_chance": 0.5,
                "unnice_chance": 1,
                "mean_dist": [
                    0,
                    0.21095721808042434,
                    1,
                    null,
                    0.26730417922824196
                ],
                "freqhood_dist": [
                    0,
                    0.5293423917564689,
                    1,
                    0.5,
                    0.125
                ],
                "index_dist": [
                    0,
                    0.11391478378734232,
                    1,
                    0.5,
                    0
                ],
                "unnice_dist": [
                    -0.5,
                    0.39713408324323407,
                    0.5,
                    0.665919204159975,
                    0.125
                ]
            }
        },
        "25": {
            "Y": {
                "class": "CartConcept",
                "nice_chance": 0.5,
                "unnice_chance": 0.1099982431428671,
                "mean_dist": [
                    0,
                    0.21095721808042434,
                    1,
                    0.842196202341009,
                    0.125
                ],
                "freqhood_dist": [
                    0,
                    0.5293423917564689,
                    1,
                    null,
                    0.125
                ],
                "index_dist": [
                    0,
                    0,
                    1,
                    null,
                    0.125
                ],
                "unnice_dist": [
                    -0.5,
                    0.39713408324323407,
                    0.5,
                    0,
                    0.125
                ]
            }
        },
        "26": {
            "MINX": {
                "class": "MinxConcept",
                "maxing_chance": 0,
                "wc": {
                    "class": "WeightConcept",
                    "balanced_amt_dist": [
                        0,
                        0,
                        1,
                        null,
                        0
                    ],
                    "imbalanced_base_dist": [
                        0,
                        1.981570847183851,
                        5,
                        0.7941048298283704,
                        0
                    ],
                    "reversing_chance": 0,
                    "shufflity_dist": [
                        0,
                        0,
                        1,
                        null,
                        0
                    ],
                    "starting_index_dist": [
                        0,
                        0.27505360010547963,
                        1,
                        null,
                        0
                    ]
                }
            }
        },
        "28": {
            "MINX": {
                "class": "MinxConcept",
                "maxing_chance": 0.7803753099634901,
                "wc": {
                    "class": "WeightConcept",
                    "balanced_amt_dist": [
                        0,
                        0,
                        1,
                        0.5,
                        0
                    ],
                    "imbalanced_base_dist": [
                        0,
                        0.9171613269545227,
                        5,
                        null,
                        0
                    ],
                    "reversing_chance": 1,
                    "shufflity_dist": [
                        0,
                        0,
                        1,
                        null,
                        0
                    ],
                    "starting_index_dist": [
                        0,
                        0.17160370641250966,
                        1,
                        null,
                        0
                    ]
                }
            }
        },
        "37": {
            "MINX": {
                "class": "MinxConcept",
                "maxing_chance": 0,
                "wc": {
                    "class": "WeightConcept",
                    "balanced_amt_dist": [
                        0,
                        0.3594221624220838,
                        1,
                        null,
                        0
                    ],
                    "imbalanced_base_dist": [
                        0,
                        1.3399909254712665,
                        5,
                        null,
                        0
                    ],
                    "reversing_chance": 0.6270437337903395,
                    "shufflity_dist": [
                        0,
                        0.16815222121508777,
                        1,
                        null,
                        0
                    ],
                    "starting_index_dist": [
                        0,
                        0,
                        1,
                        null,
                        0
                    ]
                }
            }
        },
        "41": {
            "MINX": {
                "class": "MinxConcept",
                "maxing_chance": 0,
                "wc": {
                    "class": "WeightConcept",
                    "balanced_amt_dist": [
                        0,
                        0.0680527223871169,
                        1,
                        null,
                        0
                    ],
                    "imbalanced_base_dist": [
                        0,
                        1.3399909254712665,
                        5,
                        0,
                        0
                    ],
                    "reversing_chance": 0,
                    "shufflity_dist": [
                        0,
                        0,
                        1,
                        null,
                        0
                    ],
                    "starting_index_dist": [
                        0,
                        0.6987439798717515,
                        1,
                        null,
                        0
                    ]
                }
            }
        },
        "42": {
            "MINX": {
                "class": "MinxConcept",
                "maxing_chance": 1,
                "wc": {
                    "class": "WeightConcept",
                    "balanced_amt_dist": [
                        0,
                        0.3594221624220838,
                        1,
                        null,
                        0
                    ],
                    "imbalanced_base_dist": [
                        0,
                        1,
                        5,
                        null,
                        0
                    ],
                    "reversing_chance": 0.5,
                    "shufflity_dist": [
                        0,
                        1,
                        1,
                        null,
                        0
                    ],
                    "starting_index_dist": [
                        0,
                        0.6987439798717515,
                        1,
                        null,
                        0
                    ]
                }
            }
        },
        "53": {
            "MINX": {
                "class": "MinxConcept",
                "maxing_chance": 0,
                "wc": {
                    "class": "WeightConcept",
                    "balanced_amt_dist": [
                        0,
                        0.0680527223871169,
                        1,
                        null,
                        0
                    ],
                    "imbalanced_base_dist": [
                        0,
                        1,
                        5,
                        null,
                        0
                    ],
                    "reversing_chance": 0.5,
                    "shufflity_dist": [
                        0,
                        1,
                        1,
                        0,
                        0
                    ],
                    "starting_index_dist": [
                        0,
                        0.7482027477630114,
                        1,
                        null,
                        0
                    ]
                }
            }
        },
        "54": {
            "MINX": {
                "class": "MinxConcept",
                "maxing_chance": 0.5,
                "wc": {
                    "class": "WeightConcept",
                    "balanced_amt_dist": [
                        0,
                        0.0680527223871169,
                        1,
                        null,
                        0
                    ],
                    "imbalanced_base_dist": [
                        0,
                        1,
                        5,
                        null,
                        0
                    ],
                    "reversing_chance": 0,
                    "shufflity_dist": [
                        0,
                        0.16815222121508777,
                        1,
                        null,
                        0
                    ],
                    "starting_index_dist": [
                        0,
                        0,
                        1,
                        null,
                        0
                    ]
                }
            }
        },
        "27": {
            "AMEAN": {
                "class": "AmeanConcept",
                "wc": {
                    "class": "WeightConcept",
                    "balanced_amt_dist": [
                        0,
                        0.627497997252806,
                        1,
                        null,
                        0
                    ],
                    "imbalanced_base_dist": [
                        0,
                        0.25036767241434454,
                        5,
                        0,
                        0
                    ],
                    "reversing_chance": 0.3441067740657394,
                    "shufflity_dist": [
                        0,
                        0,
                        1,
                        null,
                        0
                    ],
                    "starting_index_dist": [
                        0,
                        0.6710029063421256,
                        1,
                        null,
                        0
                    ]
                }
            }
        },
        "34": {
            "AMEAN": {
                "class": "AmeanConcept",
                "wc": {
                    "class": "WeightConcept",
                    "balanced_amt_dist": [
                        0,
                        0,
                        1,
                        0.7385972047614916,
                        0
                    ],
                    "imbalanced_base_dist": [
                        0,
                        1,
                        5,
                        null,
                        0
                    ],
                    "reversing_chance": 0.8504635193668824,
                    "shufflity_dist": [
                        0,
                        0.001401839227765351,
                        1,
                        null,
                        0
                    ],
                    "starting_index_dist": [
                        0,
                        0,
                        1,
                        0,
                        0
                    ]
                }
            }
        },
        "36": {
            "AMEAN": {
                "class": "AmeanConcept",
                "wc": {
                    "class": "WeightConcept",
                    "balanced_amt_dist": [
                        0,
                        0.9525830453050779,
                        1,
                        null,
                        0
                    ],
                    "imbalanced_base_dist": [
                        0,
                        5,
                        5,
                        null,
                        0
                    ],
                    "reversing_chance": 1,
                    "shufflity_dist": [
                        0,
                        1,
                        1,
                        null,
                        0
                    ],
                    "starting_index_dist": [
                        0,
                        0,
                        1,
                        1,
                        0
                    ]
                }
            }
        },
        "45": {
            "AMEAN": {
                "class": "AmeanConcept",
                "wc": {
                    "class": "WeightConcept",
                    "balanced_amt_dist": [
                        0,
                        0,
                        1,
                        null,
                        0
                    ],
                    "imbalanced_base_dist": [
                        0,
                        1,
                        5,
                        null,
                        0
                    ],
                    "reversing_chance": 0,
                    "shufflity_dist": [
                        0,
                        0.9606090403140594,
                        1,
                        null,
                        0
                    ],
                    "starting_index_dist": [
                        0,
                        0,
                        1,
                        0,
                        0
                    ]
                }
            }
        },
        "29": {
            "SPIN": {
                "class": "SpinConcept",
                "wc": {
                    "class": "WaveConcept",
                    "nice_chance": 0.5,
                    "unnice_chance": 0,
                    "off_unnice_chance": 0,
                    "freqhood_dist": [
                        0,
                        0,
                        1,
                        0.5471945616912304,
                        0
                    ],
                    "numerhood_dist": [
                        0,
                        0,
                        1,
                        null,
                        0
                    ],
                    "denomhood_dist": [
                        0,
                        7.879087534337914e-05,
                        1,
                        null,
                        0
                    ],
                    "unnice_dist": [
                        -1,
                        -0.000681473514283732,
                        1,
                        0.5,
                        0
                    ],
                    "offreqhood_dist": [
                        0,
                        0.45,
                        1,
                        null,
                        0.0022517539674732517
                    ],
                    "offdex_dist": [
                        0,
                        1,
                        1,
                        1,
                        0
                    ],
                    "off_unnice_dist": [
                        -1,
                        0,
                        1,
                        null,
                        0
                    ]
                },
                "fc": {
                    "class": "FanConcept",
                    "shift_dist": [
                        -1,
                        0,
                        1,
                        null,
                        0
                    ],
                    "logweight_dist": [
                        -8.167029521530853,
                        0,
                        0,
                        null,
                        0.125
                    ]
                },
                "antiwise_chance": 0.5,
                "armhood_dist": [
                    0,
                    0.13002375488997864,
                    1,
                    null,
                    0
                ]
            }
        },
        "39": {
            "SPIN": {
                "class": "SpinConcept",
                "wc": {
                    "class": "WaveConcept",
                    "nice_chance": 0.5,
                    "unnice_chance": 0,
                    "off_unnice_chance": 0.5,
                    "freqhood_dist": [
                        0,
                        0.35,
                        1,
                        0.5471945616912304,
                        0.125
                    ],
                    "numerhood_dist": [
                        0,
                        0,
                        1,
                        null,
                        0
                    ],
                    "denomhood_dist": [
                        0,
                        0.35,
                        1,
                        null,
                        0
                    ],
                    "unnice_dist": [
                        -1,
                        -0.000681473514283732,
                        1,
                        0,
                        0
                    ],
                    "offreqhood_dist": [
                        0,
                        0.0014274395869842147,
                        1,
                        null,
                        0
                    ],
                    "offdex_dist": [
                        0,
                        0,
                        1,
                        0.5,
                        0
                    ],
                    "off_unnice_dist": [
                        -1,
                        0.5,
                        1,
                        0.5349082158839121,
                        0
                    ]
                },
                "fc": {
                    "class": "FanConcept",
                    "shift_dist": [
                        -1,
                        1,
                        1,
                        null,
                        0
                    ],
                    "logweight_dist": [
                        -2.739010161261688,
                        0,
                        1.6792731751165666,
                        null,
                        0.125
                    ]
                },
                "antiwise_chance": 0.5,
                "armhood_dist": [
                    0,
                    0,
                    1,
                    null,
                    0
                ]
            }
        },
        "43": {
            "SPIN": {
                "class": "SpinConcept",
                "wc": {
                    "class": "WaveConcept",
                    "nice_chance": 0.5,
                    "unnice_chance": 1,
                    "off_unnice_chance": 0.5,
                    "freqhood_dist": [
                        0,
                        0.35,
                        1,
                        null,
                        0
                    ],
                    "numerhood_dist": [
                        0,
                        0.45,
                        1,
                        null,
                        0
                    ],
                    "denomhood_dist": [
                        0,
                        0.35,
                        1,
                        null,
                        0
                    ],
                    "unnice_dist": [
                        -1,
                        -0.000681473514283732,
                        1,
                        null,
                        0
                    ],
                    "offreqhood_dist": [
                        0,
                        0.35,
                        1,
                        null,
                        0.0022517539674732517
                    ],
                    "offdex_dist": [
                        0,
                        0.39180676846843265,
                        1,
                        null,
                        0
                    ],
                    "off_unnice_dist": [
                        -1,
                        0.5,
                        1,
                        0.5349082158839121,
                        0
                    ]
                },
                "fc": {
                    "class": "FanConcept",
                    "shift_dist": [
                        -1,
                        1,
                        1,
                        null,
                        0
                    ],
                    "logweight_dist": [
                        -2.739010161261688,
                        0,
                        1.6792731751165666,
                        null,
                        0.8336730973622991
                    ]
                },
                "antiwise_chance": 0.5,
                "armhood_dist": [
                    0,
                    0.5,
                    1,
                    null,
                    0
                ]
            }
        },
        "44": {
            "SPIN": {
                "class": "SpinConcept",
                "wc": {
                    "class": "WaveConcept",
                    "nice_chance": 0.5,
                    "unnice_chance": 0.5789467647602338,
                    "off_unnice_chance": 1,
                    "freqhood_dist": [
                        0,
                        0.45,
                        1,
                        0,
                        0.7606530678414899
                    ],
                    "numerhood_dist": [
                        0,
                        0.35,
                        1,
                        null,
                        0
                    ],
                    "denomhood_dist": [
                        0,
                        7.879087534337914e-05,
                        1,
                        null,
                        0
                    ],
                    "unnice_dist": [
                        -1,
                        -0.000681473514283732,
                        1,
                        null,
                        0
                    ],
                    "offreqhood_dist": [
                        0,
                        0,
                        1,
                        null,
                        0.0022517539674732517
                    ],
                    "offdex_dist": [
                        0,
                        0.39180676846843265,
                        1,
                        null,
                        0
                    ],
                    "off_unnice_dist": [
                        -1,
                        0,
                        1,
                        null,
                        0
                    ]
                },
                "fc": {
                    "class": "FanConcept",
                    "shift_dist": [
                        -1,
                        -1,
                        1,
                        null,
                        0.0797526911765797
                    ],
                    "logweight_dist": [
                        -2.739010161261688,
                        0,
                        1,
                        null,
                        0
                    ]
                },
                "antiwise_chance": 0.5,
                "armhood_dist": [
                    0,
                    0.13002375488997864,
                    1,
                    null,
                    0.06751680180337263
                ]
            }
        },
        "47": {
            "SPIN": {
                "class": "SpinConcept",
                "wc": {
                    "class": "WaveConcept",
                    "nice_chance": 0.5,
                    "unnice_chance": 1,
                    "off_unnice_chance": 0.5,
                    "freqhood_dist": [
                        0,
                        0.9957026601445848,
                        1,
                        null,
                        0.7606530678414899
                    ],
                    "numerhood_dist": [
                        0,
                        0.5256258999574573,
                        1,
                        1,
                        0
                    ],
                    "denomhood_dist": [
                        0,
                        0.45,
                        1,
                        null,
                        0
                    ],
                    "unnice_dist": [
                        -1,
                        0.5,
                        1,
                        null,
                        0
                    ],
                    "offreqhood_dist": [
                        0,
                        0.45,
                        1,
                        null,
                        0.0022517539674732517
                    ],
                    "offdex_dist": [
                        0,
                        1,
                        1,
                        0.5,
                        0
                    ],
                    "off_unnice_dist": [
                        -1,
                        0.5,
                        1,
                        null,
                        0
                    ]
                },
                "fc": {
                    "class": "FanConcept",
                    "shift_dist": [
                        -1,
                        -1,
                        1,
                        null,
                        0
                    ],
                    "logweight_dist": [
                        -8.167029521530853,
                        0,
                        0,
                        null,
                        0.125
                    ]
                },
                "antiwise_chance": 0.1840393513720846,
                "armhood_dist": [
                    0,
                    0.13002375488997864,
                    1,
                    0.5385499898928888,
                    0.125
                ]
            }
        },
        "51": {
            "SPIN": {
                "class": "SpinConcept",
                "wc": {
                    "class": "WaveConcept",
                    "nice_chance": 0.5,
                    "unnice_chance": 0,
                    "off_unnice_chance": 0,
                    "freqhood_dist": [
                        0,
                        0.9957026601445848,
                        1,
                        null,
                        0.7606530678414899
                    ],
                    "numerhood_dist": [
                        0,
                        0,
                        1,
                        null,
                        0
                    ],
                    "denomhood_dist": [
                        0,
                        7.879087534337914e-05,
                        1,
                        null,
                        0
                    ],
                    "unnice_dist": [
                        -1,
                        0.5,
                        1,
                        0.8647360053071563,
                        0
                    ],
                    "offreqhood_dist": [
                        0,
                        0.35,
                        1,
                        null,
                        0.0022517539674732517
                    ],
                    "offdex_dist": [
                        0,
                        1,
                        1,
                        1,
                        0
                    ],
                    "off_unnice_dist": [
                        -1,
                        0,
                        1,
                        null,
                        0
                    ]
                },
                "fc": {
                    "class": "FanConcept",
                    "shift_dist": [
                        -1,
                        0,
                        1,
                        null,
                        0.125
                    ],
                    "logweight_dist": [
                        -2.739010161261688,
                        0,
                        0.5,
                        null,
                        0.125
                    ]
                },
                "antiwise_chance": 0.5,
                "armhood_dist": [
                    0,
                    0.13002375488997864,
                    1,
                    null,
                    0
                ]
            }
        },
        "52": {
            "SPIN": {
                "class": "SpinConcept",
                "wc": {
                    "class": "WaveConcept",
                    "nice_chance": 0.5,
                    "unnice_chance": 0.5789467647602338,
                    "off_unnice_chance": 0,
                    "freqhood_dist": [
                        0,
                        0.45,
                        1,
                        null,
                        0
                    ],
                    "numerhood_dist": [
                        0,
                        0,
                        1,
                        null,
                        0
                    ],
                    "denomhood_dist": [
                        0,
                        0,
                        1,
                        null,
                        0
                    ],
                    "unnice_dist": [
                        -1,
                        -0.000681473514283732,
                        1,
                        0.8647360053071563,
                        0
                    ],
                    "offreqhood_dist": [
                        0,
                        0.45,
                        1,
                        null,
                        0
                    ],
                    "offdex_dist": [
                        0,
                        0,
                        1,
                        0.5,
                        0
                    ],
                    "off_unnice_dist": [
                        -1,
                        0,
                        1,
                        null,
                        0
                    ]
                },
                "fc": {
                    "class": "FanConcept",
                    "shift_dist": [
                        -1,
                        1,
                        1,
                        null,
                        0
                    ],
                    "logweight_dist": [
                        0,
                        0,
                        0.5,
                        null,
                        0.125
                    ]
                },
                "antiwise_chance": 0.1840393513720846,
                "armhood_dist": [
                    0,
                    0.13002375488997864,
                    1,
                    null,
                    0.125
                ]
            }
        },
        "30": {
            "GMEAN": null
        },
        "31": {
            "GMEAN": null
        },
        "46": {
            "GMEAN": null
        },
        "50": {
            "GMEAN": null
        },
        "32": {
            "INV": null
        },
        "48": {
            "INV": null
        },
        "49": {
            "INV": null
        },
        "33": {
            "POWER": {
                "class": "PowerConcept",
                "weighing_base_chance": 0.5,
                "base_weight_dist": [
                    0,
                    0.3195335779629691,
                    1,
                    null,
                    0
                ],
                "exp_weight_dist": [
                    0,
                    1,
                    1,
                    null,
                    0
                ],
                "exp_lifthood_dist": [
                    0,
                    0,
                    1,
                    null,
                    0
                ]
            }
        },
        "38": {
            "POWER": {
                "class": "PowerConcept",
                "weighing_base_chance": 0.5,
                "base_weight_dist": [
                    0,
                    1,
                    1,
                    null,
                    0
                ],
                "exp_weight_dist": [
                    0,
                    1,
                    1,
                    null,
                    0
                ],
                "exp_lifthood_dist": [
                    0,
                    0.2605132346275737,
                    1,
                    null,
                    0
                ]
            }
        },
        "40": {
            "POWER": {
                "class": "PowerConcept",
                "weighing_base_chance": 0,
                "base_weight_dist": [
                    0,
                    1,
                    1,
                    null,
                    0
                ],
                "exp_weight_dist": [
                    0,
                    0.3826067837728002,
                    1,
                    null,
                    0
                ],
                "exp_lifthood_dist": [
                    0,
                    0,
                    1,
                    null,
                    0
                ]
            }
        },
        "35": {
            "ARCFAN": {
                "class": "ArcfanConcept",
                "fc": {
                    "class": "FanConcept",
                    "shift_dist": [
                        -1,
                        1,
                        1,
                        0.5,
                        0.125
                    ],
                    "logweight_dist": [
                        -9.497229861949542,
                        -9.497229861949542,
                        -1.129573613681103,
                        null,
                        0.125
                    ]
                }
            }
        }
    },
    "correlator": [
        {
            "class": "Correlation",
            "isotopeID_0": 35,
            "element_0": "ARCFAN",
            "param_index_0": 1,
            "isotopeID_1": 44,
            "element_1": "SPIN",
            "param_index_1": 0,
            "relation_c": 0,
            "relation_r": 0,
            "strength": 0.8064264538209323
        },
        {
            "class": "Correlation",
            "isotopeID_0": 53,
            "element_0": "MINX",
            "param_index_0": 0,
            "isotopeID_1": 43,
            "element_1": "SPIN",
            "param_index_1": 4,
            "relation_c": 0,
            "relation_r": 0,
            "strength": -0.6226746954576041
        },
        {
            "class": "Correlation",
            "isotopeID_0": 43,
            "element_0": "SPIN",
            "param_index_0": 1,
            "isotopeID_1": 52,
            "element_1": "SPIN",
            "param_index_1": 4,
            "relation_c": 0,
            "relation_r": 0,
            "strength": -0.9252230683025908
        },
        {
            "class": "Correlation",
            "isotopeID_0": 12,
            "element_0": "X",
            "param_index_0": 0,
            "isotopeID_1": 29,
            "element_1": "SPIN",
            "param_index_1": 0,
            "relation_c": 0,
            "relation_r": 0,
            "strength": 0.9899998709870377
        },
        {
            "class": "Correlation",
            "isotopeID_0": 18,
            "element_0": "Y",
            "param_index_0": 0,
            "isotopeID_1": 39,
            "element_1": "SPIN",
            "param_index_1": 2,
            "relation_c": 0,
            "relation_r": 2,
            "strength": -0.4346907491116885
        },
        {
            "class": "Correlation",
            "isotopeID_0": 52,
            "element_0": "SPIN",
            "param_index_0": 3,
            "isotopeID_1": 20,
            "element_1": "Y",
            "param_index_1": 0,
            "relation_c": 0,
            "relation_r": 0,
            "strength": -0.02114919704676743
        },
        {
            "class": "Correlation",
            "isotopeID_0": 35,
            "element_0": "ARCFAN",
            "param_index_0": 0,
            "isotopeID_1": 38,
            "element_1": "POWER",
            "param_index_1": 0,
            "relation_c": 0,
            "relation_r": 0,
            "strength": 0.8071150329272443
        },
        {
            "class": "Correlation",
            "isotopeID_0": 52,
            "element_0": "SPIN",
            "param_index_0": 0,
            "isotopeID_1": 29,
            "element_1": "SPIN",
            "param_index_1": 3,
            "relation_c": 0,
            "relation_r": 0,
            "strength": 0.4406889296435328
        },
        {
            "class": "Correlation",
            "isotopeID_0": 51,
            "element_0": "SPIN",
            "param_index_0": 2,
            "isotopeID_1": 51,
            "element_1": "SPIN",
            "param_index_1": 3,
            "relation_c": 0,
            "relation_r": 0,
            "strength": 0.7088774417169856
        },
        {
            "class": "Correlation",
            "isotopeID_0": 29,
            "element_0": "SPIN",
            "param_index_0": 4,
            "isotopeID_1": 13,
            "element_1": "X",
            "param_index_1": 0,
            "relation_c": 0,
            "relation_r": 0,
            "strength": 0.6975393432532317
        },
        {
            "class": "Correlation",
            "isotopeID_0": 16,
            "element_0": "X",
            "param_index_0": 0,
            "isotopeID_1": 41,
            "element_1": "MINX",
            "param_index_1": 0,
            "relation_c": 0,
            "relation_r": 4,
            "strength": -0.6027589474866313
        },
        {
            "class": "Correlation",
            "isotopeID_0": 52,
            "element_0": "SPIN",
            "param_index_0": 2,
            "isotopeID_1": 47,
            "element_1": "SPIN",
            "param_index_1": 4,
            "relation_c": 0,
            "relation_r": 0,
            "strength": 0.2858411597278283
        },
        {
            "class": "Correlation",
            "isotopeID_0": 24,
            "element_0": "Y",
            "param_index_0": 0,
            "isotopeID_1": 39,
            "element_1": "SPIN",
            "param_index_1": 1,
            "relation_c": 0,
            "relation_r": 0,
            "strength": 0.24395626532439407
        },
        {
            "class": "Correlation",
            "isotopeID_0": 47,
            "element_0": "SPIN",
            "param_index_0": 0,
            "isotopeID_1": 19,
            "element_1": "Y",
            "param_index_1": 0,
            "relation_c": 0,
            "relation_r": 0,
            "strength": 0.7913690275252951
        },
        {
            "class": "Correlation",
            "isotopeID_0": 51,
            "element_0": "SPIN",
            "param_index_0": 4,
            "isotopeID_1": 8,
            "element_1": "X",
            "param_index_1": 0,
            "relation_c": 0,
            "relation_r": 0,
            "strength": 0.8600819412762957
        },
        {
            "class": "Correlation",
            "isotopeID_0": 14,
            "element_0": "X",
            "param_index_0": 0,
            "isotopeID_1": 39,
            "element_1": "SPIN",
            "param_index_1": 3,
            "relation_c": 0,
            "relation_r": 0,
            "strength": 0.5910272292290994
        },
        {
            "class": "Correlation",
            "isotopeID_0": 42,
            "element_0": "MINX",
            "param_index_0": 0,
            "isotopeID_1": 11,
            "element_1": "X",
            "param_index_1": 0,
            "relation_c": 0,
            "relation_r": 0,
            "strength": 0.8642007289886808
        },
        {
            "class": "Correlation",
            "isotopeID_0": 29,
            "element_0": "SPIN",
            "param_index_0": 2,
            "isotopeID_1": 28,
            "element_1": "MINX",
            "param_index_1": 0,
            "relation_c": 0,
            "relation_r": 0,
            "strength": -0.044252130541046375
        },
        {
            "class": "Correlation",
            "isotopeID_0": 33,
            "element_0": "POWER",
            "param_index_0": 0,
            "isotopeID_1": 51,
            "element_1": "SPIN",
            "param_index_1": 0,
            "relation_c": 0,
            "relation_r": 0,
            "strength": -0.6707240441650144
        }
    ],
    "calmer": {
        "class": "Calmer",
        "hue_dist": [
            0,
            0,
            1,
            0.9923037896475411,
            0
        ],
        "sat_dist": [
            0,
            0,
            1,
            0.4038706223264349,
            0.08
        ],
        "val_dist": [
            0,
            0,
            1,
            0.9289454925122532,
            0.08
        ],
        "pal_dist": [
            0,
            0.7154675239282574,
            2,
            0.569782488155499,
            0.22008710627064712
        ],
        "gradience_dd": [
            [
                0,
                0.2555747759458723,
                1,
                0.265948400293912,
                4.784141671152998e-06
            ],
            0.00013514003152291054,
            9.717828818600569e-06,
            [
                0,
                0.060454378052989366,
                1,
                0.8052769166649419,
                0.07170827503929765
            ],
            1.8598986914607777e-05,
            0.033554850111264516
        ],
        "unarm_dist": [
            0,
            0.31491524552395234,
            1,
            0.7418495816719792,
            0.37409913976431297
        ],
        "unaim_dist": [
            1,
            4.334693571718118,
            20,
            0.34333165185845516,
            0.048838633673786866
        ]
    }
}