{
    "class": "Version",
    "prism": [
        6,
        9.133809451210473,
        20.5,
        0.529670976818982,
        0.08
    ],
    "puddle": {
        "class": "Puddle",
        "hue_dirtiness_dist": [
            0.2944926482811112,
            0.8426037583408689,
            0.9740751877540981,
            0.9812263594272486,
            6.277228929658996e-06
        ],
        "sat_dirtiness_dist": [
            0.05566291569963289,
            0.963344518711977,
            0.9752044591149672,
            0.1296871673797757,
            0.00032358066467515396
        ],
        "val_dirtiness_dist": [
            0.9707492166393935,
            1.0241000665306053,
            1.0822357373646805,
            0.34723921694384974,
            0.0043951340929317
        ],
        "hue_stillness_dist": [
            0.11851538533284912,
            0.12432888633608073,
            0.650086204608836,
            0.9232510081688675,
            0.15120994734128165
        ],
        "sat_stillness_dist": [
            0.018460579709874726,
            0.03651550269749422,
            0.0642592847577941,
            0.47005255088602704,
            0.5195154510023537
        ],
        "val_stillness_dist": [
            0.0589385849856091,
            0.14843494964109116,
            0.1546524886440817,
            0.16147840632410226,
            0.4549930726913828
        ]
    },
    "pasteller": {
        "class": "Pasteller",
        "frac_mid": 0.146210425763407,
        "amt_sharp": 0.4853396457527856
    },
    "permuter": [
        5.40678268044445,
        5.9604851894332045,
        6.032447385745255,
        0.8018778049971833,
        0.2140554923080452
    ],
    "procession": 1.8058273596837453,
    "controller": {
        "8": {
            "class": "Control",
            "submute": [],
            "constraint": 0.9091489667441357
        },
        "9": {
            "class": "Control",
            "submute": [],
            "constraint": 0.9959586437997736
        },
        "10": {
            "class": "Control",
            "submute": [],
            "constraint": 0.994155173437967
        },
        "11": {
            "class": "Control",
            "submute": [],
            "constraint": 0.7630998705152318
        },
        "12": {
            "class": "Control",
            "submute": [],
            "constraint": 0.9972842441911167
        },
        "13": {
            "class": "Control",
            "submute": [],
            "constraint": 0.9682464437241616
        },
        "18": {
            "class": "Control",
            "submute": [],
            "constraint": 0.9998230228823791
        },
        "21": {
            "class": "Control",
            "submute": [],
            "constraint": 0.2108554814730783
        },
        "22": {
            "class": "Control",
            "submute": [],
            "constraint": 0.9994135001202071
        },
        "25": {
            "class": "Control",
            "submute": [
                1
            ],
            "constraint": 0.8476774653015318
        },
        "26": {
            "class": "Control",
            "submute": [
                8,
                4,
                10,
                0,
                6,
                6,
                13,
                10,
                3,
                2,
                8,
                14,
                0,
                2,
                5,
                4,
                10
            ],
            "constraint": 0.998855647733375
        },
        "33": {
            "class": "Control",
            "submute": [
                0
            ],
            "constraint": 0.9165711138908147
        },
        "34": {
            "class": "Control",
            "submute": [
                0
            ],
            "constraint": 0.9186964356162813
        },
        "35": {
            "class": "Control",
            "submute": [
                0,
                1
            ],
            "constraint": 0.44465438831353143
        },
        "36": {
            "class": "Control",
            "submute": [
                14,
                11,
                11,
                1,
                9,
                12,
                7,
                9,
                11,
                9,
                1,
                1,
                1,
                14,
                14,
                19,
                8,
                13,
                16,
                5
            ],
            "constraint": 0.9971911786698751
        },
        "39": {
            "class": "Control",
            "submute": [
                0
            ],
            "constraint": 0.8423242156611859
        },
        "42": {
            "class": "Control",
            "submute": [
                1,
                3,
                1,
                1
            ],
            "constraint": 0.3498174280655657
        },
        "43": {
            "class": "Control",
            "submute": [
                0,
                0
            ],
            "constraint": 0.49387768422641976
        }
    },
    "conceiver": {
        "8": {
            "X": {
                "class": "CartConcept",
                "nice_chance": 1,
                "unnice_chance": 0,
                "mean_dist": [
                    0,
                    0.8796533057290135,
                    1,
                    null,
                    0
                ],
                "freqhood_dist": [
                    0,
                    0.45,
                    1,
                    0.5,
                    0
                ],
                "index_dist": [
                    0,
                    1,
                    1,
                    1,
                    0
                ],
                "unnice_dist": [
                    -0.5,
                    0.5,
                    0.5,
                    null,
                    0
                ],
                "updating": false
            }
        },
        "9": {
            "X": {
                "class": "CartConcept",
                "nice_chance": 0,
                "unnice_chance": 0.44589648395241077,
                "mean_dist": [
                    0,
                    0,
                    1,
                    1,
                    0
                ],
                "freqhood_dist": [
                    0,
                    0.9107932616781811,
                    1,
                    null,
                    0
                ],
                "index_dist": [
                    0,
                    1,
                    1,
                    0.5,
                    0
                ],
                "unnice_dist": [
                    -0.5,
                    0,
                    0.5,
                    null,
                    0.125
                ],
                "updating": false
            }
        },
        "10": {
            "X": {
                "class": "CartConcept",
                "nice_chance": 0.5,
                "unnice_chance": 0,
                "mean_dist": [
                    0,
                    1,
                    1,
                    0.12692984817316422,
                    0
                ],
                "freqhood_dist": [
                    0,
                    0,
                    1,
                    null,
                    0
                ],
                "index_dist": [
                    0,
                    1,
                    1,
                    null,
                    0
                ],
                "unnice_dist": [
                    -0.5,
                    0,
                    0.5,
                    null,
                    0
                ],
                "updating": false
            }
        },
        "11": {
            "X": {
                "class": "CartConcept",
                "nice_chance": 1,
                "unnice_chance": 1,
                "mean_dist": [
                    0,
                    0,
                    1,
                    null,
                    0.125
                ],
                "freqhood_dist": [
                    0,
                    0.35,
                    1,
                    null,
                    0
                ],
                "index_dist": [
                    0,
                    0,
                    1,
                    null,
                    0
                ],
                "unnice_dist": [
                    -0.5,
                    0,
                    0.5,
                    0,
                    0
                ],
                "updating": true
            }
        },
        "12": {
            "X": {
                "class": "CartConcept",
                "nice_chance": 1,
                "unnice_chance": 0.5,
                "mean_dist": [
                    0,
                    1,
                    1,
                    null,
                    0.28856093207933536
                ],
                "freqhood_dist": [
                    0,
                    0.45,
                    1,
                    1,
                    0
                ],
                "index_dist": [
                    0,
                    1,
                    1,
                    0.5,
                    0
                ],
                "unnice_dist": [
                    -0.5,
                    0,
                    0.5,
                    0.5,
                    0
                ],
                "updating": false
            }
        },
        "13": {
            "X": {
                "class": "CartConcept",
                "nice_chance": 1,
                "unnice_chance": 0.44589648395241077,
                "mean_dist": [
                    0,
                    0,
                    1,
                    null,
                    0
                ],
                "freqhood_dist": [
                    0,
                    0.35,
                    1,
                    0.5,
                    0
                ],
                "index_dist": [
                    0,
                    0,
                    1,
                    null,
                    0
                ],
                "unnice_dist": [
                    -0.5,
                    0.5,
                    0.5,
                    0,
                    0.125
                ],
                "updating": false
            }
        },
        "14": {
            "X": {
                "class": "CartConcept",
                "nice_chance": 1,
                "unnice_chance": 1,
                "mean_dist": [
                    0,
                    0,
                    1,
                    null,
                    0
                ],
                "freqhood_dist": [
                    0,
                    0,
                    1,
                    1,
                    0.125
                ],
                "index_dist": [
                    0,
                    1,
                    1,
                    0.5,
                    0
                ],
                "unnice_dist": [
                    -0.5,
                    0.5,
                    0.5,
                    null,
                    0
                ],
                "updating": false
            }
        },
        "15": {
            "X": {
                "class": "CartConcept",
                "nice_chance": 1,
                "unnice_chance": 0.5,
                "mean_dist": [
                    0,
                    1,
                    1,
                    null,
                    0
                ],
                "freqhood_dist": [
                    0,
                    0.45,
                    1,
                    null,
                    0
                ],
                "index_dist": [
                    0,
                    1,
                    1,
                    null,
                    0.125
                ],
                "unnice_dist": [
                    -0.5,
                    0.5,
                    0.5,
                    0,
                    0.125
                ],
                "updating": true
            }
        },
        "16": {
            "Y": {
                "class": "CartConcept",
                "nice_chance": 0.5,
                "unnice_chance": 0.8944245559058666,
                "mean_dist": [
                    0,
                    0.6280217530127344,
                    1,
                    null,
                    0
                ],
                "freqhood_dist": [
                    0,
                    0.35,
                    1,
                    null,
                    0.125
                ],
                "index_dist": [
                    0,
                    1,
                    1,
                    1,
                    0
                ],
                "unnice_dist": [
                    -0.5,
                    0.5,
                    0.5,
                    0,
                    0
                ],
                "updating": false
            }
        },
        "17": {
            "Y": {
                "class": "CartConcept",
                "nice_chance": 0,
                "unnice_chance": 0,
                "mean_dist": [
                    0,
                    1,
                    1,
                    null,
                    0
                ],
                "freqhood_dist": [
                    0,
                    0.45,
                    1,
                    0,
                    0.125
                ],
                "index_dist": [
                    0,
                    1,
                    1,
                    null,
                    0
                ],
                "unnice_dist": [
                    -0.5,
                    0,
                    0.5,
                    1,
                    0
                ],
                "updating": true
            }
        },
        "18": {
            "Y": {
                "class": "CartConcept",
                "nice_chance": 0.5,
                "unnice_chance": 1,
                "mean_dist": [
                    0,
                    0.5,
                    1,
                    0.5,
                    0
                ],
                "freqhood_dist": [
                    0,
                    0.35,
                    1,
                    null,
                    0
                ],
                "index_dist": [
                    0,
                    1,
                    1,
                    1,
                    0.125
                ],
                "unnice_dist": [
                    -0.5,
                    0,
                    0.5,
                    null,
                    0
                ],
                "updating": true
            }
        },
        "19": {
            "Y": {
                "class": "CartConcept",
                "nice_chance": 0,
                "unnice_chance": 0.5,
                "mean_dist": [
                    0,
                    0,
                    1,
                    null,
                    0.125
                ],
                "freqhood_dist": [
                    0,
                    0.35,
                    1,
                    0.5,
                    0
                ],
                "index_dist": [
                    0,
                    0.23531638513190878,
                    1,
                    null,
                    0
                ],
                "unnice_dist": [
                    -0.5,
                    0.5,
                    0.5,
                    null,
                    0.125
                ],
                "updating": false
            }
        },
        "20": {
            "Y": {
                "class": "CartConcept",
                "nice_chance": 0.479659874939374,
                "unnice_chance": 0,
                "mean_dist": [
                    0,
                    0,
                    1,
                    null,
                    0
                ],
                "freqhood_dist": [
                    0,
                    0,
                    1,
                    null,
                    0
                ],
                "index_dist": [
                    0,
                    0,
                    1,
                    null,
                    0
                ],
                "unnice_dist": [
                    -0.5,
                    0,
                    0.5,
                    null,
                    0.11654677935349586
                ],
                "updating": true
            }
        },
        "21": {
            "Y": {
                "class": "CartConcept",
                "nice_chance": 0.5,
                "unnice_chance": 0,
                "mean_dist": [
                    0,
                    1,
                    1,
                    null,
                    0
                ],
                "freqhood_dist": [
                    0,
                    0.45,
                    1,
                    null,
                    0.125
                ],
                "index_dist": [
                    0,
                    1,
                    1,
                    0,
                    0
                ],
                "unnice_dist": [
                    -0.5,
                    0,
                    0.5,
                    null,
                    0
                ],
                "updating": true
            }
        },
        "22": {
            "Y": {
                "class": "CartConcept",
                "nice_chance": 0.5,
                "unnice_chance": 0,
                "mean_dist": [
                    0,
                    1,
                    1,
                    0,
                    0
                ],
                "freqhood_dist": [
                    0,
                    0.35,
                    1,
                    null,
                    0.125
                ],
                "index_dist": [
                    0,
                    1,
                    1,
                    1,
                    0
                ],
                "unnice_dist": [
                    -0.5,
                    0.5,
                    0.5,
                    null,
                    0
                ],
                "updating": false
            }
        },
        "23": {
            "Y": {
                "class": "CartConcept",
                "nice_chance": 0.5,
                "unnice_chance": 0,
                "mean_dist": [
                    0,
                    1,
                    1,
                    null,
                    0
                ],
                "freqhood_dist": [
                    0,
                    0.35,
                    1,
                    null,
                    0
                ],
                "index_dist": [
                    0,
                    1,
                    1,
                    null,
                    0.125
                ],
                "unnice_dist": [
                    -0.5,
                    0,
                    0.5,
                    0.5,
                    0
                ],
                "updating": false
            }
        },
        "24": {
            "Y": {
                "class": "CartConcept",
                "nice_chance": 0.5,
                "unnice_chance": 0,
                "mean_dist": [
                    0,
                    0.6280217530127344,
                    1,
                    null,
                    0.0033458960934167805
                ],
                "freqhood_dist": [
                    0,
                    0.6772886955964408,
                    1,
                    null,
                    0
                ],
                "index_dist": [
                    0,
                    1,
                    1,
                    1,
                    0
                ],
                "unnice_dist": [
                    -0.5,
                    0,
                    0.5,
                    null,
                    0.125
                ],
                "updating": true
            }
        },
        "25": {
            "INV": null
        },
        "27": {
            "INV": null
        },
        "31": {
            "INV": null
        },
        "32": {
            "INV": null
        },
        "34": {
            "INV": null
        },
        "36": {
            "INV": null
        },
        "44": {
            "INV": null
        },
        "26": {
            "MINX": {
                "class": "MinxConcept",
                "maxing_chance": 0.5,
                "wc": {
                    "class": "WeightConcept",
                    "balanced_amt_dist": [
                        0,
                        1,
                        1,
                        0,
                        0
                    ],
                    "imbalanced_base_dist": [
                        0,
                        0.2,
                        5,
                        null,
                        0
                    ],
                    "reversing_chance": 0,
                    "shufflity_dist": [
                        0,
                        0,
                        1,
                        0.5,
                        0
                    ],
                    "starting_index_dist": [
                        0,
                        0,
                        1,
                        0.5,
                        0
                    ]
                }
            }
        },
        "41": {
            "MINX": {
                "class": "MinxConcept",
                "maxing_chance": 1,
                "wc": {
                    "class": "WeightConcept",
                    "balanced_amt_dist": [
                        0,
                        1,
                        1,
                        null,
                        0
                    ],
                    "imbalanced_base_dist": [
                        0,
                        5,
                        5,
                        null,
                        0
                    ],
                    "reversing_chance": 1,
                    "shufflity_dist": [
                        0,
                        1,
                        1,
                        0.5,
                        0
                    ],
                    "starting_index_dist": [
                        0,
                        0,
                        1,
                        1,
                        0
                    ]
                }
            }
        },
        "42": {
            "MINX": {
                "class": "MinxConcept",
                "maxing_chance": 0,
                "wc": {
                    "class": "WeightConcept",
                    "balanced_amt_dist": [
                        0,
                        1,
                        1,
                        0.5,
                        0
                    ],
                    "imbalanced_base_dist": [
                        0,
                        1,
                        5,
                        1,
                        0
                    ],
                    "reversing_chance": 1,
                    "shufflity_dist": [
                        0,
                        1,
                        1,
                        1,
                        0
                    ],
                    "starting_index_dist": [
                        0,
                        0,
                        1,
                        null,
                        0
                    ]
                }
            }
        },
        "28": {
            "GMEAN": null
        },
        "29": {
            "POWER": {
                "class": "PowerConcept",
                "weighing_base_chance": 1,
                "base_weight_dist": [
                    0,
                    1,
                    1,
                    null,
                    0
                ],
                "exp_weight_dist": [
                    0,
                    1,
                    1,
                    null,
                    0
                ],
                "exp_lifthood_dist": [
                    0,
                    0,
                    1,
                    0.813620207770045,
                    0
                ]
            }
        },
        "30": {
            "POWER": {
                "class": "PowerConcept",
                "weighing_base_chance": 0.5,
                "base_weight_dist": [
                    0,
                    1,
                    1,
                    1,
                    0
                ],
                "exp_weight_dist": [
                    0,
                    1,
                    1,
                    0,
                    0
                ],
                "exp_lifthood_dist": [
                    0,
                    0,
                    1,
                    null,
                    0
                ]
            }
        },
        "33": {
            "POWER": {
                "class": "PowerConcept",
                "weighing_base_chance": 0.5,
                "base_weight_dist": [
                    0,
                    1,
                    1,
                    null,
                    0
                ],
                "exp_weight_dist": [
                    0,
                    1,
                    1,
                    null,
                    0
                ],
                "exp_lifthood_dist": [
                    0,
                    1,
                    1,
                    null,
                    0
                ]
            }
        },
        "43": {
            "POWER": {
                "class": "PowerConcept",
                "weighing_base_chance": 0.5,
                "base_weight_dist": [
                    0,
                    1,
                    1,
                    0.5,
                    0
                ],
                "exp_weight_dist": [
                    0,
                    1,
                    1,
                    0,
                    0
                ],
                "exp_lifthood_dist": [
                    0,
                    1,
                    1,
                    null,
                    0
                ]
            }
        },
        "35": {
            "AMEAN": {
                "class": "AmeanConcept",
                "wc": {
                    "class": "WeightConcept",
                    "balanced_amt_dist": [
                        0,
                        0.6538039037489668,
                        1,
                        0,
                        0
                    ],
                    "imbalanced_base_dist": [
                        0,
                        1,
                        5,
                        0.5,
                        0
                    ],
                    "reversing_chance": 1,
                    "shufflity_dist": [
                        0,
                        0,
                        1,
                        null,
                        0
                    ],
                    "starting_index_dist": [
                        0,
                        0,
                        1,
                        0.5,
                        0
                    ]
                }
            }
        },
        "37": {
            "POW": {
                "class": "PowConcept",
                "logex_dist": [
                    0,
                    0,
                    11.554526202546096,
                    null,
                    0.013726727659798427
                ]
            }
        },
        "38": {
            "SPIN": {
                "class": "SpinConcept",
                "wc": {
                    "class": "WaveConcept",
                    "nice_chance": 0,
                    "unnice_chance": 1,
                    "off_unnice_chance": 0,
                    "freqhood_dist": [
                        0,
                        0.35,
                        1,
                        0,
                        0
                    ],
                    "numerhood_dist": [
                        0,
                        0,
                        1,
                        1,
                        0
                    ],
                    "denomhood_dist": [
                        0,
                        0,
                        1,
                        null,
                        0
                    ],
                    "unnice_dist": [
                        -1,
                        0,
                        1,
                        null,
                        0
                    ],
                    "offreqhood_dist": [
                        0,
                        0.45,
                        1,
                        null,
                        0
                    ],
                    "offdex_dist": [
                        0,
                        0,
                        1,
                        null,
                        0
                    ],
                    "off_unnice_dist": [
                        -1,
                        0,
                        1,
                        0.5,
                        0
                    ]
                },
                "fc": {
                    "class": "FanConcept",
                    "shift_dist": [
                        -1,
                        0,
                        1,
                        null,
                        0
                    ],
                    "logweight_dist": [
                        0,
                        0,
                        1,
                        0,
                        0.125
                    ]
                },
                "antiwise_chance": 0,
                "armhood_dist": [
                    0,
                    0.5,
                    1,
                    0.5,
                    0.125
                ]
            }
        },
        "39": {
            "RAND": {
                "class": "RandConcept",
                "freqhood_dist": [
                    0,
                    0.35,
                    1,
                    null,
                    0
                ],
                "squarity_dist": [
                    0,
                    0.5,
                    1,
                    null,
                    0.125
                ]
            }
        },
        "40": {
            "IT": {
                "class": "ItConcept",
                "iterance_0_dist": [
                    1,
                    1.0,
                    1,
                    0.5,
                    0.08
                ],
                "iterance_1_dist": [
                    1,
                    7.6171269886316875,
                    14.234253977263375,
                    null,
                    0
                ],
                "xlike_chance": 0.8715792577741001
            }
        }
    },
    "correlator": [
        {
            "class": "Correlation",
            "isotopeID_0": 17,
            "element_0": "Y",
            "param_index_0": 0,
            "isotopeID_1": 11,
            "element_1": "X",
            "param_index_1": 0,
            "relation_c": 0,
            "relation_r": 0,
            "strength": 0.9130482425477204
        },
        {
            "class": "Correlation",
            "isotopeID_0": 39,
            "element_0": "RAND",
            "param_index_0": 1,
            "isotopeID_1": 30,
            "element_1": "POWER",
            "param_index_1": 0,
            "relation_c": 0,
            "relation_r": 0,
            "strength": -0.6794137761987336
        },
        {
            "class": "Correlation",
            "isotopeID_0": 38,
            "element_0": "SPIN",
            "param_index_0": 2,
            "isotopeID_1": 29,
            "element_1": "POWER",
            "param_index_1": 0,
            "relation_c": 0,
            "relation_r": 0,
            "strength": 0.879627255655028
        },
        {
            "class": "Correlation",
            "isotopeID_0": 38,
            "element_0": "SPIN",
            "param_index_0": 1,
            "isotopeID_1": 8,
            "element_1": "X",
            "param_index_1": 0,
            "relation_c": 0,
            "relation_r": 0,
            "strength": 0.5723793423309989
        },
        {
            "class": "Correlation",
            "isotopeID_0": 23,
            "element_0": "Y",
            "param_index_0": 0,
            "isotopeID_1": 26,
            "element_1": "MINX",
            "param_index_1": 0,
            "relation_c": 0,
            "relation_r": 0,
            "strength": 0.007615831274409901
        },
        {
            "class": "Correlation",
            "isotopeID_0": 18,
            "element_0": "Y",
            "param_index_0": 0,
            "isotopeID_1": 22,
            "element_1": "Y",
            "param_index_1": 0,
            "relation_c": 0,
            "relation_r": 0,
            "strength": -0.23255830232459362
        },
        {
            "class": "Correlation",
            "isotopeID_0": 19,
            "element_0": "Y",
            "param_index_0": 0,
            "isotopeID_1": 38,
            "element_1": "SPIN",
            "param_index_1": 3,
            "relation_c": 0,
            "relation_r": 0,
            "strength": -0.9476810929498167
        },
        {
            "class": "Correlation",
            "isotopeID_0": 42,
            "element_0": "MINX",
            "param_index_0": 0,
            "isotopeID_1": 37,
            "element_1": "POW",
            "param_index_1": 0,
            "relation_c": 0,
            "relation_r": 0,
            "strength": 0.41438642927800706
        },
        {
            "class": "Correlation",
            "isotopeID_0": 38,
            "element_0": "SPIN",
            "param_index_0": 0,
            "isotopeID_1": 12,
            "element_1": "X",
            "param_index_1": 0,
            "relation_c": 0,
            "relation_r": 0,
            "strength": -0.031628032189624955
        },
        {
            "class": "Correlation",
            "isotopeID_0": 15,
            "element_0": "X",
            "param_index_0": 0,
            "isotopeID_1": 21,
            "element_1": "Y",
            "param_index_1": 0,
            "relation_c": 0,
            "relation_r": 0,
            "strength": -0.07439985157494111
        },
        {
            "class": "Correlation",
            "isotopeID_0": 14,
            "element_0": "X",
            "param_index_0": 0,
            "isotopeID_1": 13,
            "element_1": "X",
            "param_index_1": 0,
            "relation_c": 0,
            "relation_r": 0,
            "strength": -0.45627456065546035
        },
        {
            "class": "Correlation",
            "isotopeID_0": 10,
            "element_0": "X",
            "param_index_0": 0,
            "isotopeID_1": 16,
            "element_1": "Y",
            "param_index_1": 0,
            "relation_c": 0,
            "relation_r": 0,
            "strength": -0.6137083251072182
        },
        {
            "class": "Correlation",
            "isotopeID_0": 20,
            "element_0": "Y",
            "param_index_0": 0,
            "isotopeID_1": 39,
            "element_1": "RAND",
            "param_index_1": 0,
            "relation_c": 0,
            "relation_r": 0,
            "strength": -0.14106102487178473
        }
    ],
    "calmer": {
        "class": "Calmer",
        "hue_dist": [
            0,
            0,
            1,
            0.8894567372486392,
            0
        ],
        "sat_dist": [
            0,
            0,
            1,
            0.9623122117940544,
            0.08
        ],
        "val_dist": [
            0,
            0,
            1,
            0.8860760894437733,
            0.08
        ],
        "pal_dist": [
            0,
            0.06965634115061525,
            2,
            0.8429020499611243,
            0.7518793114950635
        ],
        "gradience_dd": [
            [
                0,
                0.8624267024583351,
                1,
                0.5413488128685073,
                0.009620212431204757
            ],
            0.03780010360293385,
            1.4288230941047396e-05,
            [
                0,
                0.3651662711261776,
                1,
                0.9914257493733691,
                0.10084687919132299
            ],
            0.11098517245668722,
            0.3049619177229011
        ],
        "unarm_dist": [
            0,
            0.19696917232001532,
            1,
            0.31898331368458854,
            0.07845563351437902
        ],
        "unaim_dist": [
            1,
            5.415446878239151,
            20,
            0.3476968741267794,
            0.22786939620994434
        ]
    }
}