{
    "class": "Version",
    "prism": [
        6,
        9.13471321818161,
        20.5,
        0.4601343301541416,
        0.08
    ],
    "puddle": {
        "class": "Puddle",
        "hue_dirtiness_dist": [
            0.8794122117007409,
            0.9740627017847541,
            1.0542078679845348,
            0.835120514958981,
            0.8976562102820118
        ],
        "sat_dirtiness_dist": [
            0.9553707944759965,
            1.0704022248684484,
            1.0874221921920926,
            0.9400977848960023,
            0.02652034713079392
        ],
        "val_dirtiness_dist": [
            0.9153964806093389,
            1.002677280436436,
            1.0472528874458444,
            0.7045404941498348,
            0.2287200739931774
        ],
        "hue_stillness_dist": [
            0.014884255339051928,
            0.13612039234876538,
            0.16062404608124067,
            0.030298359002009057,
            0.0022194169259473194
        ],
        "sat_stillness_dist": [
            0.0325033421582705,
            0.041041562801822196,
            0.042852620896408414,
            0.16934381319811276,
            0.009212906575374595
        ],
        "val_stillness_dist": [
            0.005966571560963176,
            0.05367868872547357,
            0.7109117514752463,
            0.10581307170950649,
            0.5021403387421034
        ]
    },
    "pasteller": {
        "class": "Pasteller",
        "frac_mid": 0.08420284954790161,
        "amt_sharp": 0.6457150330188771
    },
    "permuter": [
        6.441094305051274,
        6.511738969190798,
        7.495496216640305,
        0.3608171708428656,
        0.005165725689396932
    ],
    "procession": 1.8,
    "controller": {
        "8": {
            "class": "Control",
            "submute": [],
            "constraint": 0.7303555156922026
        },
        "13": {
            "class": "Control",
            "submute": [],
            "constraint": 0.9992431128249486
        },
        "15": {
            "class": "Control",
            "submute": [],
            "constraint": 0.6635839534770387
        },
        "19": {
            "class": "Control",
            "submute": [],
            "constraint": 0.9059340463288126
        },
        "20": {
            "class": "Control",
            "submute": [],
            "constraint": 0.9999996711851075
        },
        "21": {
            "class": "Control",
            "submute": [],
            "constraint": 0.05812163072642329
        },
        "22": {
            "class": "Control",
            "submute": [],
            "constraint": 0.9999536557604286
        },
        "26": {
            "class": "Control",
            "submute": [],
            "constraint": 0.9983357267502226
        },
        "27": {
            "class": "Control",
            "submute": [],
            "constraint": 0.5371716002567295
        },
        "39": {
            "class": "Control",
            "submute": [
                0
            ],
            "constraint": 0.6112310002167853
        },
        "41": {
            "class": "Control",
            "submute": [
                0
            ],
            "constraint": 0.9988987810108033
        },
        "44": {
            "class": "Control",
            "submute": [
                2,
                3,
                3,
                3
            ],
            "constraint": 0.11838428162009962
        },
        "46": {
            "class": "Control",
            "submute": [
                0
            ],
            "constraint": 0.9966694629837752
        },
        "48": {
            "class": "Control",
            "submute": [
                0,
                2,
                1
            ],
            "constraint": 0.9999974170149432
        },
        "52": {
            "class": "Control",
            "submute": [
                1,
                1
            ],
            "constraint": 0.3154198155276613
        },
        "55": {
            "class": "Control",
            "submute": [
                0
            ],
            "constraint": 0.7247741491389896
        },
        "57": {
            "class": "Control",
            "submute": [
                0
            ],
            "constraint": 0.5262886466080117
        },
        "58": {
            "class": "Control",
            "submute": [
                0
            ],
            "constraint": 0.9919654332437317
        },
        "59": {
            "class": "Control",
            "submute": [
                1,
                1
            ],
            "constraint": 0.9999876079124217
        }
    },
    "conceiver": {
        "8": {
            "X": {
                "class": "CartConcept",
                "nice_chance": 1,
                "unnice_chance": 0.6207285996584655,
                "mean_dist": [
                    0,
                    0.7901956036106889,
                    1,
                    null,
                    0.013998328495170036
                ],
                "freqhood_dist": [
                    0,
                    0,
                    1,
                    null,
                    0.10206013951004768
                ],
                "index_dist": [
                    0,
                    0,
                    1,
                    1,
                    0
                ],
                "unnice_dist": [
                    -0.5,
                    0.47767330807371267,
                    0.5,
                    null,
                    0.125
                ]
            }
        },
        "9": {
            "X": {
                "class": "CartConcept",
                "nice_chance": 0.33638259335514986,
                "unnice_chance": 0.6207285996584655,
                "mean_dist": [
                    0,
                    0.7901956036106889,
                    1,
                    0.23278149432708395,
                    0
                ],
                "freqhood_dist": [
                    0,
                    0.2833406865389537,
                    1,
                    null,
                    0.10206013951004768
                ],
                "index_dist": [
                    0,
                    1,
                    1,
                    null,
                    0.4409953047957172
                ],
                "unnice_dist": [
                    -0.5,
                    0,
                    0.5,
                    null,
                    0.3402926174979038
                ]
            }
        },
        "10": {
            "X": {
                "class": "CartConcept",
                "nice_chance": 1,
                "unnice_chance": 0.6207285996584655,
                "mean_dist": [
                    0,
                    0.7901956036106889,
                    1,
                    null,
                    0.125
                ],
                "freqhood_dist": [
                    0,
                    0.2833406865389537,
                    1,
                    null,
                    0.10206013951004768
                ],
                "index_dist": [
                    0,
                    1,
                    1,
                    null,
                    0.4409953047957172
                ],
                "unnice_dist": [
                    -0.5,
                    0.47767330807371267,
                    0.5,
                    null,
                    0
                ]
            }
        },
        "11": {
            "X": {
                "class": "CartConcept",
                "nice_chance": 0.5,
                "unnice_chance": 1,
                "mean_dist": [
                    0,
                    1,
                    1,
                    1,
                    0
                ],
                "freqhood_dist": [
                    0,
                    0.2833406865389537,
                    1,
                    null,
                    0.10206013951004768
                ],
                "index_dist": [
                    0,
                    0,
                    1,
                    0.2602809774548914,
                    0.4409953047957172
                ],
                "unnice_dist": [
                    -0.5,
                    0.47767330807371267,
                    0.5,
                    null,
                    0
                ]
            }
        },
        "12": {
            "X": {
                "class": "CartConcept",
                "nice_chance": 1,
                "unnice_chance": 0,
                "mean_dist": [
                    0,
                    0.6839018178736099,
                    1,
                    null,
                    0.125
                ],
                "freqhood_dist": [
                    0,
                    0,
                    1,
                    null,
                    0.125
                ],
                "index_dist": [
                    0,
                    0.7195037933662303,
                    1,
                    0.9733670081115429,
                    0.1336887914121243
                ],
                "unnice_dist": [
                    -0.5,
                    0.46633680136429,
                    0.5,
                    null,
                    0.023605256062079808
                ]
            }
        },
        "13": {
            "X": {
                "class": "CartConcept",
                "nice_chance": 0.4137755690309387,
                "unnice_chance": 1,
                "mean_dist": [
                    0,
                    0,
                    1,
                    0.236813202564358,
                    0.125
                ],
                "freqhood_dist": [
                    0,
                    0.20036030556335682,
                    1,
                    null,
                    0
                ],
                "index_dist": [
                    0,
                    0.7195037933662303,
                    1,
                    null,
                    0
                ],
                "unnice_dist": [
                    -0.5,
                    0,
                    0.5,
                    null,
                    0.023605256062079808
                ]
            }
        },
        "14": {
            "X": {
                "class": "CartConcept",
                "nice_chance": 0.4137755690309387,
                "unnice_chance": 0,
                "mean_dist": [
                    0,
                    0.6839018178736099,
                    1,
                    null,
                    0.1367753737406421
                ],
                "freqhood_dist": [
                    0,
                    0.20036030556335682,
                    1,
                    null,
                    0.8093018039023704
                ],
                "index_dist": [
                    0,
                    1,
                    1,
                    null,
                    0
                ],
                "unnice_dist": [
                    -0.5,
                    0.46633680136429,
                    0.5,
                    0.8135029631609081,
                    0
                ]
            }
        },
        "15": {
            "X": {
                "class": "CartConcept",
                "nice_chance": 0.4137755690309387,
                "unnice_chance": 0.03975591138092993,
                "mean_dist": [
                    0,
                    0.6839018178736099,
                    1,
                    null,
                    0.1367753737406421
                ],
                "freqhood_dist": [
                    0,
                    0,
                    1,
                    null,
                    0
                ],
                "index_dist": [
                    0,
                    0.7195037933662303,
                    1,
                    null,
                    0
                ],
                "unnice_dist": [
                    -0.5,
                    0.46633680136429,
                    0.5,
                    null,
                    0
                ]
            }
        },
        "16": {
            "X": {
                "class": "CartConcept",
                "nice_chance": 0.5,
                "unnice_chance": 0.014493084770131892,
                "mean_dist": [
                    0,
                    0.03952680481678261,
                    1,
                    null,
                    0
                ],
                "freqhood_dist": [
                    0,
                    0.6107269346090914,
                    1,
                    null,
                    0.005914630203064272
                ],
                "index_dist": [
                    0,
                    0.044320546463759714,
                    1,
                    null,
                    0.002086788336012712
                ],
                "unnice_dist": [
                    -0.5,
                    0.39751732336948764,
                    0.5,
                    null,
                    0.18530704684835184
                ]
            }
        },
        "17": {
            "X": {
                "class": "CartConcept",
                "nice_chance": 0.46269553889560433,
                "unnice_chance": 0.014493084770131892,
                "mean_dist": [
                    0,
                    0.03952680481678261,
                    1,
                    0.2608177629439088,
                    0
                ],
                "freqhood_dist": [
                    0,
                    0.6107269346090914,
                    1,
                    null,
                    0.005914630203064272
                ],
                "index_dist": [
                    0,
                    0,
                    1,
                    0.5230286043007445,
                    0.002086788336012712
                ],
                "unnice_dist": [
                    -0.5,
                    0.39751732336948764,
                    0.5,
                    0.3157781073696354,
                    0.18530704684835184
                ]
            }
        },
        "18": {
            "X": {
                "class": "CartConcept",
                "nice_chance": 0.5,
                "unnice_chance": 0.5,
                "mean_dist": [
                    0,
                    0.03952680481678261,
                    1,
                    0.2608177629439088,
                    0
                ],
                "freqhood_dist": [
                    0,
                    0.6107269346090914,
                    1,
                    null,
                    0.005914630203064272
                ],
                "index_dist": [
                    0,
                    0.044320546463759714,
                    1,
                    0.5230286043007445,
                    0.002086788336012712
                ],
                "unnice_dist": [
                    -0.5,
                    0,
                    0.5,
                    null,
                    0
                ]
            }
        },
        "19": {
            "Y": {
                "class": "CartConcept",
                "nice_chance": 0.5074861026950904,
                "unnice_chance": 0.2643105474539852,
                "mean_dist": [
                    0,
                    1,
                    1,
                    0.5,
                    0
                ],
                "freqhood_dist": [
                    0,
                    0.9081193919113373,
                    1,
                    0.5,
                    0.054541532712347005
                ],
                "index_dist": [
                    0,
                    1,
                    1,
                    null,
                    0
                ],
                "unnice_dist": [
                    -0.5,
                    -0.5,
                    0.5,
                    0.43117767158819964,
                    0.5598693401115902
                ]
            }
        },
        "20": {
            "Y": {
                "class": "CartConcept",
                "nice_chance": 0.5074861026950904,
                "unnice_chance": 0.2643105474539852,
                "mean_dist": [
                    0,
                    0,
                    1,
                    0.5,
                    0.6334727402525359
                ],
                "freqhood_dist": [
                    0,
                    0.9081193919113373,
                    1,
                    null,
                    0.054541532712347005
                ],
                "index_dist": [
                    0,
                    1,
                    1,
                    0,
                    0.125
                ],
                "unnice_dist": [
                    -0.5,
                    0,
                    0.5,
                    null,
                    0.5598693401115902
                ]
            }
        },
        "21": {
            "Y": {
                "class": "CartConcept",
                "nice_chance": 1,
                "unnice_chance": 0.5,
                "mean_dist": [
                    0,
                    1,
                    1,
                    1,
                    0.6334727402525359
                ],
                "freqhood_dist": [
                    0,
                    0.9081193919113373,
                    1,
                    0.9604078605504686,
                    0.054541532712347005
                ],
                "index_dist": [
                    0,
                    0,
                    1,
                    null,
                    0.01117964173556803
                ],
                "unnice_dist": [
                    -0.5,
                    -0.044927213515006614,
                    0.5,
                    null,
                    0.5598693401115902
                ]
            }
        },
        "22": {
            "Y": {
                "class": "CartConcept",
                "nice_chance": 0.5074861026950904,
                "unnice_chance": 0.2643105474539852,
                "mean_dist": [
                    0,
                    0,
                    1,
                    0.09562889434220201,
                    0.6334727402525359
                ],
                "freqhood_dist": [
                    0,
                    0.9081193919113373,
                    1,
                    0.9604078605504686,
                    0.054541532712347005
                ],
                "index_dist": [
                    0,
                    0.345494490280697,
                    1,
                    0.659113118313063,
                    0.01117964173556803
                ],
                "unnice_dist": [
                    -0.5,
                    0,
                    0.5,
                    0.43117767158819964,
                    0.5598693401115902
                ]
            }
        },
        "23": {
            "Y": {
                "class": "CartConcept",
                "nice_chance": 0.5074861026950904,
                "unnice_chance": 0.2643105474539852,
                "mean_dist": [
                    0,
                    0.11824076741077016,
                    1,
                    0.09562889434220201,
                    0.6334727402525359
                ],
                "freqhood_dist": [
                    0,
                    0.9081193919113373,
                    1,
                    0.9604078605504686,
                    0
                ],
                "index_dist": [
                    0,
                    0,
                    1,
                    0.659113118313063,
                    0.01117964173556803
                ],
                "unnice_dist": [
                    -0.5,
                    -0.044927213515006614,
                    0.5,
                    null,
                    0.5598693401115902
                ]
            }
        },
        "24": {
            "Y": {
                "class": "CartConcept",
                "nice_chance": 0.5074861026950904,
                "unnice_chance": 0.2643105474539852,
                "mean_dist": [
                    0,
                    0.11824076741077016,
                    1,
                    null,
                    0.6334727402525359
                ],
                "freqhood_dist": [
                    0,
                    0.9081193919113373,
                    1,
                    null,
                    0.054541532712347005
                ],
                "index_dist": [
                    0,
                    1,
                    1,
                    null,
                    0.01117964173556803
                ],
                "unnice_dist": [
                    -0.5,
                    0,
                    0.5,
                    0.43117767158819964,
                    0.125
                ]
            }
        },
        "25": {
            "Y": {
                "class": "CartConcept",
                "nice_chance": 0.5074861026950904,
                "unnice_chance": 0.2643105474539852,
                "mean_dist": [
                    0,
                    0.5,
                    1,
                    1,
                    0
                ],
                "freqhood_dist": [
                    0,
                    0.9081193919113373,
                    1,
                    0.9604078605504686,
                    0.054541532712347005
                ],
                "index_dist": [
                    0,
                    0,
                    1,
                    0.659113118313063,
                    0
                ],
                "unnice_dist": [
                    -0.5,
                    0.5,
                    0.5,
                    0.43117767158819964,
                    0.5598693401115902
                ]
            }
        },
        "26": {
            "Y": {
                "class": "CartConcept",
                "nice_chance": 0.5074861026950904,
                "unnice_chance": 0.2643105474539852,
                "mean_dist": [
                    0,
                    0.11824076741077016,
                    1,
                    0.09562889434220201,
                    0.6334727402525359
                ],
                "freqhood_dist": [
                    0,
                    0.9081193919113373,
                    1,
                    0.9604078605504686,
                    0.054541532712347005
                ],
                "index_dist": [
                    0,
                    1,
                    1,
                    0.659113118313063,
                    0.01117964173556803
                ],
                "unnice_dist": [
                    -0.5,
                    0,
                    0.5,
                    0.43117767158819964,
                    0.5598693401115902
                ]
            }
        },
        "27": {
            "Y": {
                "class": "CartConcept",
                "nice_chance": 0.5074861026950904,
                "unnice_chance": 0.2643105474539852,
                "mean_dist": [
                    0,
                    1,
                    1,
                    1,
                    0
                ],
                "freqhood_dist": [
                    0,
                    0.9081193919113373,
                    1,
                    0.9604078605504686,
                    0.054541532712347005
                ],
                "index_dist": [
                    0,
                    1,
                    1,
                    null,
                    0.01117964173556803
                ],
                "unnice_dist": [
                    -0.5,
                    0,
                    0.5,
                    0.43117767158819964,
                    0.5598693401115902
                ]
            }
        },
        "28": {
            "Y": {
                "class": "CartConcept",
                "nice_chance": 0.5074861026950904,
                "unnice_chance": 0.2643105474539852,
                "mean_dist": [
                    0,
                    0,
                    1,
                    1,
                    0.125
                ],
                "freqhood_dist": [
                    0,
                    0.9081193919113373,
                    1,
                    null,
                    0
                ],
                "index_dist": [
                    0,
                    0,
                    1,
                    null,
                    0
                ],
                "unnice_dist": [
                    -0.5,
                    -0.044927213515006614,
                    0.5,
                    null,
                    0.5598693401115902
                ]
            }
        },
        "29": {
            "Y": {
                "class": "CartConcept",
                "nice_chance": 0.5074861026950904,
                "unnice_chance": 0.2643105474539852,
                "mean_dist": [
                    0,
                    0.11824076741077016,
                    1,
                    0.09562889434220201,
                    0.6334727402525359
                ],
                "freqhood_dist": [
                    0,
                    0.9081193919113373,
                    1,
                    null,
                    0.054541532712347005
                ],
                "index_dist": [
                    0,
                    0.345494490280697,
                    1,
                    null,
                    0.01117964173556803
                ],
                "unnice_dist": [
                    -0.5,
                    -0.044927213515006614,
                    0.5,
                    0.5,
                    0
                ]
            }
        },
        "30": {
            "Y": {
                "class": "CartConcept",
                "nice_chance": 0.5074861026950904,
                "unnice_chance": 0.2643105474539852,
                "mean_dist": [
                    0,
                    0,
                    1,
                    0.09562889434220201,
                    0.6334727402525359
                ],
                "freqhood_dist": [
                    0,
                    0.9081193919113373,
                    1,
                    null,
                    0
                ],
                "index_dist": [
                    0,
                    1,
                    1,
                    null,
                    0.01117964173556803
                ],
                "unnice_dist": [
                    -0.5,
                    -0.044927213515006614,
                    0.5,
                    0.5,
                    0.5598693401115902
                ]
            }
        },
        "31": {
            "Y": {
                "class": "CartConcept",
                "nice_chance": 0.5074861026950904,
                "unnice_chance": 0.2643105474539852,
                "mean_dist": [
                    0,
                    0.5,
                    1,
                    0.5,
                    0.6334727402525359
                ],
                "freqhood_dist": [
                    0,
                    0.9081193919113373,
                    1,
                    0.9604078605504686,
                    0.054541532712347005
                ],
                "index_dist": [
                    0,
                    0,
                    1,
                    0.5,
                    0.01117964173556803
                ],
                "unnice_dist": [
                    -0.5,
                    -0.044927213515006614,
                    0.5,
                    0.43117767158819964,
                    0.5598693401115902
                ]
            }
        },
        "32": {
            "Y": {
                "class": "CartConcept",
                "nice_chance": 0,
                "unnice_chance": 0.2643105474539852,
                "mean_dist": [
                    0,
                    0.11824076741077016,
                    1,
                    1,
                    0.6334727402525359
                ],
                "freqhood_dist": [
                    0,
                    0,
                    1,
                    0.9604078605504686,
                    0.125
                ],
                "index_dist": [
                    0,
                    1,
                    1,
                    0.659113118313063,
                    0.01117964173556803
                ],
                "unnice_dist": [
                    -0.5,
                    -0.044927213515006614,
                    0.5,
                    null,
                    0
                ]
            }
        },
        "33": {
            "POW": {
                "class": "PowConcept",
                "logex_dist": [
                    -2,
                    -1,
                    -0.5,
                    null,
                    0
                ]
            }
        },
        "40": {
            "POW": {
                "class": "PowConcept",
                "logex_dist": [
                    8.34951795232084,
                    11.394649791945131,
                    21.435361524256095,
                    0.5,
                    0.5563727009152363
                ]
            }
        },
        "34": {
            "SIN": {
                "class": "SinConcept",
                "wc": {
                    "class": "WaveConcept",
                    "nice_chance": 1,
                    "unnice_chance": 0.03790732459585614,
                    "off_unnice_chance": 0,
                    "freqhood_dist": [
                        0,
                        0.2231161407589638,
                        1,
                        0.9537658215472484,
                        0.21951284482356406
                    ],
                    "numerhood_dist": [
                        0,
                        0.06817139547136167,
                        1,
                        null,
                        0
                    ],
                    "denomhood_dist": [
                        0,
                        0.297948025984051,
                        1,
                        null,
                        0
                    ],
                    "unnice_dist": [
                        -1,
                        0.642427649584653,
                        1,
                        null,
                        0
                    ],
                    "offreqhood_dist": [
                        0,
                        0.18876275971865802,
                        1,
                        null,
                        0.125
                    ],
                    "offdex_dist": [
                        0,
                        0.8117043147722948,
                        1,
                        0.5,
                        0
                    ],
                    "off_unnice_dist": [
                        -1,
                        0.14393550573746614,
                        1,
                        null,
                        0
                    ]
                }
            }
        },
        "35": {
            "SIN": {
                "class": "SinConcept",
                "wc": {
                    "class": "WaveConcept",
                    "nice_chance": 1,
                    "unnice_chance": 0.5,
                    "off_unnice_chance": 0.5,
                    "freqhood_dist": [
                        0,
                        0.2231161407589638,
                        1,
                        null,
                        0.21951284482356406
                    ],
                    "numerhood_dist": [
                        0,
                        0.06817139547136167,
                        1,
                        null,
                        0
                    ],
                    "denomhood_dist": [
                        0,
                        0.297948025984051,
                        1,
                        null,
                        0
                    ],
                    "unnice_dist": [
                        -1,
                        0.642427649584653,
                        1,
                        0.9690949399604911,
                        0
                    ],
                    "offreqhood_dist": [
                        0,
                        0.18876275971865802,
                        1,
                        null,
                        0.5287177920808714
                    ],
                    "offdex_dist": [
                        0,
                        0.5,
                        1,
                        null,
                        0
                    ],
                    "off_unnice_dist": [
                        -1,
                        0.5,
                        1,
                        null,
                        0
                    ]
                }
            }
        },
        "38": {
            "SIN": {
                "class": "SinConcept",
                "wc": {
                    "class": "WaveConcept",
                    "nice_chance": 1,
                    "unnice_chance": 0.03790732459585614,
                    "off_unnice_chance": 0.7523686222287099,
                    "freqhood_dist": [
                        0,
                        0.2231161407589638,
                        1,
                        null,
                        0.21951284482356406
                    ],
                    "numerhood_dist": [
                        0,
                        0.06817139547136167,
                        1,
                        null,
                        0
                    ],
                    "denomhood_dist": [
                        0,
                        0.297948025984051,
                        1,
                        null,
                        0
                    ],
                    "unnice_dist": [
                        -1,
                        0,
                        1,
                        0,
                        0
                    ],
                    "offreqhood_dist": [
                        0,
                        0.18876275971865802,
                        1,
                        null,
                        0
                    ],
                    "offdex_dist": [
                        0,
                        0.8117043147722948,
                        1,
                        null,
                        0
                    ],
                    "off_unnice_dist": [
                        -1,
                        0.14393550573746614,
                        1,
                        null,
                        0
                    ]
                }
            }
        },
        "39": {
            "SIN": {
                "class": "SinConcept",
                "wc": {
                    "class": "WaveConcept",
                    "nice_chance": 1,
                    "unnice_chance": 0.03790732459585614,
                    "off_unnice_chance": 0,
                    "freqhood_dist": [
                        0,
                        0.2231161407589638,
                        1,
                        0.9537658215472484,
                        0.21951284482356406
                    ],
                    "numerhood_dist": [
                        0,
                        0.06817139547136167,
                        1,
                        null,
                        0
                    ],
                    "denomhood_dist": [
                        0,
                        0.297948025984051,
                        1,
                        0,
                        0
                    ],
                    "unnice_dist": [
                        -1,
                        0,
                        1,
                        null,
                        0
                    ],
                    "offreqhood_dist": [
                        0,
                        0.18876275971865802,
                        1,
                        null,
                        0.5287177920808714
                    ],
                    "offdex_dist": [
                        0,
                        0.5,
                        1,
                        0,
                        0
                    ],
                    "off_unnice_dist": [
                        -1,
                        0.14393550573746614,
                        1,
                        null,
                        0
                    ]
                }
            }
        },
        "42": {
            "SIN": {
                "class": "SinConcept",
                "wc": {
                    "class": "WaveConcept",
                    "nice_chance": 1,
                    "unnice_chance": 0.03790732459585614,
                    "off_unnice_chance": 0.7523686222287099,
                    "freqhood_dist": [
                        0,
                        0.2231161407589638,
                        1,
                        0.9537658215472484,
                        0.21951284482356406
                    ],
                    "numerhood_dist": [
                        0,
                        0.06817139547136167,
                        1,
                        null,
                        0
                    ],
                    "denomhood_dist": [
                        0,
                        0,
                        1,
                        null,
                        0
                    ],
                    "unnice_dist": [
                        -1,
                        0.5,
                        1,
                        null,
                        0
                    ],
                    "offreqhood_dist": [
                        0,
                        0.18876275971865802,
                        1,
                        null,
                        0.125
                    ],
                    "offdex_dist": [
                        0,
                        0.8117043147722948,
                        1,
                        0.7644026335554853,
                        0
                    ],
                    "off_unnice_dist": [
                        -1,
                        0.14393550573746614,
                        1,
                        0.5,
                        0
                    ]
                }
            }
        },
        "44": {
            "SIN": {
                "class": "SinConcept",
                "wc": {
                    "class": "WaveConcept",
                    "nice_chance": 0.656462986952613,
                    "unnice_chance": 0.03790732459585614,
                    "off_unnice_chance": 0,
                    "freqhood_dist": [
                        0,
                        0.2231161407589638,
                        1,
                        0.9537658215472484,
                        0.125
                    ],
                    "numerhood_dist": [
                        0,
                        0.06817139547136167,
                        1,
                        null,
                        0
                    ],
                    "denomhood_dist": [
                        0,
                        0.297948025984051,
                        1,
                        0,
                        0
                    ],
                    "unnice_dist": [
                        -1,
                        0.642427649584653,
                        1,
                        0.5,
                        0
                    ],
                    "offreqhood_dist": [
                        0,
                        0.18876275971865802,
                        1,
                        null,
                        0
                    ],
                    "offdex_dist": [
                        0,
                        1,
                        1,
                        null,
                        0
                    ],
                    "off_unnice_dist": [
                        -1,
                        0.5,
                        1,
                        null,
                        0
                    ]
                }
            }
        },
        "48": {
            "SIN": {
                "class": "SinConcept",
                "wc": {
                    "class": "WaveConcept",
                    "nice_chance": 0.656462986952613,
                    "unnice_chance": 0.03790732459585614,
                    "off_unnice_chance": 0.7523686222287099,
                    "freqhood_dist": [
                        0,
                        0.2231161407589638,
                        1,
                        null,
                        0.21951284482356406
                    ],
                    "numerhood_dist": [
                        0,
                        0.06817139547136167,
                        1,
                        null,
                        0
                    ],
                    "denomhood_dist": [
                        0,
                        0.297948025984051,
                        1,
                        null,
                        0
                    ],
                    "unnice_dist": [
                        -1,
                        0,
                        1,
                        null,
                        0
                    ],
                    "offreqhood_dist": [
                        0,
                        0.18876275971865802,
                        1,
                        null,
                        0
                    ],
                    "offdex_dist": [
                        0,
                        0.5,
                        1,
                        null,
                        0
                    ],
                    "off_unnice_dist": [
                        -1,
                        0.5,
                        1,
                        null,
                        0
                    ]
                }
            }
        },
        "53": {
            "SIN": {
                "class": "SinConcept",
                "wc": {
                    "class": "WaveConcept",
                    "nice_chance": 1,
                    "unnice_chance": 0,
                    "off_unnice_chance": 0.7523686222287099,
                    "freqhood_dist": [
                        0,
                        0.2231161407589638,
                        1,
                        0.9537658215472484,
                        0
                    ],
                    "numerhood_dist": [
                        0,
                        0.45,
                        1,
                        0,
                        0
                    ],
                    "denomhood_dist": [
                        0,
                        0.297948025984051,
                        1,
                        null,
                        0
                    ],
                    "unnice_dist": [
                        -1,
                        0.642427649584653,
                        1,
                        null,
                        0
                    ],
                    "offreqhood_dist": [
                        0,
                        0.18876275971865802,
                        1,
                        null,
                        0.5287177920808714
                    ],
                    "offdex_dist": [
                        0,
                        0.8117043147722948,
                        1,
                        null,
                        0
                    ],
                    "off_unnice_dist": [
                        -1,
                        0,
                        1,
                        null,
                        0
                    ]
                }
            }
        },
        "55": {
            "SIN": {
                "class": "SinConcept",
                "wc": {
                    "class": "WaveConcept",
                    "nice_chance": 1,
                    "unnice_chance": 0,
                    "off_unnice_chance": 0,
                    "freqhood_dist": [
                        0,
                        0.2231161407589638,
                        1,
                        null,
                        0.125
                    ],
                    "numerhood_dist": [
                        0,
                        0.06817139547136167,
                        1,
                        null,
                        0
                    ],
                    "denomhood_dist": [
                        0,
                        0.297948025984051,
                        1,
                        null,
                        0
                    ],
                    "unnice_dist": [
                        -1,
                        0,
                        1,
                        null,
                        0
                    ],
                    "offreqhood_dist": [
                        0,
                        0.18876275971865802,
                        1,
                        0.44123168907310717,
                        0.125
                    ],
                    "offdex_dist": [
                        0,
                        0.8117043147722948,
                        1,
                        null,
                        0
                    ],
                    "off_unnice_dist": [
                        -1,
                        0.5,
                        1,
                        null,
                        0
                    ]
                }
            }
        },
        "58": {
            "SIN": {
                "class": "SinConcept",
                "wc": {
                    "class": "WaveConcept",
                    "nice_chance": 1,
                    "unnice_chance": 0.03790732459585614,
                    "off_unnice_chance": 0,
                    "freqhood_dist": [
                        0,
                        0.2231161407589638,
                        1,
                        null,
                        0.21951284482356406
                    ],
                    "numerhood_dist": [
                        0,
                        0.35,
                        1,
                        null,
                        0
                    ],
                    "denomhood_dist": [
                        0,
                        0.297948025984051,
                        1,
                        1,
                        0
                    ],
                    "unnice_dist": [
                        -1,
                        0.642427649584653,
                        1,
                        null,
                        0
                    ],
                    "offreqhood_dist": [
                        0,
                        0.18876275971865802,
                        1,
                        null,
                        0
                    ],
                    "offdex_dist": [
                        0,
                        0.8117043147722948,
                        1,
                        null,
                        0
                    ],
                    "off_unnice_dist": [
                        -1,
                        0.5,
                        1,
                        null,
                        0
                    ]
                }
            }
        },
        "59": {
            "SIN": {
                "class": "SinConcept",
                "wc": {
                    "class": "WaveConcept",
                    "nice_chance": 1,
                    "unnice_chance": 0.03790732459585614,
                    "off_unnice_chance": 0.7523686222287099,
                    "freqhood_dist": [
                        0,
                        0.2231161407589638,
                        1,
                        null,
                        0.125
                    ],
                    "numerhood_dist": [
                        0,
                        0.06817139547136167,
                        1,
                        null,
                        0
                    ],
                    "denomhood_dist": [
                        0,
                        0.297948025984051,
                        1,
                        0.9311343397400733,
                        0
                    ],
                    "unnice_dist": [
                        -1,
                        0,
                        1,
                        null,
                        0
                    ],
                    "offreqhood_dist": [
                        0,
                        0.18876275971865802,
                        1,
                        0.44123168907310717,
                        0.5287177920808714
                    ],
                    "offdex_dist": [
                        0,
                        0.8117043147722948,
                        1,
                        0.5,
                        0
                    ],
                    "off_unnice_dist": [
                        -1,
                        0.5,
                        1,
                        null,
                        0
                    ]
                }
            }
        },
        "36": {
            "INV": null
        },
        "37": {
            "GMEAN": null
        },
        "41": {
            "AMEAN": {
                "class": "AmeanConcept",
                "wc": {
                    "class": "WeightConcept",
                    "balanced_amt_dist": [
                        0,
                        0.8929228779866429,
                        1,
                        null,
                        0
                    ],
                    "imbalanced_base_dist": [
                        0,
                        1.0050495663595982,
                        5,
                        null,
                        0
                    ],
                    "reversing_chance": 0.5,
                    "shufflity_dist": [
                        0,
                        0.008049965460373905,
                        1,
                        null,
                        0
                    ],
                    "starting_index_dist": [
                        0,
                        0.1487242626324301,
                        1,
                        null,
                        0
                    ]
                }
            }
        },
        "60": {
            "AMEAN": {
                "class": "AmeanConcept",
                "wc": {
                    "class": "WeightConcept",
                    "balanced_amt_dist": [
                        0,
                        0.30818991257573003,
                        1,
                        null,
                        0
                    ],
                    "imbalanced_base_dist": [
                        0,
                        1.0050495663595982,
                        5,
                        0.5,
                        0
                    ],
                    "reversing_chance": 0.5,
                    "shufflity_dist": [
                        0,
                        0.008049965460373905,
                        1,
                        null,
                        0
                    ],
                    "starting_index_dist": [
                        0,
                        0.3376227437923769,
                        1,
                        null,
                        0
                    ]
                }
            }
        },
        "43": {
            "POWER": {
                "class": "PowerConcept",
                "weighing_base_chance": 0.7219709114563188,
                "base_weight_dist": [
                    0,
                    0.7683694490030496,
                    1,
                    null,
                    0
                ],
                "exp_weight_dist": [
                    0,
                    0.921228308621263,
                    1,
                    0.9544074045746466,
                    0
                ],
                "exp_lifthood_dist": [
                    0,
                    0.9371295603843779,
                    1,
                    null,
                    0
                ]
            }
        },
        "45": {
            "IT": {
                "class": "ItConcept",
                "iterance_0_dist": [
                    2.576994103040511,
                    7.650012874774115,
                    12.72303164650772,
                    null,
                    0.2096183342169716
                ],
                "iterance_1_dist": [
                    8.147068766921869,
                    34.65843834483011,
                    61.16980792273835,
                    0.6814255112010923,
                    0.2096183342169716
                ],
                "xlike_chance": 0.8817318443533143
            }
        },
        "47": {
            "IT": {
                "class": "ItConcept",
                "iterance_0_dist": [
                    5.448470716928357,
                    7.1885545035764675,
                    8.928638290224578,
                    0.5,
                    0.001708654319012373
                ],
                "iterance_1_dist": [
                    8.928638290224578,
                    19.94129017732513,
                    30.953942064425682,
                    0.715340344653573,
                    0.001708654319012373
                ],
                "xlike_chance": 0.17052657174293606
            }
        },
        "49": {
            "IT": {
                "class": "ItConcept",
                "iterance_0_dist": [
                    5.448470716928357,
                    18.20120639067702,
                    30.953942064425682,
                    0.715340344653573,
                    0.2718798709377494
                ],
                "iterance_1_dist": [
                    8.928638290224578,
                    8.928638290224578,
                    8.928638290224578,
                    null,
                    0.001708654319012373
                ],
                "xlike_chance": 0.17052657174293606
            }
        },
        "54": {
            "IT": {
                "class": "ItConcept",
                "iterance_0_dist": [
                    1,
                    3.2242353584641785,
                    5.448470716928357,
                    0.8835861373682807,
                    0.001708654319012373
                ],
                "iterance_1_dist": [
                    8.928638290224578,
                    19.94129017732513,
                    30.953942064425682,
                    null,
                    0
                ],
                "xlike_chance": 0.6616001583113816
            }
        },
        "46": {
            "MINX": {
                "class": "MinxConcept",
                "maxing_chance": 0.7100582694470667,
                "wc": {
                    "class": "WeightConcept",
                    "balanced_amt_dist": [
                        0,
                        0.48039143212016855,
                        1,
                        null,
                        0
                    ],
                    "imbalanced_base_dist": [
                        0,
                        0.8340036873249743,
                        5,
                        0.5,
                        0
                    ],
                    "reversing_chance": 0.6912976210214572,
                    "shufflity_dist": [
                        0,
                        0.8003223304139899,
                        1,
                        null,
                        0
                    ],
                    "starting_index_dist": [
                        0,
                        0.35164337982343163,
                        1,
                        null,
                        0
                    ]
                }
            }
        },
        "56": {
            "MINX": {
                "class": "MinxConcept",
                "maxing_chance": 0,
                "wc": {
                    "class": "WeightConcept",
                    "balanced_amt_dist": [
                        0,
                        0.48039143212016855,
                        1,
                        0,
                        0
                    ],
                    "imbalanced_base_dist": [
                        0,
                        1.0000028133834782,
                        5,
                        null,
                        0
                    ],
                    "reversing_chance": 0.6912976210214572,
                    "shufflity_dist": [
                        0,
                        1,
                        1,
                        null,
                        0
                    ],
                    "starting_index_dist": [
                        0,
                        0.06511345063383,
                        1,
                        null,
                        0
                    ]
                }
            }
        },
        "50": {
            "SPIN": {
                "class": "SpinConcept",
                "wc": {
                    "class": "WaveConcept",
                    "nice_chance": 1,
                    "unnice_chance": 0,
                    "off_unnice_chance": 0,
                    "freqhood_dist": [
                        0,
                        0.4030780942266209,
                        1,
                        null,
                        0.0006357074042957468
                    ],
                    "numerhood_dist": [
                        0,
                        0.35,
                        1,
                        null,
                        0
                    ],
                    "denomhood_dist": [
                        0,
                        0.5887974566556844,
                        1,
                        null,
                        0
                    ],
                    "unnice_dist": [
                        -1,
                        0,
                        1,
                        1,
                        0
                    ],
                    "offreqhood_dist": [
                        0,
                        0,
                        1,
                        null,
                        0
                    ],
                    "offdex_dist": [
                        0,
                        0.40781334129699687,
                        1,
                        null,
                        0
                    ],
                    "off_unnice_dist": [
                        -1,
                        -0.8227520050477266,
                        1,
                        0.7788680606793895,
                        0
                    ]
                },
                "fc": {
                    "class": "FanConcept",
                    "shift_dist": [
                        -1,
                        1,
                        1,
                        null,
                        0.04436374755362003
                    ],
                    "logweight_dist": [
                        -12.10265293176233,
                        -9.081123527296459,
                        -6.6382281469274425,
                        null,
                        0.4449114180136143
                    ]
                },
                "antiwise_chance": 0.39412752755858504,
                "armhood_dist": [
                    0,
                    0.7432618092105638,
                    1,
                    0.9593282993298088,
                    0.006542193928387707
                ]
            }
        },
        "51": {
            "ARCFAN": {
                "class": "ArcfanConcept",
                "fc": {
                    "class": "FanConcept",
                    "shift_dist": [
                        -1,
                        1,
                        1,
                        null,
                        0.4956260975152835
                    ],
                    "logweight_dist": [
                        2.0746110336957395,
                        8.938265183854643,
                        13.36014341243445,
                        null,
                        0
                    ]
                }
            }
        },
        "52": {
            "ARCFAN": {
                "class": "ArcfanConcept",
                "fc": {
                    "class": "FanConcept",
                    "shift_dist": [
                        -1,
                        0.36287646700349185,
                        1,
                        null,
                        0.4956260975152835
                    ],
                    "logweight_dist": [
                        5.197145523564384,
                        5.1992111113627875,
                        9.621089339942595,
                        null,
                        0
                    ]
                }
            }
        },
        "57": {
            "ARCFAN": {
                "class": "ArcfanConcept",
                "fc": {
                    "class": "FanConcept",
                    "shift_dist": [
                        -1,
                        0,
                        1,
                        null,
                        0.4956260975152835
                    ],
                    "logweight_dist": [
                        8.93619959605624,
                        8.938265183854643,
                        10.036950117593586,
                        0.9653408766227654,
                        0
                    ]
                }
            }
        }
    },
    "correlator": [
        {
            "class": "Correlation",
            "isotopeID_0": 23,
            "element_0": "Y",
            "param_index_0": 0,
            "isotopeID_1": 56,
            "element_1": "MINX",
            "param_index_1": 0,
            "relation_c": 0,
            "relation_r": 0,
            "strength": 0.6267026635787625
        },
        {
            "class": "Correlation",
            "isotopeID_0": 26,
            "element_0": "Y",
            "param_index_0": 0,
            "isotopeID_1": 55,
            "element_1": "SIN",
            "param_index_1": 0,
            "relation_c": 0,
            "relation_r": 0,
            "strength": -0.7333517146405317
        },
        {
            "class": "Correlation",
            "isotopeID_0": 22,
            "element_0": "Y",
            "param_index_0": 0,
            "isotopeID_1": 58,
            "element_1": "SIN",
            "param_index_1": 1,
            "relation_c": 0,
            "relation_r": -1,
            "strength": 0.09999366908414364
        },
        {
            "class": "Correlation",
            "isotopeID_0": 15,
            "element_0": "X",
            "param_index_0": 0,
            "isotopeID_1": 50,
            "element_1": "SPIN",
            "param_index_1": 2,
            "relation_c": 0,
            "relation_r": 0,
            "strength": -0.9831618982295505
        },
        {
            "class": "Correlation",
            "isotopeID_0": 14,
            "element_0": "X",
            "param_index_0": 0,
            "isotopeID_1": 59,
            "element_1": "SIN",
            "param_index_1": 1,
            "relation_c": 0,
            "relation_r": 0,
            "strength": -0.7095120704002322
        },
        {
            "class": "Correlation",
            "isotopeID_0": 9,
            "element_0": "X",
            "param_index_0": 0,
            "isotopeID_1": 34,
            "element_1": "SIN",
            "param_index_1": 1,
            "relation_c": 0,
            "relation_r": 0,
            "strength": -0.6003217432138539
        },
        {
            "class": "Correlation",
            "isotopeID_0": 13,
            "element_0": "X",
            "param_index_0": 0,
            "isotopeID_1": 50,
            "element_1": "SPIN",
            "param_index_1": 4,
            "relation_c": 0,
            "relation_r": 0,
            "strength": 0.9057399619975772
        },
        {
            "class": "Correlation",
            "isotopeID_0": 25,
            "element_0": "Y",
            "param_index_0": 0,
            "isotopeID_1": 29,
            "element_1": "Y",
            "param_index_1": 0,
            "relation_c": 0,
            "relation_r": 0,
            "strength": 0.5935177910394589
        },
        {
            "class": "Correlation",
            "isotopeID_0": 50,
            "element_0": "SPIN",
            "param_index_0": 3,
            "isotopeID_1": 46,
            "element_1": "MINX",
            "param_index_1": 0,
            "relation_c": 0,
            "relation_r": 0,
            "strength": -0.9907473788582939
        },
        {
            "class": "Correlation",
            "isotopeID_0": 31,
            "element_0": "Y",
            "param_index_0": 0,
            "isotopeID_1": 38,
            "element_1": "SIN",
            "param_index_1": 1,
            "relation_c": 0,
            "relation_r": 0,
            "strength": -0.2858001371923966
        },
        {
            "class": "Correlation",
            "isotopeID_0": 44,
            "element_0": "SIN",
            "param_index_0": 1,
            "isotopeID_1": 50,
            "element_1": "SPIN",
            "param_index_1": 0,
            "relation_c": 0,
            "relation_r": 0,
            "strength": 0.3513582324456177
        },
        {
            "class": "Correlation",
            "isotopeID_0": 44,
            "element_0": "SIN",
            "param_index_0": 0,
            "isotopeID_1": 27,
            "element_1": "Y",
            "param_index_1": 0,
            "relation_c": 0,
            "relation_r": 0,
            "strength": -0.6640784817589334
        },
        {
            "class": "Correlation",
            "isotopeID_0": 10,
            "element_0": "X",
            "param_index_0": 0,
            "isotopeID_1": 19,
            "element_1": "Y",
            "param_index_1": 0,
            "relation_c": 0,
            "relation_r": 0,
            "strength": 0.7027796187518962
        },
        {
            "class": "Correlation",
            "isotopeID_0": 30,
            "element_0": "Y",
            "param_index_0": 0,
            "isotopeID_1": 53,
            "element_1": "SIN",
            "param_index_1": 1,
            "relation_c": 0,
            "relation_r": 0,
            "strength": -0.2872234454290499
        },
        {
            "class": "Correlation",
            "isotopeID_0": 24,
            "element_0": "Y",
            "param_index_0": 0,
            "isotopeID_1": 28,
            "element_1": "Y",
            "param_index_1": 0,
            "relation_c": 0,
            "relation_r": 0,
            "strength": 0.18484757267627883
        },
        {
            "class": "Correlation",
            "isotopeID_0": 58,
            "element_0": "SIN",
            "param_index_0": 0,
            "isotopeID_1": 55,
            "element_1": "SIN",
            "param_index_1": 1,
            "relation_c": 0,
            "relation_r": 0,
            "strength": -0.37964374853518956
        },
        {
            "class": "Correlation",
            "isotopeID_0": 43,
            "element_0": "POWER",
            "param_index_0": 0,
            "isotopeID_1": 21,
            "element_1": "Y",
            "param_index_1": 0,
            "relation_c": 3,
            "relation_r": 0,
            "strength": 0.4255878127111441
        },
        {
            "class": "Correlation",
            "isotopeID_0": 40,
            "element_0": "POW",
            "param_index_0": 0,
            "isotopeID_1": 35,
            "element_1": "SIN",
            "param_index_1": 0,
            "relation_c": 0,
            "relation_r": 0,
            "strength": 0.3093024691584516
        }
    ],
    "calmer": {
        "class": "Calmer",
        "hue_dist": [
            0,
            0,
            1,
            0.9938881333794614,
            0
        ],
        "sat_dist": [
            0,
            0,
            1,
            0.35153127494921876,
            0.08
        ],
        "val_dist": [
            0,
            0,
            1,
            0.9709665574316944,
            0.08
        ],
        "pal_dist": [
            0,
            0.3864009118390488,
            2,
            0.4772995585138652,
            0.03685372017170928
        ],
        "gradience_dd": [
            [
                0,
                0.5585216120977807,
                1,
                0.530530118803094,
                0.08499715470442765
            ],
            0.0009380906054462338,
            0.11168511323805776,
            [
                0,
                0.5173931333332831,
                1,
                0.41102124719407185,
                0.0018080281460958936
            ],
            0.06743436665933815,
            7.666477882263937e-19
        ],
        "unarm_dist": [
            0,
            0.629546317681233,
            1,
            0.24500031035146397,
            0.9856073774533631
        ],
        "unaim_dist": [
            1,
            2.8459605962619383,
            20,
            0.7643471125323518,
            0.015861962641242913
        ]
    }
}