{
    "class": "Version",
    "prism": [
        6,
        8.570341319943674,
        20.5,
        0.49360777695525965,
        0.08
    ],
    "puddle": {
        "class": "Puddle",
        "hue_dirtiness_dist": [
            0.9233543468469039,
            0.9876553355623702,
            1.0105216992145876,
            0.16418338081568318,
            0.00578104818599963
        ],
        "sat_dirtiness_dist": [
            1.0103897146441023,
            1.0181407809622978,
            1.065183298282972,
            0.23759727891871307,
            0.9720234206001702
        ],
        "val_dirtiness_dist": [
            0.8297618059796468,
            0.9978995126136433,
            1.0341045548176784,
            0.7230038566162769,
            0.423630428704118
        ],
        "hue_stillness_dist": [
            0.0741942246784849,
            0.37762725108170214,
            0.839615848757443,
            0.7280637506868409,
            0.0797346714587855
        ],
        "sat_stillness_dist": [
            0.02145904693296966,
            0.15230519113434302,
            0.21872674528797828,
            0.6536867215410175,
            0.3716414966323563
        ],
        "val_stillness_dist": [
            0.15435033554374356,
            0.34317183080734154,
            0.35989391048666985,
            0.574300230793441,
            0.021955995068669278
        ]
    },
    "pasteller": {
        "class": "Pasteller",
        "frac_mid": 0.17664108530834977,
        "amt_sharp": 0.4963183506039402
    },
    "permuter": [
        1.2116343800673202,
        3.0668517295260163,
        8.484490929514685,
        0.6704072940199423,
        0.358362572243739
    ],
    "procession": 1.9675558963531445,
    "controller": {},
    "conceiver": {
        "8": {
            "X": {
                "class": "CartConcept",
                "nice_chance": 1,
                "unnice_chance": 0.16154545538249165,
                "mean_dist": [
                    0,
                    0,
                    1,
                    null,
                    0
                ],
                "freqhood_dist": [
                    0,
                    0.10655464856934316,
                    1,
                    null,
                    0
                ],
                "index_dist": [
                    0,
                    0.0908776071948646,
                    1,
                    0,
                    0
                ],
                "unnice_dist": [
                    -0.5,
                    0.5,
                    0.5,
                    0,
                    0.125
                ],
                "updating": false
            }
        },
        "9": {
            "X": {
                "class": "CartConcept",
                "nice_chance": 1,
                "unnice_chance": 1,
                "mean_dist": [
                    0,
                    1,
                    1,
                    null,
                    0
                ],
                "freqhood_dist": [
                    0,
                    0.8847803157844157,
                    1,
                    1,
                    0
                ],
                "index_dist": [
                    0,
                    1,
                    1,
                    0,
                    0
                ],
                "unnice_dist": [
                    -0.5,
                    0,
                    0.5,
                    0.783249133690901,
                    0.004112245334826425
                ],
                "updating": true
            }
        },
        "10": {
            "X": {
                "class": "CartConcept",
                "nice_chance": 0.5,
                "unnice_chance": 1,
                "mean_dist": [
                    0,
                    0.5,
                    1,
                    0,
                    0
                ],
                "freqhood_dist": [
                    0,
                    0.8847803157844157,
                    1,
                    0.7172812817694653,
                    0.03953281569206113
                ],
                "index_dist": [
                    0,
                    0.5154333293295799,
                    1,
                    1,
                    0
                ],
                "unnice_dist": [
                    -0.5,
                    0,
                    0.5,
                    null,
                    0
                ],
                "updating": true
            }
        },
        "11": {
            "X": {
                "class": "CartConcept",
                "nice_chance": 1,
                "unnice_chance": 0.5,
                "mean_dist": [
                    0,
                    0,
                    1,
                    null,
                    0
                ],
                "freqhood_dist": [
                    0,
                    0.8847803157844157,
                    1,
                    0.7172812817694653,
                    0
                ],
                "index_dist": [
                    0,
                    1,
                    1,
                    0,
                    0
                ],
                "unnice_dist": [
                    -0.5,
                    0,
                    0.5,
                    0,
                    0
                ],
                "updating": true
            }
        },
        "12": {
            "X": {
                "class": "CartConcept",
                "nice_chance": 1,
                "unnice_chance": 0.2516981268492957,
                "mean_dist": [
                    0,
                    0,
                    1,
                    null,
                    0
                ],
                "freqhood_dist": [
                    0,
                    0.35,
                    1,
                    0,
                    0
                ],
                "index_dist": [
                    0,
                    0,
                    1,
                    null,
                    0
                ],
                "unnice_dist": [
                    -0.5,
                    0,
                    0.5,
                    0,
                    0
                ],
                "updating": true
            }
        },
        "13": {
            "X": {
                "class": "CartConcept",
                "nice_chance": 0.5,
                "unnice_chance": 0.5,
                "mean_dist": [
                    0,
                    0.5,
                    1,
                    1,
                    0.7495111315647486
                ],
                "freqhood_dist": [
                    0,
                    0.35,
                    1,
                    null,
                    0
                ],
                "index_dist": [
                    0,
                    0.2500802838769801,
                    1,
                    0.8425226596519688,
                    0
                ],
                "unnice_dist": [
                    -0.5,
                    -0.5,
                    0.5,
                    null,
                    0.125
                ],
                "updating": false
            }
        },
        "14": {
            "X": {
                "class": "CartConcept",
                "nice_chance": 1,
                "unnice_chance": 1,
                "mean_dist": [
                    0,
                    0.15020150491466577,
                    1,
                    null,
                    0
                ],
                "freqhood_dist": [
                    0,
                    0.35,
                    1,
                    0.5,
                    0
                ],
                "index_dist": [
                    0,
                    1,
                    1,
                    0,
                    0
                ],
                "unnice_dist": [
                    -0.5,
                    0.06881599117668524,
                    0.5,
                    0.3388343244133174,
                    0.125
                ],
                "updating": true
            }
        },
        "15": {
            "X": {
                "class": "CartConcept",
                "nice_chance": 1,
                "unnice_chance": 1,
                "mean_dist": [
                    0,
                    0.5,
                    1,
                    0.8236747728309466,
                    0
                ],
                "freqhood_dist": [
                    0,
                    0.45,
                    1,
                    null,
                    0
                ],
                "index_dist": [
                    0,
                    0.006923429533281289,
                    1,
                    1,
                    0.125
                ],
                "unnice_dist": [
                    -0.5,
                    0,
                    0.5,
                    0,
                    0
                ],
                "updating": true
            }
        },
        "16": {
            "X": {
                "class": "CartConcept",
                "nice_chance": 1,
                "unnice_chance": 0.9963921460360784,
                "mean_dist": [
                    0,
                    0.5,
                    1,
                    1,
                    0
                ],
                "freqhood_dist": [
                    0,
                    0.45,
                    1,
                    0.5,
                    0
                ],
                "index_dist": [
                    0,
                    1,
                    1,
                    null,
                    0
                ],
                "unnice_dist": [
                    -0.5,
                    0.5,
                    0.5,
                    null,
                    0.125
                ],
                "updating": true
            }
        },
        "17": {
            "X": {
                "class": "CartConcept",
                "nice_chance": 1,
                "unnice_chance": 1,
                "mean_dist": [
                    0,
                    0.17334856806354515,
                    1,
                    1,
                    0
                ],
                "freqhood_dist": [
                    0,
                    0.7414360687151996,
                    1,
                    null,
                    0.125
                ],
                "index_dist": [
                    0,
                    1,
                    1,
                    0.9913828582964882,
                    0
                ],
                "unnice_dist": [
                    -0.5,
                    0,
                    0.5,
                    1,
                    0.00013036930580674668
                ],
                "updating": false
            }
        },
        "18": {
            "X": {
                "class": "CartConcept",
                "nice_chance": 0,
                "unnice_chance": 0.24113461545920734,
                "mean_dist": [
                    0,
                    0.5824144374217726,
                    1,
                    null,
                    0
                ],
                "freqhood_dist": [
                    0,
                    0.45,
                    1,
                    0.9082234024400304,
                    0.125
                ],
                "index_dist": [
                    0,
                    1,
                    1,
                    0.5,
                    0
                ],
                "unnice_dist": [
                    -0.5,
                    -0.5,
                    0.5,
                    null,
                    0
                ],
                "updating": true
            }
        },
        "19": {
            "X": {
                "class": "CartConcept",
                "nice_chance": 0.7323390317773236,
                "unnice_chance": 1,
                "mean_dist": [
                    0,
                    0.5,
                    1,
                    0,
                    0.125
                ],
                "freqhood_dist": [
                    0,
                    0.14794621170464684,
                    1,
                    null,
                    0.125
                ],
                "index_dist": [
                    0,
                    0,
                    1,
                    null,
                    0
                ],
                "unnice_dist": [
                    -0.5,
                    -0.48276516241157585,
                    0.5,
                    0.9221886418497331,
                    0.125
                ],
                "updating": false
            }
        },
        "20": {
            "X": {
                "class": "CartConcept",
                "nice_chance": 0.6651077431055289,
                "unnice_chance": 0,
                "mean_dist": [
                    0,
                    0.5,
                    1,
                    null,
                    0
                ],
                "freqhood_dist": [
                    0,
                    0.35,
                    1,
                    null,
                    0
                ],
                "index_dist": [
                    0,
                    0,
                    1,
                    0.5,
                    0.6959367212981291
                ],
                "unnice_dist": [
                    -0.5,
                    -0.5,
                    0.5,
                    0.5,
                    0
                ],
                "updating": true
            }
        },
        "21": {
            "X": {
                "class": "CartConcept",
                "nice_chance": 0.5,
                "unnice_chance": 1,
                "mean_dist": [
                    0,
                    0.5,
                    1,
                    null,
                    0
                ],
                "freqhood_dist": [
                    0,
                    0.35,
                    1,
                    0.5,
                    0
                ],
                "index_dist": [
                    0,
                    0,
                    1,
                    0.5,
                    0
                ],
                "unnice_dist": [
                    -0.5,
                    0.5,
                    0.5,
                    1,
                    0
                ],
                "updating": false
            }
        },
        "22": {
            "X": {
                "class": "CartConcept",
                "nice_chance": 0.5,
                "unnice_chance": 0.531580432817316,
                "mean_dist": [
                    0,
                    1,
                    1,
                    0.32709731625115657,
                    0.125
                ],
                "freqhood_dist": [
                    0,
                    0.35,
                    1,
                    null,
                    0
                ],
                "index_dist": [
                    0,
                    0.4722849490255604,
                    1,
                    0.2736457680958553,
                    0.03196641833695822
                ],
                "unnice_dist": [
                    -0.5,
                    -0.5,
                    0.5,
                    0.07114857792725537,
                    0.125
                ],
                "updating": false
            }
        },
        "23": {
            "X": {
                "class": "CartConcept",
                "nice_chance": 0.970081301074911,
                "unnice_chance": 0,
                "mean_dist": [
                    0,
                    0.5,
                    1,
                    1,
                    0
                ],
                "freqhood_dist": [
                    0,
                    0.35,
                    1,
                    0,
                    0.125
                ],
                "index_dist": [
                    0,
                    1,
                    1,
                    1,
                    0
                ],
                "unnice_dist": [
                    -0.5,
                    0.5,
                    0.5,
                    0.5,
                    0.125
                ],
                "updating": true
            }
        },
        "24": {
            "X": {
                "class": "CartConcept",
                "nice_chance": 0.5,
                "unnice_chance": 1,
                "mean_dist": [
                    0,
                    0.5068626100102974,
                    1,
                    null,
                    0
                ],
                "freqhood_dist": [
                    0,
                    0,
                    1,
                    0.5,
                    0
                ],
                "index_dist": [
                    0,
                    0,
                    1,
                    0.5,
                    0
                ],
                "unnice_dist": [
                    -0.5,
                    0.5,
                    0.5,
                    1,
                    0
                ],
                "updating": false
            }
        },
        "25": {
            "X": {
                "class": "CartConcept",
                "nice_chance": 0,
                "unnice_chance": 1,
                "mean_dist": [
                    0,
                    1,
                    1,
                    null,
                    0.125
                ],
                "freqhood_dist": [
                    0,
                    0,
                    1,
                    0,
                    0.7319417186391967
                ],
                "index_dist": [
                    0,
                    1,
                    1,
                    1,
                    0
                ],
                "unnice_dist": [
                    -0.5,
                    0,
                    0.5,
                    1,
                    0
                ],
                "updating": false
            }
        },
        "26": {
            "X": {
                "class": "CartConcept",
                "nice_chance": 1,
                "unnice_chance": 0,
                "mean_dist": [
                    0,
                    0,
                    1,
                    1,
                    0.125
                ],
                "freqhood_dist": [
                    0,
                    0.35,
                    1,
                    0,
                    0.125
                ],
                "index_dist": [
                    0,
                    0,
                    1,
                    1,
                    0.125
                ],
                "unnice_dist": [
                    -0.5,
                    0,
                    0.5,
                    0.5,
                    0.125
                ],
                "updating": false
            }
        },
        "27": {
            "X": {
                "class": "CartConcept",
                "nice_chance": 0.5,
                "unnice_chance": 0.5,
                "mean_dist": [
                    0,
                    0.5,
                    1,
                    0.20130683117097847,
                    0
                ],
                "freqhood_dist": [
                    0,
                    0.4027344517945588,
                    1,
                    null,
                    0
                ],
                "index_dist": [
                    0,
                    1,
                    1,
                    0,
                    0
                ],
                "unnice_dist": [
                    -0.5,
                    -0.5,
                    0.5,
                    1,
                    0
                ],
                "updating": false
            }
        },
        "28": {
            "X": {
                "class": "CartConcept",
                "nice_chance": 0.5,
                "unnice_chance": 1,
                "mean_dist": [
                    0,
                    0,
                    1,
                    0,
                    0
                ],
                "freqhood_dist": [
                    0,
                    0.35,
                    1,
                    0.5,
                    0
                ],
                "index_dist": [
                    0,
                    1,
                    1,
                    0.5,
                    0
                ],
                "unnice_dist": [
                    -0.5,
                    0.5,
                    0.5,
                    0,
                    0.125
                ],
                "updating": false
            }
        },
        "29": {
            "X": {
                "class": "CartConcept",
                "nice_chance": 0.5,
                "unnice_chance": 0.8066341379902916,
                "mean_dist": [
                    0,
                    0,
                    1,
                    0.5,
                    0
                ],
                "freqhood_dist": [
                    0,
                    0.35,
                    1,
                    1,
                    0.6686012180679891
                ],
                "index_dist": [
                    0,
                    1,
                    1,
                    0.5,
                    0
                ],
                "unnice_dist": [
                    -0.5,
                    -0.03312603681053228,
                    0.5,
                    0,
                    0.125
                ],
                "updating": true
            }
        },
        "30": {
            "X": {
                "class": "CartConcept",
                "nice_chance": 0.46445969256255903,
                "unnice_chance": 0,
                "mean_dist": [
                    0,
                    1,
                    1,
                    null,
                    0
                ],
                "freqhood_dist": [
                    0,
                    0.35,
                    1,
                    0.5,
                    0
                ],
                "index_dist": [
                    0,
                    1,
                    1,
                    0,
                    0
                ],
                "unnice_dist": [
                    -0.5,
                    0,
                    0.5,
                    0,
                    0.125
                ],
                "updating": false
            }
        },
        "31": {
            "X": {
                "class": "CartConcept",
                "nice_chance": 0.5,
                "unnice_chance": 0,
                "mean_dist": [
                    0,
                    0,
                    1,
                    0,
                    0.125
                ],
                "freqhood_dist": [
                    0,
                    0.5445061671725223,
                    1,
                    null,
                    0
                ],
                "index_dist": [
                    0,
                    0.5269179060209878,
                    1,
                    0,
                    1.391001166188024e-05
                ],
                "unnice_dist": [
                    -0.5,
                    0.4009800563231949,
                    0.5,
                    0.5,
                    0
                ],
                "updating": true
            }
        },
        "32": {
            "X": {
                "class": "CartConcept",
                "nice_chance": 1,
                "unnice_chance": 0.5,
                "mean_dist": [
                    0,
                    0,
                    1,
                    0.9952260097187331,
                    0
                ],
                "freqhood_dist": [
                    0,
                    0,
                    1,
                    null,
                    0.125
                ],
                "index_dist": [
                    0,
                    0.5269179060209878,
                    1,
                    1,
                    0
                ],
                "unnice_dist": [
                    -0.5,
                    0,
                    0.5,
                    null,
                    0
                ],
                "updating": true
            }
        },
        "33": {
            "X": {
                "class": "CartConcept",
                "nice_chance": 0.5,
                "unnice_chance": 0.3591922109015303,
                "mean_dist": [
                    0,
                    1,
                    1,
                    1,
                    0
                ],
                "freqhood_dist": [
                    0,
                    0.45988396523110575,
                    1,
                    null,
                    0.0002816141309595251
                ],
                "index_dist": [
                    0,
                    0,
                    1,
                    0,
                    0
                ],
                "unnice_dist": [
                    -0.5,
                    0.5,
                    0.5,
                    0,
                    0
                ],
                "updating": true
            }
        },
        "34": {
            "X": {
                "class": "CartConcept",
                "nice_chance": 1,
                "unnice_chance": 1,
                "mean_dist": [
                    0,
                    1,
                    1,
                    0.5,
                    0.26538163790653857
                ],
                "freqhood_dist": [
                    0,
                    0.45988396523110575,
                    1,
                    0.5,
                    0.125
                ],
                "index_dist": [
                    0,
                    1,
                    1,
                    0.5,
                    0
                ],
                "unnice_dist": [
                    -0.5,
                    -0.5,
                    0.5,
                    0.9686642335680296,
                    0
                ],
                "updating": false
            }
        },
        "35": {
            "X": {
                "class": "CartConcept",
                "nice_chance": 0.5,
                "unnice_chance": 0.5,
                "mean_dist": [
                    0,
                    0.8853063502210143,
                    1,
                    null,
                    0.023367301891033306
                ],
                "freqhood_dist": [
                    0,
                    0,
                    1,
                    1,
                    0.125
                ],
                "index_dist": [
                    0,
                    0,
                    1,
                    1,
                    0
                ],
                "unnice_dist": [
                    -0.5,
                    0.5,
                    0.5,
                    0.42807689142538397,
                    0
                ],
                "updating": false
            }
        },
        "36": {
            "X": {
                "class": "CartConcept",
                "nice_chance": 0.5,
                "unnice_chance": 1,
                "mean_dist": [
                    0,
                    0.5,
                    1,
                    null,
                    0.125
                ],
                "freqhood_dist": [
                    0,
                    0.35,
                    1,
                    0,
                    0.125
                ],
                "index_dist": [
                    0,
                    1,
                    1,
                    1,
                    0
                ],
                "unnice_dist": [
                    -0.5,
                    0,
                    0.5,
                    null,
                    0
                ],
                "updating": true
            }
        },
        "37": {
            "X": {
                "class": "CartConcept",
                "nice_chance": 0.9012126452828193,
                "unnice_chance": 0.5,
                "mean_dist": [
                    0,
                    0,
                    1,
                    1,
                    0
                ],
                "freqhood_dist": [
                    0,
                    0.9195167097770536,
                    1,
                    null,
                    0.6081585907770275
                ],
                "index_dist": [
                    0,
                    0,
                    1,
                    0.5,
                    0
                ],
                "unnice_dist": [
                    -0.5,
                    0,
                    0.5,
                    0.5,
                    0
                ],
                "updating": true
            }
        },
        "38": {
            "X": {
                "class": "CartConcept",
                "nice_chance": 0,
                "unnice_chance": 0,
                "mean_dist": [
                    0,
                    0,
                    1,
                    0.5,
                    0
                ],
                "freqhood_dist": [
                    0,
                    0.35,
                    1,
                    0.22095466479678028,
                    0.9677759069906198
                ],
                "index_dist": [
                    0,
                    0.860019519728102,
                    1,
                    0,
                    0.125
                ],
                "unnice_dist": [
                    -0.5,
                    0,
                    0.5,
                    null,
                    0.125
                ],
                "updating": true
            }
        },
        "39": {
            "X": {
                "class": "CartConcept",
                "nice_chance": 0,
                "unnice_chance": 0.5823601622874146,
                "mean_dist": [
                    0,
                    0.5,
                    1,
                    0.5,
                    0
                ],
                "freqhood_dist": [
                    0,
                    0.45,
                    1,
                    null,
                    0.125
                ],
                "index_dist": [
                    0,
                    0,
                    1,
                    0,
                    0.125
                ],
                "unnice_dist": [
                    -0.5,
                    0,
                    0.5,
                    1,
                    0
                ],
                "updating": true
            }
        },
        "40": {
            "Y": {
                "class": "CartConcept",
                "nice_chance": 1,
                "unnice_chance": 0.20502186083106033,
                "mean_dist": [
                    0,
                    0.08380078260043922,
                    1,
                    null,
                    0
                ],
                "freqhood_dist": [
                    0,
                    0,
                    1,
                    0.5,
                    0
                ],
                "index_dist": [
                    0,
                    0,
                    1,
                    null,
                    0
                ],
                "unnice_dist": [
                    -0.5,
                    0.5,
                    0.5,
                    null,
                    0
                ],
                "updating": true
            }
        },
        "41": {
            "Y": {
                "class": "CartConcept",
                "nice_chance": 1,
                "unnice_chance": 0.20502186083106033,
                "mean_dist": [
                    0,
                    0.08380078260043922,
                    1,
                    null,
                    0
                ],
                "freqhood_dist": [
                    0,
                    0.45,
                    1,
                    null,
                    0.12506835984604514
                ],
                "index_dist": [
                    0,
                    1,
                    1,
                    0.4175526892243633,
                    0
                ],
                "unnice_dist": [
                    -0.5,
                    0.5,
                    0.5,
                    null,
                    0.8913674476809955
                ],
                "updating": true
            }
        },
        "42": {
            "Y": {
                "class": "CartConcept",
                "nice_chance": 0.5,
                "unnice_chance": 1,
                "mean_dist": [
                    0,
                    0.5,
                    1,
                    null,
                    0
                ],
                "freqhood_dist": [
                    0,
                    0,
                    1,
                    1,
                    0
                ],
                "index_dist": [
                    0,
                    1,
                    1,
                    null,
                    0
                ],
                "unnice_dist": [
                    -0.5,
                    0,
                    0.5,
                    0,
                    0
                ],
                "updating": false
            }
        },
        "43": {
            "Y": {
                "class": "CartConcept",
                "nice_chance": 0.5,
                "unnice_chance": 1,
                "mean_dist": [
                    0,
                    0.5,
                    1,
                    1,
                    0
                ],
                "freqhood_dist": [
                    0,
                    0,
                    1,
                    null,
                    0.12506835984604514
                ],
                "index_dist": [
                    0,
                    1,
                    1,
                    null,
                    0
                ],
                "unnice_dist": [
                    -0.5,
                    0.5,
                    0.5,
                    1,
                    0
                ],
                "updating": false
            }
        },
        "44": {
            "Y": {
                "class": "CartConcept",
                "nice_chance": 1,
                "unnice_chance": 0,
                "mean_dist": [
                    0,
                    1,
                    1,
                    0,
                    0.125
                ],
                "freqhood_dist": [
                    0,
                    0.35,
                    1,
                    0,
                    0
                ],
                "index_dist": [
                    0,
                    1,
                    1,
                    0.5,
                    0.125
                ],
                "unnice_dist": [
                    -0.5,
                    0.5,
                    0.5,
                    0,
                    0
                ],
                "updating": true
            }
        },
        "45": {
            "Y": {
                "class": "CartConcept",
                "nice_chance": 0,
                "unnice_chance": 0.5,
                "mean_dist": [
                    0,
                    1,
                    1,
                    null,
                    0
                ],
                "freqhood_dist": [
                    0,
                    0.35,
                    1,
                    null,
                    0
                ],
                "index_dist": [
                    0,
                    1,
                    1,
                    null,
                    0
                ],
                "unnice_dist": [
                    -0.5,
                    0,
                    0.5,
                    0.45953244255659387,
                    0
                ],
                "updating": true
            }
        },
        "46": {
            "Y": {
                "class": "CartConcept",
                "nice_chance": 0,
                "unnice_chance": 0.5,
                "mean_dist": [
                    0,
                    1,
                    1,
                    null,
                    0
                ],
                "freqhood_dist": [
                    0,
                    0,
                    1,
                    null,
                    0
                ],
                "index_dist": [
                    0,
                    1,
                    1,
                    null,
                    0
                ],
                "unnice_dist": [
                    -0.5,
                    0.5,
                    0.5,
                    null,
                    0.8913674476809955
                ],
                "updating": false
            }
        },
        "47": {
            "IT": {
                "class": "ItConcept",
                "iterance_0_dist": [
                    1,
                    1.08844257945008,
                    1.17688515890016,
                    null,
                    0.08
                ],
                "iterance_1_dist": [
                    1,
                    1.0,
                    1,
                    1,
                    0.30117660060925694
                ],
                "xlike_chance": 0.27284610632867723
            }
        },
        "56": {
            "IT": {
                "class": "ItConcept",
                "iterance_0_dist": [
                    1,
                    1.0,
                    1,
                    0.7580729796275768,
                    0
                ],
                "iterance_1_dist": [
                    1,
                    1.1904905556615888,
                    1.3809811113231778,
                    1,
                    0
                ],
                "xlike_chance": 0
            }
        },
        "63": {
            "IT": {
                "class": "ItConcept",
                "iterance_0_dist": [
                    1,
                    1.0,
                    1,
                    1,
                    0.08
                ],
                "iterance_1_dist": [
                    4.799409724173066,
                    13.122444323363402,
                    21.445478922553736,
                    1,
                    0.08
                ],
                "xlike_chance": 0.5
            }
        },
        "71": {
            "IT": {
                "class": "ItConcept",
                "iterance_0_dist": [
                    1,
                    1.5176115328421138,
                    2.0352230656842276,
                    null,
                    0.4541061218371548
                ],
                "iterance_1_dist": [
                    1,
                    1.5176115328421138,
                    2.0352230656842276,
                    0.5,
                    0.08
                ],
                "xlike_chance": 0.5882128202576244
            }
        },
        "48": {
            "POWER": {
                "class": "PowerConcept",
                "weighing_base_chance": 0,
                "base_weight_dist": [
                    0,
                    0.4126325452305635,
                    1,
                    null,
                    0
                ],
                "exp_weight_dist": [
                    0,
                    1,
                    1,
                    0,
                    0
                ],
                "exp_lifthood_dist": [
                    0,
                    0,
                    1,
                    1,
                    0
                ]
            }
        },
        "53": {
            "POWER": {
                "class": "PowerConcept",
                "weighing_base_chance": 0.43483863980576554,
                "base_weight_dist": [
                    0,
                    1,
                    1,
                    0,
                    0
                ],
                "exp_weight_dist": [
                    0,
                    1,
                    1,
                    1,
                    0
                ],
                "exp_lifthood_dist": [
                    0,
                    1,
                    1,
                    0.5,
                    0
                ]
            }
        },
        "49": {
            "AMEAN": {
                "class": "AmeanConcept",
                "wc": {
                    "class": "WeightConcept",
                    "balanced_amt_dist": [
                        0,
                        0,
                        1,
                        0.5,
                        0
                    ],
                    "imbalanced_base_dist": [
                        0,
                        0.5953162376447216,
                        5,
                        1,
                        0
                    ],
                    "reversing_chance": 0,
                    "shufflity_dist": [
                        0,
                        0,
                        1,
                        0,
                        0
                    ],
                    "starting_index_dist": [
                        0,
                        0,
                        1,
                        0.5,
                        0
                    ]
                }
            }
        },
        "50": {
            "AMEAN": {
                "class": "AmeanConcept",
                "wc": {
                    "class": "WeightConcept",
                    "balanced_amt_dist": [
                        0,
                        0.5993918177887789,
                        1,
                        null,
                        0
                    ],
                    "imbalanced_base_dist": [
                        0,
                        2.356849967265808,
                        5,
                        0.5,
                        0
                    ],
                    "reversing_chance": 0.5,
                    "shufflity_dist": [
                        0,
                        1,
                        1,
                        null,
                        0
                    ],
                    "starting_index_dist": [
                        0,
                        0.33394700562798374,
                        1,
                        0,
                        0
                    ]
                }
            }
        },
        "52": {
            "AMEAN": {
                "class": "AmeanConcept",
                "wc": {
                    "class": "WeightConcept",
                    "balanced_amt_dist": [
                        0,
                        0.5993918177887789,
                        1,
                        0,
                        0
                    ],
                    "imbalanced_base_dist": [
                        0,
                        1,
                        5,
                        null,
                        0
                    ],
                    "reversing_chance": 0.5,
                    "shufflity_dist": [
                        0,
                        1,
                        1,
                        0,
                        0
                    ],
                    "starting_index_dist": [
                        0,
                        0,
                        1,
                        0.5,
                        0
                    ]
                }
            }
        },
        "58": {
            "AMEAN": {
                "class": "AmeanConcept",
                "wc": {
                    "class": "WeightConcept",
                    "balanced_amt_dist": [
                        0,
                        1,
                        1,
                        1,
                        0
                    ],
                    "imbalanced_base_dist": [
                        0,
                        1,
                        5,
                        null,
                        0
                    ],
                    "reversing_chance": 0.5,
                    "shufflity_dist": [
                        0,
                        1,
                        1,
                        0,
                        0
                    ],
                    "starting_index_dist": [
                        0,
                        0,
                        1,
                        0.5,
                        0
                    ]
                }
            }
        },
        "61": {
            "AMEAN": {
                "class": "AmeanConcept",
                "wc": {
                    "class": "WeightConcept",
                    "balanced_amt_dist": [
                        0,
                        0.9465653025636663,
                        1,
                        1,
                        0
                    ],
                    "imbalanced_base_dist": [
                        0,
                        0.2,
                        5,
                        0.5,
                        0
                    ],
                    "reversing_chance": 0.5,
                    "shufflity_dist": [
                        0,
                        1,
                        1,
                        null,
                        0
                    ],
                    "starting_index_dist": [
                        0,
                        0.2915004190861712,
                        1,
                        null,
                        0
                    ]
                }
            }
        },
        "66": {
            "AMEAN": {
                "class": "AmeanConcept",
                "wc": {
                    "class": "WeightConcept",
                    "balanced_amt_dist": [
                        0,
                        1,
                        1,
                        0.5359382719057992,
                        0
                    ],
                    "imbalanced_base_dist": [
                        0,
                        2.356849967265808,
                        5,
                        0.5,
                        0
                    ],
                    "reversing_chance": 0,
                    "shufflity_dist": [
                        0,
                        1,
                        1,
                        0.5,
                        0
                    ],
                    "starting_index_dist": [
                        0,
                        0.2915004190861712,
                        1,
                        0.5,
                        0
                    ]
                }
            }
        },
        "67": {
            "AMEAN": {
                "class": "AmeanConcept",
                "wc": {
                    "class": "WeightConcept",
                    "balanced_amt_dist": [
                        0,
                        0,
                        1,
                        null,
                        0
                    ],
                    "imbalanced_base_dist": [
                        0,
                        0.2,
                        5,
                        0.5,
                        0
                    ],
                    "reversing_chance": 0.5,
                    "shufflity_dist": [
                        0,
                        0,
                        1,
                        0,
                        0
                    ],
                    "starting_index_dist": [
                        0,
                        0.33394700562798374,
                        1,
                        null,
                        0
                    ]
                }
            }
        },
        "69": {
            "AMEAN": {
                "class": "AmeanConcept",
                "wc": {
                    "class": "WeightConcept",
                    "balanced_amt_dist": [
                        0,
                        1,
                        1,
                        null,
                        0
                    ],
                    "imbalanced_base_dist": [
                        0,
                        5,
                        5,
                        0.5,
                        0
                    ],
                    "reversing_chance": 0.5,
                    "shufflity_dist": [
                        0,
                        0,
                        1,
                        0.5,
                        0
                    ],
                    "starting_index_dist": [
                        0,
                        0,
                        1,
                        0.022413388849023663,
                        0
                    ]
                }
            }
        },
        "51": {
            "GMEAN": null
        },
        "65": {
            "GMEAN": null
        },
        "54": {
            "SIN": {
                "class": "SinConcept",
                "wc": {
                    "class": "WaveConcept",
                    "nice_chance": 0.5,
                    "unnice_chance": 0.14831200670804448,
                    "off_unnice_chance": 1,
                    "freqhood_dist": [
                        0,
                        0.7121151861739626,
                        1,
                        null,
                        0.125
                    ],
                    "numerhood_dist": [
                        0,
                        0,
                        1,
                        null,
                        0
                    ],
                    "denomhood_dist": [
                        0,
                        0.35,
                        1,
                        0.5,
                        0
                    ],
                    "unnice_dist": [
                        -1,
                        -0.5,
                        1,
                        0.1788995580480821,
                        0
                    ],
                    "offreqhood_dist": [
                        0,
                        0.35,
                        1,
                        0.5382890239111344,
                        0
                    ],
                    "offdex_dist": [
                        0,
                        0,
                        1,
                        0.5,
                        0
                    ],
                    "off_unnice_dist": [
                        -1,
                        0,
                        1,
                        null,
                        0
                    ]
                }
            }
        },
        "57": {
            "SIN": {
                "class": "SinConcept",
                "wc": {
                    "class": "WaveConcept",
                    "nice_chance": 1,
                    "unnice_chance": 0.5,
                    "off_unnice_chance": 0,
                    "freqhood_dist": [
                        0,
                        0.7121151861739626,
                        1,
                        0.5,
                        0.0015091862783458941
                    ],
                    "numerhood_dist": [
                        0,
                        0,
                        1,
                        null,
                        0
                    ],
                    "denomhood_dist": [
                        0,
                        0,
                        1,
                        0,
                        0
                    ],
                    "unnice_dist": [
                        -1,
                        0.12538719301606577,
                        1,
                        0.1788995580480821,
                        0
                    ],
                    "offreqhood_dist": [
                        0,
                        0.45,
                        1,
                        null,
                        0.125
                    ],
                    "offdex_dist": [
                        0,
                        0,
                        1,
                        0,
                        0
                    ],
                    "off_unnice_dist": [
                        -1,
                        0.35065024782545606,
                        1,
                        0.5,
                        0
                    ]
                }
            }
        },
        "70": {
            "SIN": {
                "class": "SinConcept",
                "wc": {
                    "class": "WaveConcept",
                    "nice_chance": 1,
                    "unnice_chance": 0,
                    "off_unnice_chance": 1,
                    "freqhood_dist": [
                        0,
                        0,
                        1,
                        0.5,
                        0
                    ],
                    "numerhood_dist": [
                        0,
                        0,
                        1,
                        0,
                        0
                    ],
                    "denomhood_dist": [
                        0,
                        0.45,
                        1,
                        0.5,
                        0
                    ],
                    "unnice_dist": [
                        -1,
                        0,
                        1,
                        0,
                        0
                    ],
                    "offreqhood_dist": [
                        0,
                        0.45,
                        1,
                        1,
                        0.03217595515308473
                    ],
                    "offdex_dist": [
                        0,
                        0.5,
                        1,
                        0.059031790154092545,
                        0
                    ],
                    "off_unnice_dist": [
                        -1,
                        0.35065024782545606,
                        1,
                        0.5,
                        0
                    ]
                }
            }
        },
        "74": {
            "SIN": {
                "class": "SinConcept",
                "wc": {
                    "class": "WaveConcept",
                    "nice_chance": 0,
                    "unnice_chance": 1,
                    "off_unnice_chance": 1,
                    "freqhood_dist": [
                        0,
                        0.35,
                        1,
                        0.5,
                        0
                    ],
                    "numerhood_dist": [
                        0,
                        0,
                        1,
                        0.5,
                        0
                    ],
                    "denomhood_dist": [
                        0,
                        0,
                        1,
                        0.5,
                        0
                    ],
                    "unnice_dist": [
                        -1,
                        0,
                        1,
                        0.1788995580480821,
                        0
                    ],
                    "offreqhood_dist": [
                        0,
                        0.45,
                        1,
                        0,
                        0.03217595515308473
                    ],
                    "offdex_dist": [
                        0,
                        1,
                        1,
                        null,
                        0
                    ],
                    "off_unnice_dist": [
                        -1,
                        0.35065024782545606,
                        1,
                        0,
                        0
                    ]
                }
            }
        },
        "55": {
            "MINX": {
                "class": "MinxConcept",
                "maxing_chance": 0,
                "wc": {
                    "class": "WeightConcept",
                    "balanced_amt_dist": [
                        0,
                        1,
                        1,
                        0.5,
                        0
                    ],
                    "imbalanced_base_dist": [
                        0,
                        1,
                        5,
                        0.5,
                        0
                    ],
                    "reversing_chance": 0.15701162302801686,
                    "shufflity_dist": [
                        0,
                        1,
                        1,
                        0,
                        0
                    ],
                    "starting_index_dist": [
                        0,
                        0.06908969350958694,
                        1,
                        null,
                        0
                    ]
                }
            }
        },
        "59": {
            "MINX": {
                "class": "MinxConcept",
                "maxing_chance": 1,
                "wc": {
                    "class": "WeightConcept",
                    "balanced_amt_dist": [
                        0,
                        0.8984936556354409,
                        1,
                        0.5,
                        0
                    ],
                    "imbalanced_base_dist": [
                        0,
                        1,
                        5,
                        0,
                        0
                    ],
                    "reversing_chance": 0.15701162302801686,
                    "shufflity_dist": [
                        0,
                        1,
                        1,
                        null,
                        0
                    ],
                    "starting_index_dist": [
                        0,
                        0,
                        1,
                        0.5,
                        0
                    ]
                }
            }
        },
        "60": {
            "RAND": {
                "class": "RandConcept",
                "freqhood_dist": [
                    0,
                    0.45,
                    1,
                    null,
                    0
                ],
                "squarity_dist": [
                    0,
                    0.8687313031817271,
                    1,
                    0.4194213602515453,
                    0
                ]
            }
        },
        "62": {
            "SPIN": {
                "class": "SpinConcept",
                "wc": {
                    "class": "WaveConcept",
                    "nice_chance": 1,
                    "unnice_chance": 0,
                    "off_unnice_chance": 0,
                    "freqhood_dist": [
                        0,
                        0.670809263765111,
                        1,
                        1,
                        0.125
                    ],
                    "numerhood_dist": [
                        0,
                        0.45,
                        1,
                        0.5,
                        0
                    ],
                    "denomhood_dist": [
                        0,
                        0.45,
                        1,
                        0.5,
                        0
                    ],
                    "unnice_dist": [
                        -1,
                        -0.9222509312668402,
                        1,
                        1,
                        0
                    ],
                    "offreqhood_dist": [
                        0,
                        0.45,
                        1,
                        0,
                        0
                    ],
                    "offdex_dist": [
                        0,
                        1,
                        1,
                        0,
                        0
                    ],
                    "off_unnice_dist": [
                        -1,
                        0.5,
                        1,
                        null,
                        0
                    ]
                },
                "fc": {
                    "class": "FanConcept",
                    "shift_dist": [
                        -1,
                        0,
                        1,
                        0,
                        0
                    ],
                    "logweight_dist": [
                        -6.742556776467418,
                        0,
                        1,
                        0.7001271563205732,
                        0
                    ]
                },
                "antiwise_chance": 0,
                "armhood_dist": [
                    0,
                    0,
                    1,
                    0.5,
                    0
                ]
            }
        },
        "72": {
            "SPIN": {
                "class": "SpinConcept",
                "wc": {
                    "class": "WaveConcept",
                    "nice_chance": 0,
                    "unnice_chance": 0.7751002616344617,
                    "off_unnice_chance": 1,
                    "freqhood_dist": [
                        0,
                        0.670809263765111,
                        1,
                        null,
                        0
                    ],
                    "numerhood_dist": [
                        0,
                        0.35,
                        1,
                        0,
                        0
                    ],
                    "denomhood_dist": [
                        0,
                        0.45,
                        1,
                        1,
                        0
                    ],
                    "unnice_dist": [
                        -1,
                        0.5,
                        1,
                        0,
                        0
                    ],
                    "offreqhood_dist": [
                        0,
                        0.35,
                        1,
                        0.5,
                        0
                    ],
                    "offdex_dist": [
                        0,
                        0.5,
                        1,
                        0,
                        0
                    ],
                    "off_unnice_dist": [
                        -1,
                        0,
                        1,
                        0,
                        0
                    ]
                },
                "fc": {
                    "class": "FanConcept",
                    "shift_dist": [
                        -1,
                        0,
                        1,
                        0,
                        0
                    ],
                    "logweight_dist": [
                        -0.5,
                        0,
                        3.883385121440026,
                        1,
                        0
                    ]
                },
                "antiwise_chance": 1,
                "armhood_dist": [
                    0,
                    0.5,
                    1,
                    null,
                    0.00035079214310184927
                ]
            }
        },
        "73": {
            "SPIN": {
                "class": "SpinConcept",
                "wc": {
                    "class": "WaveConcept",
                    "nice_chance": 1,
                    "unnice_chance": 0.5,
                    "off_unnice_chance": 1,
                    "freqhood_dist": [
                        0,
                        0.35,
                        1,
                        0.5,
                        0.125
                    ],
                    "numerhood_dist": [
                        0,
                        0,
                        1,
                        0.5,
                        0
                    ],
                    "denomhood_dist": [
                        0,
                        0.45,
                        1,
                        0.39919948857159193,
                        0
                    ],
                    "unnice_dist": [
                        -1,
                        0.5,
                        1,
                        0,
                        0
                    ],
                    "offreqhood_dist": [
                        0,
                        0.45,
                        1,
                        0,
                        0.1590269565137221
                    ],
                    "offdex_dist": [
                        0,
                        0,
                        1,
                        0.5,
                        0
                    ],
                    "off_unnice_dist": [
                        -1,
                        -0.5,
                        1,
                        null,
                        0
                    ]
                },
                "fc": {
                    "class": "FanConcept",
                    "shift_dist": [
                        -1,
                        0.2865985118228629,
                        1,
                        null,
                        0
                    ],
                    "logweight_dist": [
                        0,
                        0,
                        2.3550200318649877,
                        1,
                        0
                    ]
                },
                "antiwise_chance": 0.5,
                "armhood_dist": [
                    0,
                    0,
                    1,
                    null,
                    0
                ]
            }
        },
        "64": {
            "ARCFAN": {
                "class": "ArcfanConcept",
                "fc": {
                    "class": "FanConcept",
                    "shift_dist": [
                        -1,
                        -0.9170441635777486,
                        1,
                        0,
                        0.125
                    ],
                    "logweight_dist": [
                        -0.5,
                        0,
                        0.5,
                        null,
                        0
                    ]
                }
            }
        },
        "68": {
            "INV": null
        }
    },
    "correlator": [
        {
            "class": "Correlation",
            "isotopeID_0": 11,
            "element_0": "X",
            "param_index_0": 0,
            "isotopeID_1": 26,
            "element_1": "X",
            "param_index_1": 0,
            "relation_c": 0,
            "relation_r": 0,
            "strength": 0.5483801147638225
        },
        {
            "class": "Correlation",
            "isotopeID_0": 57,
            "element_0": "SIN",
            "param_index_0": 1,
            "isotopeID_1": 73,
            "element_1": "SPIN",
            "param_index_1": 0,
            "relation_c": 0,
            "relation_r": 0,
            "strength": 0.9126548523578657
        },
        {
            "class": "Correlation",
            "isotopeID_0": 64,
            "element_0": "ARCFAN",
            "param_index_0": 1,
            "isotopeID_1": 53,
            "element_1": "POWER",
            "param_index_1": 0,
            "relation_c": 0,
            "relation_r": 0,
            "strength": 0.23673854838905006
        },
        {
            "class": "Correlation",
            "isotopeID_0": 45,
            "element_0": "Y",
            "param_index_0": 0,
            "isotopeID_1": 60,
            "element_1": "RAND",
            "param_index_1": 0,
            "relation_c": 0,
            "relation_r": 0,
            "strength": 0.4168846745735335
        },
        {
            "class": "Correlation",
            "isotopeID_0": 34,
            "element_0": "X",
            "param_index_0": 0,
            "isotopeID_1": 62,
            "element_1": "SPIN",
            "param_index_1": 1,
            "relation_c": 0,
            "relation_r": 0,
            "strength": 0.38649564766344313
        },
        {
            "class": "Correlation",
            "isotopeID_0": 35,
            "element_0": "X",
            "param_index_0": 0,
            "isotopeID_1": 12,
            "element_1": "X",
            "param_index_1": 0,
            "relation_c": 0,
            "relation_r": 0,
            "strength": -0.4534711822646982
        },
        {
            "class": "Correlation",
            "isotopeID_0": 73,
            "element_0": "SPIN",
            "param_index_0": 2,
            "isotopeID_1": 54,
            "element_1": "SIN",
            "param_index_1": 0,
            "relation_c": 0,
            "relation_r": 0,
            "strength": -0.043863046586431365
        }
    ],
    "calmer": {
        "class": "Calmer",
        "hue_dist": [
            0,
            0,
            1,
            0.8679045816599509,
            0
        ],
        "sat_dist": [
            0,
            0,
            1,
            0.864214645601844,
            0.08
        ],
        "val_dist": [
            0,
            0,
            1,
            0.819253153383391,
            0.08
        ],
        "pal_dist": [
            0,
            0.4166809500095777,
            2,
            0.6687698465280453,
            7.30534716189946e-07
        ],
        "gradience_dd": [
            [
                0,
                0.5931642228146962,
                1,
                0.534736377446414,
                0.0066714089349904394
            ],
            0.25351661173608947,
            6.11836101495961e-07,
            [
                0,
                0.5893236724426258,
                1,
                0.4342043028281638,
                0.5723310450206495
            ],
            0.001653836337668939,
            0.000544216999882263
        ],
        "unarm_dist": [
            0,
            0,
            1,
            0.24150446471405618,
            0.0006866872467701891
        ],
        "unaim_dist": [
            1,
            4.108546599637455,
            20,
            0.5224932369431804,
            0.48712238370181005
        ]
    }
}