{
    "class": "Version",
    "prism": [
        6,
        8.842369559323327,
        20.5,
        0.5141434267006916,
        0.08
    ],
    "puddle": {
        "class": "Puddle",
        "hue_dirtiness_dist": [
            0.845046961082534,
            0.9772521801694035,
            0.9774152943064253,
            0.715785874802948,
            0.0003281110446905882
        ],
        "sat_dirtiness_dist": [
            0.963563929832807,
            1.0107032358732173,
            1.0348347212004947,
            0.8923068257263379,
            0.02466103339360832
        ],
        "val_dirtiness_dist": [
            0.9746426403533085,
            0.9815943190393766,
            0.9893798723380777,
            0.6156305434430477,
            0.00032766579096874703
        ],
        "hue_stillness_dist": [
            0.05962285638114438,
            0.0686419015089309,
            0.08582056327779641,
            0.2563021119914384,
            0.29564099787691756
        ],
        "sat_stillness_dist": [
            0.06055747457324375,
            0.07913964906445009,
            0.09099508132550967,
            0.8005682290771602,
            0.45188004838065665
        ],
        "val_stillness_dist": [
            0.05045621335502728,
            0.05108509666529905,
            0.05447153915998669,
            0.3950176707255342,
            0.05686779187317762
        ]
    },
    "pasteller": {
        "class": "Pasteller",
        "frac_mid": 0.9960988454774151,
        "amt_sharp": 0.6186213847273885
    },
    "permuter": [
        8.133624588837288,
        8.171015982805848,
        9.881578562703467,
        0.25690705452989115,
        0.10560469911098205
    ],
    "procession": 1.8,
    "controller": {},
    "conceiver": {
        "8": {
            "X": {
                "class": "CartConcept",
                "nice_chance": 0.5,
                "unnice_chance": 1,
                "mean_dist": [
                    0,
                    0,
                    1,
                    1,
                    0.125
                ],
                "freqhood_dist": [
                    0,
                    0,
                    1,
                    1,
                    0
                ],
                "index_dist": [
                    0,
                    0,
                    1,
                    1,
                    0
                ],
                "unnice_dist": [
                    -0.5,
                    0,
                    0.5,
                    null,
                    0
                ]
            }
        },
        "9": {
            "X": {
                "class": "CartConcept",
                "nice_chance": 1,
                "unnice_chance": 1,
                "mean_dist": [
                    0,
                    0,
                    1,
                    1,
                    0.3981220430354876
                ],
                "freqhood_dist": [
                    0,
                    0.45,
                    1,
                    0.5,
                    0
                ],
                "index_dist": [
                    0,
                    1,
                    1,
                    null,
                    0.125
                ],
                "unnice_dist": [
                    -0.5,
                    0,
                    0.5,
                    1,
                    0
                ]
            }
        },
        "10": {
            "X": {
                "class": "CartConcept",
                "nice_chance": 0,
                "unnice_chance": 0,
                "mean_dist": [
                    0,
                    1,
                    1,
                    0,
                    0
                ],
                "freqhood_dist": [
                    0,
                    0.45,
                    1,
                    1,
                    0
                ],
                "index_dist": [
                    0,
                    1,
                    1,
                    0,
                    0.125
                ],
                "unnice_dist": [
                    -0.5,
                    0,
                    0.5,
                    0.5,
                    0
                ]
            }
        },
        "11": {
            "Y": {
                "class": "CartConcept",
                "nice_chance": 0.5,
                "unnice_chance": 1,
                "mean_dist": [
                    0,
                    1,
                    1,
                    null,
                    0.013217246317766433
                ],
                "freqhood_dist": [
                    0,
                    0.45,
                    1,
                    1,
                    0.022784610243671018
                ],
                "index_dist": [
                    0,
                    0,
                    1,
                    0,
                    0
                ],
                "unnice_dist": [
                    -0.5,
                    0.5,
                    0.5,
                    1,
                    0
                ]
            }
        },
        "12": {
            "Y": {
                "class": "CartConcept",
                "nice_chance": 0.5,
                "unnice_chance": 1,
                "mean_dist": [
                    0,
                    0,
                    1,
                    null,
                    0
                ],
                "freqhood_dist": [
                    0,
                    0.45,
                    1,
                    null,
                    0
                ],
                "index_dist": [
                    0,
                    1,
                    1,
                    1,
                    0
                ],
                "unnice_dist": [
                    -0.5,
                    0,
                    0.5,
                    null,
                    0
                ]
            }
        },
        "13": {
            "Y": {
                "class": "CartConcept",
                "nice_chance": 0,
                "unnice_chance": 0,
                "mean_dist": [
                    0,
                    0.6646220051705458,
                    1,
                    0.5,
                    0
                ],
                "freqhood_dist": [
                    0,
                    0.45,
                    1,
                    null,
                    0
                ],
                "index_dist": [
                    0,
                    0,
                    1,
                    0,
                    0
                ],
                "unnice_dist": [
                    -0.5,
                    0,
                    0.5,
                    0.5,
                    0
                ]
            }
        },
        "14": {
            "IT": {
                "class": "ItConcept",
                "iterance_0_dist": [
                    1,
                    34.15834685645925,
                    67.3166937129185,
                    null,
                    0
                ],
                "iterance_1_dist": [
                    1,
                    1.0,
                    1,
                    null,
                    0
                ],
                "xlike_chance": 0.5
            }
        },
        "15": {
            "GMEAN": null
        },
        "16": {
            "SIN": {
                "class": "SinConcept",
                "wc": {
                    "class": "WaveConcept",
                    "nice_chance": 0,
                    "unnice_chance": 0.5,
                    "off_unnice_chance": 0,
                    "freqhood_dist": [
                        0,
                        0.35,
                        1,
                        null,
                        0.125
                    ],
                    "numerhood_dist": [
                        0,
                        0.35,
                        1,
                        null,
                        0
                    ],
                    "denomhood_dist": [
                        0,
                        0.35,
                        1,
                        null,
                        0
                    ],
                    "unnice_dist": [
                        -1,
                        0,
                        1,
                        null,
                        0
                    ],
                    "offreqhood_dist": [
                        0,
                        0.35,
                        1,
                        0.8830671769186808,
                        0
                    ],
                    "offdex_dist": [
                        0,
                        0.5,
                        1,
                        1,
                        0
                    ],
                    "off_unnice_dist": [
                        -1,
                        0.5,
                        1,
                        1,
                        0
                    ]
                }
            }
        },
        "17": {
            "AMEAN": {
                "class": "AmeanConcept",
                "wc": {
                    "class": "WeightConcept",
                    "balanced_amt_dist": [
                        0,
                        0.6634529742979945,
                        1,
                        1,
                        0
                    ],
                    "imbalanced_base_dist": [
                        0,
                        5,
                        5,
                        null,
                        0
                    ],
                    "reversing_chance": 0,
                    "shufflity_dist": [
                        0,
                        0,
                        1,
                        0.5,
                        0
                    ],
                    "starting_index_dist": [
                        0,
                        0,
                        1,
                        0.5,
                        0
                    ]
                }
            }
        }
    },
    "correlator": [
        {
            "class": "Correlation",
            "isotopeID_0": 16,
            "element_0": "SIN",
            "param_index_0": 0,
            "isotopeID_1": 9,
            "element_1": "X",
            "param_index_1": 0,
            "relation_c": 0,
            "relation_r": 0,
            "strength": -0.5784926969477533
        }
    ],
    "calmer": {
        "class": "Calmer",
        "hue_dist": [
            0,
            0,
            1,
            0.9592325380665002,
            0
        ],
        "sat_dist": [
            0,
            0,
            1,
            0.730759454324401,
            0.08
        ],
        "val_dist": [
            0,
            0,
            1,
            0.8766282765070667,
            0.08
        ],
        "pal_dist": [
            0,
            0.10740431637270975,
            2,
            0.85152619547613,
            0.08559958908317321
        ],
        "gradience_dd": [
            [
                0,
                0.3086874728254221,
                1,
                0.4818367733986686,
                4.0276908897374855e-05
            ],
            0.33800108472549434,
            0.9396687089717337,
            [
                0,
                0.7293205897426523,
                1,
                0.24808432624340404,
                0.00024126141259562053
            ],
            7.524984381688313e-08,
            0.6613335956996443
        ],
        "unarm_dist": [
            0,
            0.1483825152931897,
            1,
            0.8532976506101573,
            0.8200231544735154
        ],
        "unaim_dist": [
            1,
            4.572537465896053,
            20,
            0.687395293293909,
            0.8543737760765316
        ]
    }
}