{
    "class": "Version",
    "prism": [
        6,
        8.860505647725958,
        20.5,
        0.5277700590221456,
        0.08
    ],
    "puddle": {
        "class": "Puddle",
        "hue_dirtiness_dist": [
            0.9368548092661525,
            0.9529976425696323,
            1.031711551120487,
            0.9951368925793505,
            0.8488196879347393
        ],
        "sat_dirtiness_dist": [
            0.9949139992582742,
            1.0006993534410724,
            1.0063402294845367,
            0.994897437017858,
            0.43940228883004306
        ],
        "val_dirtiness_dist": [
            0.8612442241480752,
            0.9501189211635813,
            0.9578884663879407,
            0.8937562679622615,
            0.38426748570594405
        ],
        "hue_stillness_dist": [
            0.019382378285453458,
            0.03486465598842162,
            0.11801051025315684,
            0.9902161308144711,
            0.007399469600984775
        ],
        "sat_stillness_dist": [
            0.03740496907804271,
            0.037690790356019785,
            0.03839989569637863,
            0.21264495349737933,
            0.662559946254427
        ],
        "val_stillness_dist": [
            0.01835706440640248,
            0.09867277798612079,
            0.1423942636296076,
            0.5807606538963899,
            6.741444147645476e-05
        ]
    },
    "pasteller": {
        "class": "Pasteller",
        "frac_mid": 0.20356457372544381,
        "amt_sharp": 0.46534124796076776
    },
    "permuter": [
        3.4836282521994737,
        3.553902596036024,
        4.373075839102848,
        0.17895227900422683,
        0.8010770262379713
    ],
    "procession": 2.1102116771984836,
    "controller": {},
    "conceiver": {
        "8": {
            "X": {
                "class": "CartConcept",
                "nice_chance": 0,
                "unnice_chance": 1,
                "mean_dist": [
                    0,
                    0,
                    1,
                    1,
                    0
                ],
                "freqhood_dist": [
                    0,
                    0.35,
                    1,
                    null,
                    0
                ],
                "index_dist": [
                    0,
                    0,
                    1,
                    0,
                    0
                ],
                "unnice_dist": [
                    -0.5,
                    -0.5,
                    0.5,
                    0,
                    0.125
                ]
            }
        },
        "9": {
            "X": {
                "class": "CartConcept",
                "nice_chance": 0,
                "unnice_chance": 1,
                "mean_dist": [
                    0,
                    0,
                    1,
                    0,
                    0
                ],
                "freqhood_dist": [
                    0,
                    0.35,
                    1,
                    1,
                    0.125
                ],
                "index_dist": [
                    0,
                    0,
                    1,
                    0.5,
                    0.125
                ],
                "unnice_dist": [
                    -0.5,
                    0,
                    0.5,
                    0.07808983512043965,
                    0.125
                ]
            }
        },
        "10": {
            "X": {
                "class": "CartConcept",
                "nice_chance": 0,
                "unnice_chance": 0,
                "mean_dist": [
                    0,
                    0.5,
                    1,
                    0.5,
                    0.125
                ],
                "freqhood_dist": [
                    0,
                    0,
                    1,
                    0.28872264963027905,
                    0.125
                ],
                "index_dist": [
                    0,
                    0,
                    1,
                    0.5,
                    0
                ],
                "unnice_dist": [
                    -0.5,
                    0.5,
                    0.5,
                    0,
                    0.0013107430136715219
                ]
            }
        },
        "11": {
            "Y": {
                "class": "CartConcept",
                "nice_chance": 1,
                "unnice_chance": 0.5,
                "mean_dist": [
                    0,
                    0.5,
                    1,
                    0.5,
                    0
                ],
                "freqhood_dist": [
                    0,
                    0.45,
                    1,
                    1,
                    0.125
                ],
                "index_dist": [
                    0,
                    0.15835944088916032,
                    1,
                    0.5,
                    0.125
                ],
                "unnice_dist": [
                    -0.5,
                    -0.5,
                    0.5,
                    0.5,
                    0
                ]
            }
        },
        "12": {
            "Y": {
                "class": "CartConcept",
                "nice_chance": 0,
                "unnice_chance": 0,
                "mean_dist": [
                    0,
                    0,
                    1,
                    0.5,
                    0.125
                ],
                "freqhood_dist": [
                    0,
                    0.039963120431622534,
                    1,
                    null,
                    0
                ],
                "index_dist": [
                    0,
                    1,
                    1,
                    0.5,
                    0
                ],
                "unnice_dist": [
                    -0.5,
                    0,
                    0.5,
                    1,
                    0
                ]
            }
        },
        "13": {
            "Y": {
                "class": "CartConcept",
                "nice_chance": 0,
                "unnice_chance": 0.964105383210104,
                "mean_dist": [
                    0,
                    0.5,
                    1,
                    0.5,
                    0
                ],
                "freqhood_dist": [
                    0,
                    0.45,
                    1,
                    0.5,
                    0
                ],
                "index_dist": [
                    0,
                    0,
                    1,
                    0.5,
                    0
                ],
                "unnice_dist": [
                    -0.5,
                    0,
                    0.5,
                    1,
                    0
                ]
            }
        },
        "14": {
            "IT": {
                "class": "ItConcept",
                "iterance_0_dist": [
                    1,
                    1.0,
                    1,
                    0,
                    0.08
                ],
                "iterance_1_dist": [
                    1,
                    1.0,
                    1,
                    0.5059971418599011,
                    0.08
                ],
                "xlike_chance": 1
            }
        },
        "15": {
            "GMEAN": null
        },
        "16": {
            "SIN": {
                "class": "SinConcept",
                "wc": {
                    "class": "WaveConcept",
                    "nice_chance": 0.5,
                    "unnice_chance": 0,
                    "off_unnice_chance": 0.5,
                    "freqhood_dist": [
                        0,
                        0.45,
                        1,
                        0.5,
                        0
                    ],
                    "numerhood_dist": [
                        0,
                        0,
                        1,
                        0,
                        0
                    ],
                    "denomhood_dist": [
                        0,
                        0,
                        1,
                        0,
                        0
                    ],
                    "unnice_dist": [
                        -1,
                        0.5,
                        1,
                        1,
                        0
                    ],
                    "offreqhood_dist": [
                        0,
                        0.35,
                        1,
                        0,
                        0
                    ],
                    "offdex_dist": [
                        0,
                        0.5,
                        1,
                        0,
                        0
                    ],
                    "off_unnice_dist": [
                        -1,
                        0,
                        1,
                        null,
                        0
                    ]
                }
            }
        },
        "17": {
            "AMEAN": {
                "class": "AmeanConcept",
                "wc": {
                    "class": "WeightConcept",
                    "balanced_amt_dist": [
                        0,
                        0.37587255592635016,
                        1,
                        1,
                        0
                    ],
                    "imbalanced_base_dist": [
                        0,
                        5,
                        5,
                        null,
                        0
                    ],
                    "reversing_chance": 1,
                    "shufflity_dist": [
                        0,
                        0.872775907716082,
                        1,
                        0,
                        0
                    ],
                    "starting_index_dist": [
                        0,
                        0.5008163882484521,
                        1,
                        0.5,
                        0
                    ]
                }
            }
        }
    },
    "correlator": [
        {
            "class": "Correlation",
            "isotopeID_0": 12,
            "element_0": "Y",
            "param_index_0": 0,
            "isotopeID_1": 11,
            "element_1": "Y",
            "param_index_1": 0,
            "relation_c": 0,
            "relation_r": 0,
            "strength": -0.8614940669418929
        },
        {
            "class": "Correlation",
            "isotopeID_0": 13,
            "element_0": "Y",
            "param_index_0": 0,
            "isotopeID_1": 10,
            "element_1": "X",
            "param_index_1": 0,
            "relation_c": 0,
            "relation_r": 0,
            "strength": 0.6352041883945962
        }
    ],
    "calmer": {
        "class": "Calmer",
        "hue_dist": [
            0,
            0,
            1,
            0.16108939629875763,
            0
        ],
        "sat_dist": [
            0,
            0,
            1,
            0.6299218031670992,
            0.08
        ],
        "val_dist": [
            0,
            0,
            1,
            0.797808340596483,
            0.08
        ],
        "pal_dist": [
            0,
            0.02947880244483314,
            2,
            0.2034512589724603,
            0.37948425242235084
        ],
        "gradience_dd": [
            [
                0,
                0.31842411328215536,
                1,
                0.9952824274994615,
                0.02020575211314199
            ],
            0.0036178551510144875,
            0.008087290024648983,
            [
                0,
                0.8445959876617801,
                1,
                0.05634376763171434,
                0.0036106382170474505
            ],
            0.01272330491392835,
            0.9723723534049158
        ],
        "unarm_dist": [
            0,
            0.07968777322198717,
            1,
            0.3916574502195642,
            0.004087965663388097
        ],
        "unaim_dist": [
            1,
            3.800735535945549,
            20,
            0.723853120834538,
            0.25432943153314685
        ]
    }
}