{
    "class": "Version",
    "prism": [
        6,
        7.62755449875156,
        20.5,
        0.50380907211131,
        0.08
    ],
    "puddle": {
        "class": "Puddle",
        "hue_dirtiness_dist": [
            0.9679300130560751,
            0.9682029771366385,
            0.9917666070932312,
            0.032794541146688005,
            0.003470384053969229
        ],
        "sat_dirtiness_dist": [
            0.9664682449368367,
            0.969957589855084,
            1.0019273986851884,
            0.7818186329594963,
            0.00927370003120558
        ],
        "val_dirtiness_dist": [
            0.9959026562670431,
            0.9995570714143378,
            1.0025931094936664,
            0.3080588677774535,
            0.2056476878336271
        ],
        "hue_stillness_dist": [
            0.007462209712379161,
            0.011474888483883772,
            0.01588522713454848,
            0.30168973077400185,
            0.15327896232150062
        ],
        "sat_stillness_dist": [
            0.007335856474200645,
            0.048542227363533724,
            0.15473368531300688,
            0.645165339080571,
            0.8994017012372365
        ],
        "val_stillness_dist": [
            0.006248303824943543,
            0.0149561126525889,
            0.03943409514697598,
            0.19920444079861066,
            0.054986830932205244
        ]
    },
    "pasteller": {
        "class": "Pasteller",
        "frac_mid": 0.1394090599393469,
        "amt_sharp": 0.6566402230152909
    },
    "permuter": [
        6.797879355156476,
        7.717499699117801,
        10.050030178765514,
        0.5141148880180448,
        3.0416256389786892e-06
    ],
    "procession": 1.8752821843550866,
    "controller": {
        "42": {
            "class": "Control",
            "submute": [],
            "constraint": 0.2517069843338323
        }
    },
    "conceiver": {
        "8": {
            "X": {
                "class": "CartConcept",
                "nice_chance": 0.5,
                "unnice_chance": 1,
                "mean_dist": [
                    0,
                    1,
                    1,
                    0,
                    0.125
                ],
                "freqhood_dist": [
                    0,
                    0.0632859271058741,
                    1,
                    0,
                    0
                ],
                "index_dist": [
                    0,
                    0,
                    1,
                    0.5,
                    0
                ],
                "unnice_dist": [
                    -0.5,
                    0,
                    0.5,
                    0.5,
                    0
                ]
            }
        },
        "9": {
            "X": {
                "class": "CartConcept",
                "nice_chance": 0.7401186723520016,
                "unnice_chance": 0,
                "mean_dist": [
                    0,
                    0.5,
                    1,
                    1,
                    0.125
                ],
                "freqhood_dist": [
                    0,
                    0,
                    1,
                    1,
                    0.125
                ],
                "index_dist": [
                    0,
                    0,
                    1,
                    0,
                    0
                ],
                "unnice_dist": [
                    -0.5,
                    -0.5,
                    0.5,
                    1,
                    0
                ]
            }
        },
        "10": {
            "X": {
                "class": "CartConcept",
                "nice_chance": 0.7401186723520016,
                "unnice_chance": 1,
                "mean_dist": [
                    0,
                    0,
                    1,
                    null,
                    0
                ],
                "freqhood_dist": [
                    0,
                    0,
                    1,
                    1,
                    0.125
                ],
                "index_dist": [
                    0,
                    0.20184258593179516,
                    1,
                    0.6693650815158085,
                    0.02011537034376804
                ],
                "unnice_dist": [
                    -0.5,
                    0,
                    0.5,
                    0.8016608524415415,
                    0.125
                ]
            }
        },
        "11": {
            "X": {
                "class": "CartConcept",
                "nice_chance": 0,
                "unnice_chance": 1,
                "mean_dist": [
                    0,
                    0.5,
                    1,
                    0.5,
                    0
                ],
                "freqhood_dist": [
                    0,
                    0.45,
                    1,
                    1,
                    0
                ],
                "index_dist": [
                    0,
                    0,
                    1,
                    0.5,
                    0
                ],
                "unnice_dist": [
                    -0.5,
                    -0.5,
                    0.5,
                    0.5,
                    0
                ]
            }
        },
        "12": {
            "X": {
                "class": "CartConcept",
                "nice_chance": 0.7401186723520016,
                "unnice_chance": 0,
                "mean_dist": [
                    0,
                    0,
                    1,
                    0,
                    0.125
                ],
                "freqhood_dist": [
                    0,
                    0.35,
                    1,
                    0,
                    0
                ],
                "index_dist": [
                    0,
                    1,
                    1,
                    0,
                    0
                ],
                "unnice_dist": [
                    -0.5,
                    0.5,
                    0.5,
                    1,
                    0.125
                ]
            }
        },
        "13": {
            "X": {
                "class": "CartConcept",
                "nice_chance": 0.5,
                "unnice_chance": 0,
                "mean_dist": [
                    0,
                    0.5,
                    1,
                    0.5,
                    0.125
                ],
                "freqhood_dist": [
                    0,
                    0.0632859271058741,
                    1,
                    1,
                    0.125
                ],
                "index_dist": [
                    0,
                    0,
                    1,
                    0.5,
                    0.125
                ],
                "unnice_dist": [
                    -0.5,
                    0.5,
                    0.5,
                    0.5,
                    9.361643423708052e-05
                ]
            }
        },
        "14": {
            "X": {
                "class": "CartConcept",
                "nice_chance": 0.5,
                "unnice_chance": 0.5,
                "mean_dist": [
                    0,
                    0,
                    1,
                    null,
                    0
                ],
                "freqhood_dist": [
                    0,
                    0.35,
                    1,
                    null,
                    0
                ],
                "index_dist": [
                    0,
                    1,
                    1,
                    1,
                    0
                ],
                "unnice_dist": [
                    -0.5,
                    0.5,
                    0.5,
                    0.5,
                    0.125
                ]
            }
        },
        "15": {
            "X": {
                "class": "CartConcept",
                "nice_chance": 1,
                "unnice_chance": 0,
                "mean_dist": [
                    0,
                    0.5,
                    1,
                    0.33852774312061773,
                    0.125
                ],
                "freqhood_dist": [
                    0,
                    0.35,
                    1,
                    0,
                    0
                ],
                "index_dist": [
                    0,
                    1,
                    1,
                    0.5,
                    0
                ],
                "unnice_dist": [
                    -0.5,
                    -0.5,
                    0.5,
                    null,
                    0
                ]
            }
        },
        "16": {
            "X": {
                "class": "CartConcept",
                "nice_chance": 0.5,
                "unnice_chance": 0.5,
                "mean_dist": [
                    0,
                    0.3665450130406639,
                    1,
                    0,
                    0
                ],
                "freqhood_dist": [
                    0,
                    0.35,
                    1,
                    0.5,
                    0
                ],
                "index_dist": [
                    0,
                    1,
                    1,
                    0.6693650815158085,
                    0
                ],
                "unnice_dist": [
                    -0.5,
                    0.5,
                    0.5,
                    null,
                    0
                ]
            }
        },
        "17": {
            "X": {
                "class": "CartConcept",
                "nice_chance": 0.7401186723520016,
                "unnice_chance": 0.5,
                "mean_dist": [
                    0,
                    0.5,
                    1,
                    1,
                    0.125
                ],
                "freqhood_dist": [
                    0,
                    0.45,
                    1,
                    0,
                    0
                ],
                "index_dist": [
                    0,
                    0,
                    1,
                    1,
                    0
                ],
                "unnice_dist": [
                    -0.5,
                    0.13331314004760397,
                    0.5,
                    null,
                    0
                ]
            }
        },
        "18": {
            "X": {
                "class": "CartConcept",
                "nice_chance": 0,
                "unnice_chance": 0,
                "mean_dist": [
                    0,
                    0,
                    1,
                    0.5,
                    0
                ],
                "freqhood_dist": [
                    0,
                    0.35,
                    1,
                    null,
                    0
                ],
                "index_dist": [
                    0,
                    1,
                    1,
                    0.5,
                    0
                ],
                "unnice_dist": [
                    -0.5,
                    -0.5,
                    0.5,
                    null,
                    9.361643423708052e-05
                ]
            }
        },
        "19": {
            "X": {
                "class": "CartConcept",
                "nice_chance": 0.5,
                "unnice_chance": 0.11166794592910367,
                "mean_dist": [
                    0,
                    0.5,
                    1,
                    0.5,
                    0.125
                ],
                "freqhood_dist": [
                    0,
                    0.45,
                    1,
                    0.5,
                    0
                ],
                "index_dist": [
                    0,
                    0,
                    1,
                    0.6693650815158085,
                    0
                ],
                "unnice_dist": [
                    -0.5,
                    -0.5,
                    0.5,
                    0.5,
                    0
                ]
            }
        },
        "20": {
            "X": {
                "class": "CartConcept",
                "nice_chance": 0.7401186723520016,
                "unnice_chance": 0,
                "mean_dist": [
                    0,
                    0,
                    1,
                    null,
                    0.16688622361111435
                ],
                "freqhood_dist": [
                    0,
                    0.35,
                    1,
                    0,
                    0
                ],
                "index_dist": [
                    0,
                    1,
                    1,
                    0.5,
                    0.125
                ],
                "unnice_dist": [
                    -0.5,
                    0.5,
                    0.5,
                    null,
                    0
                ]
            }
        },
        "21": {
            "X": {
                "class": "CartConcept",
                "nice_chance": 0.5,
                "unnice_chance": 0.5,
                "mean_dist": [
                    0,
                    0,
                    1,
                    1,
                    0
                ],
                "freqhood_dist": [
                    0,
                    0,
                    1,
                    null,
                    0
                ],
                "index_dist": [
                    0,
                    0,
                    1,
                    0.6693650815158085,
                    0
                ],
                "unnice_dist": [
                    -0.5,
                    0.5,
                    0.5,
                    0.5,
                    0.125
                ]
            }
        },
        "22": {
            "X": {
                "class": "CartConcept",
                "nice_chance": 0.7401186723520016,
                "unnice_chance": 0.5,
                "mean_dist": [
                    0,
                    1,
                    1,
                    0,
                    0.125
                ],
                "freqhood_dist": [
                    0,
                    0.45,
                    1,
                    null,
                    0
                ],
                "index_dist": [
                    0,
                    1,
                    1,
                    0.5,
                    0
                ],
                "unnice_dist": [
                    -0.5,
                    -0.5,
                    0.5,
                    1,
                    0
                ]
            }
        },
        "23": {
            "X": {
                "class": "CartConcept",
                "nice_chance": 1,
                "unnice_chance": 1,
                "mean_dist": [
                    0,
                    0.3665450130406639,
                    1,
                    0.33852774312061773,
                    0.125
                ],
                "freqhood_dist": [
                    0,
                    0.0632859271058741,
                    1,
                    null,
                    0.125
                ],
                "index_dist": [
                    0,
                    0.20184258593179516,
                    1,
                    0.5,
                    0
                ],
                "unnice_dist": [
                    -0.5,
                    0.5,
                    0.5,
                    0.5,
                    0
                ]
            }
        },
        "24": {
            "X": {
                "class": "CartConcept",
                "nice_chance": 0.5,
                "unnice_chance": 0.11166794592910367,
                "mean_dist": [
                    0,
                    1,
                    1,
                    0,
                    0.125
                ],
                "freqhood_dist": [
                    0,
                    0.0632859271058741,
                    1,
                    null,
                    0.06954806110207189
                ],
                "index_dist": [
                    0,
                    0,
                    1,
                    0,
                    0.02011537034376804
                ],
                "unnice_dist": [
                    -0.5,
                    0.13331314004760397,
                    0.5,
                    0.5,
                    0.125
                ]
            }
        },
        "25": {
            "X": {
                "class": "CartConcept",
                "nice_chance": 0.7401186723520016,
                "unnice_chance": 1,
                "mean_dist": [
                    0,
                    1,
                    1,
                    0,
                    0
                ],
                "freqhood_dist": [
                    0,
                    0.35,
                    1,
                    0.045984085497888016,
                    0.125
                ],
                "index_dist": [
                    0,
                    1,
                    1,
                    0.5,
                    0
                ],
                "unnice_dist": [
                    -0.5,
                    0.5,
                    0.5,
                    0.5,
                    0
                ]
            }
        },
        "26": {
            "X": {
                "class": "CartConcept",
                "nice_chance": 0.5,
                "unnice_chance": 1,
                "mean_dist": [
                    0,
                    0.5,
                    1,
                    1,
                    0.125
                ],
                "freqhood_dist": [
                    0,
                    0,
                    1,
                    1,
                    0
                ],
                "index_dist": [
                    0,
                    0,
                    1,
                    1,
                    0.125
                ],
                "unnice_dist": [
                    -0.5,
                    -0.5,
                    0.5,
                    0.5,
                    9.361643423708052e-05
                ]
            }
        },
        "27": {
            "X": {
                "class": "CartConcept",
                "nice_chance": 0.7401186723520016,
                "unnice_chance": 0,
                "mean_dist": [
                    0,
                    0.3665450130406639,
                    1,
                    0.5,
                    0.125
                ],
                "freqhood_dist": [
                    0,
                    0,
                    1,
                    null,
                    0
                ],
                "index_dist": [
                    0,
                    0,
                    1,
                    1,
                    0.02011537034376804
                ],
                "unnice_dist": [
                    -0.5,
                    0.5,
                    0.5,
                    1,
                    0
                ]
            }
        },
        "28": {
            "Y": {
                "class": "CartConcept",
                "nice_chance": 0.5,
                "unnice_chance": 1,
                "mean_dist": [
                    0,
                    0,
                    1,
                    0,
                    0
                ],
                "freqhood_dist": [
                    0,
                    0.45,
                    1,
                    1,
                    0.125
                ],
                "index_dist": [
                    0,
                    0,
                    1,
                    null,
                    0
                ],
                "unnice_dist": [
                    -0.5,
                    0.5,
                    0.5,
                    null,
                    0
                ]
            }
        },
        "29": {
            "Y": {
                "class": "CartConcept",
                "nice_chance": 1,
                "unnice_chance": 0.8459331682387987,
                "mean_dist": [
                    0,
                    1,
                    1,
                    null,
                    0.125
                ],
                "freqhood_dist": [
                    0,
                    0,
                    1,
                    1,
                    0.04919824565549326
                ],
                "index_dist": [
                    0,
                    0.3772735723352769,
                    1,
                    null,
                    0.820816648809852
                ],
                "unnice_dist": [
                    -0.5,
                    0.1754692457923851,
                    0.5,
                    1,
                    0
                ]
            }
        },
        "30": {
            "Y": {
                "class": "CartConcept",
                "nice_chance": 0.5,
                "unnice_chance": 1,
                "mean_dist": [
                    0,
                    0,
                    1,
                    1,
                    0
                ],
                "freqhood_dist": [
                    0,
                    0.813181849634306,
                    1,
                    0,
                    0
                ],
                "index_dist": [
                    0,
                    0,
                    1,
                    0.5,
                    0
                ],
                "unnice_dist": [
                    -0.5,
                    0,
                    0.5,
                    0.5,
                    0.125
                ]
            }
        },
        "31": {
            "Y": {
                "class": "CartConcept",
                "nice_chance": 0.5,
                "unnice_chance": 1,
                "mean_dist": [
                    0,
                    1,
                    1,
                    1,
                    0
                ],
                "freqhood_dist": [
                    0,
                    0.45,
                    1,
                    0,
                    0
                ],
                "index_dist": [
                    0,
                    0,
                    1,
                    0.21908903058746643,
                    0.125
                ],
                "unnice_dist": [
                    -0.5,
                    -0.5,
                    0.5,
                    0.5,
                    0
                ]
            }
        },
        "32": {
            "Y": {
                "class": "CartConcept",
                "nice_chance": 0.5,
                "unnice_chance": 0,
                "mean_dist": [
                    0,
                    0.5,
                    1,
                    0,
                    0.125
                ],
                "freqhood_dist": [
                    0,
                    0.45,
                    1,
                    1,
                    0
                ],
                "index_dist": [
                    0,
                    0,
                    1,
                    0,
                    0
                ],
                "unnice_dist": [
                    -0.5,
                    -0.5,
                    0.5,
                    0,
                    0
                ]
            }
        },
        "33": {
            "Y": {
                "class": "CartConcept",
                "nice_chance": 1,
                "unnice_chance": 0.8459331682387987,
                "mean_dist": [
                    0,
                    0.5,
                    1,
                    null,
                    0.125
                ],
                "freqhood_dist": [
                    0,
                    0.35,
                    1,
                    1,
                    0
                ],
                "index_dist": [
                    0,
                    0,
                    1,
                    0.5,
                    0
                ],
                "unnice_dist": [
                    -0.5,
                    -0.5,
                    0.5,
                    0.48445941427129713,
                    0.00824065326487207
                ]
            }
        },
        "34": {
            "Y": {
                "class": "CartConcept",
                "nice_chance": 0.5,
                "unnice_chance": 0,
                "mean_dist": [
                    0,
                    1,
                    1,
                    0.5,
                    0.125
                ],
                "freqhood_dist": [
                    0,
                    0.813181849634306,
                    1,
                    1,
                    0.125
                ],
                "index_dist": [
                    0,
                    0,
                    1,
                    0.5,
                    0
                ],
                "unnice_dist": [
                    -0.5,
                    -0.5,
                    0.5,
                    0.5,
                    0
                ]
            }
        },
        "35": {
            "Y": {
                "class": "CartConcept",
                "nice_chance": 1,
                "unnice_chance": 1,
                "mean_dist": [
                    0,
                    0,
                    1,
                    0,
                    0
                ],
                "freqhood_dist": [
                    0,
                    0.45,
                    1,
                    1,
                    0
                ],
                "index_dist": [
                    0,
                    0,
                    1,
                    null,
                    0
                ],
                "unnice_dist": [
                    -0.5,
                    0,
                    0.5,
                    0.48445941427129713,
                    0
                ]
            }
        },
        "36": {
            "Y": {
                "class": "CartConcept",
                "nice_chance": 0,
                "unnice_chance": 0.5,
                "mean_dist": [
                    0,
                    1,
                    1,
                    0.5,
                    0
                ],
                "freqhood_dist": [
                    0,
                    0.35,
                    1,
                    1,
                    0.125
                ],
                "index_dist": [
                    0,
                    0.3772735723352769,
                    1,
                    null,
                    0
                ],
                "unnice_dist": [
                    -0.5,
                    0.1754692457923851,
                    0.5,
                    0,
                    0.125
                ]
            }
        },
        "37": {
            "Y": {
                "class": "CartConcept",
                "nice_chance": 0.5,
                "unnice_chance": 0,
                "mean_dist": [
                    0,
                    1,
                    1,
                    0.6889814508233825,
                    0
                ],
                "freqhood_dist": [
                    0,
                    0.813181849634306,
                    1,
                    1,
                    0
                ],
                "index_dist": [
                    0,
                    0.3772735723352769,
                    1,
                    null,
                    0.820816648809852
                ],
                "unnice_dist": [
                    -0.5,
                    0,
                    0.5,
                    0.48445941427129713,
                    0
                ]
            }
        },
        "38": {
            "Y": {
                "class": "CartConcept",
                "nice_chance": 0.07357850789196307,
                "unnice_chance": 0,
                "mean_dist": [
                    0,
                    1,
                    1,
                    0.6889814508233825,
                    0.125
                ],
                "freqhood_dist": [
                    0,
                    0.813181849634306,
                    1,
                    0,
                    0
                ],
                "index_dist": [
                    0,
                    0,
                    1,
                    null,
                    0
                ],
                "unnice_dist": [
                    -0.5,
                    0.5,
                    0.5,
                    0.5,
                    0.125
                ]
            }
        },
        "39": {
            "Y": {
                "class": "CartConcept",
                "nice_chance": 0.5,
                "unnice_chance": 0.5,
                "mean_dist": [
                    0,
                    1,
                    1,
                    1,
                    0
                ],
                "freqhood_dist": [
                    0,
                    0.813181849634306,
                    1,
                    1,
                    0.125
                ],
                "index_dist": [
                    0,
                    0.3772735723352769,
                    1,
                    null,
                    0.125
                ],
                "unnice_dist": [
                    -0.5,
                    0,
                    0.5,
                    0,
                    0.125
                ]
            }
        },
        "40": {
            "Y": {
                "class": "CartConcept",
                "nice_chance": 1,
                "unnice_chance": 0,
                "mean_dist": [
                    0,
                    0,
                    1,
                    1,
                    0.125
                ],
                "freqhood_dist": [
                    0,
                    0.35,
                    1,
                    1,
                    0.125
                ],
                "index_dist": [
                    0,
                    0,
                    1,
                    1,
                    0
                ],
                "unnice_dist": [
                    -0.5,
                    0.5,
                    0.5,
                    0.5,
                    0
                ]
            }
        },
        "41": {
            "Y": {
                "class": "CartConcept",
                "nice_chance": 0.5,
                "unnice_chance": 0.5,
                "mean_dist": [
                    0,
                    0.5,
                    1,
                    0,
                    0.125
                ],
                "freqhood_dist": [
                    0,
                    0.813181849634306,
                    1,
                    1,
                    0
                ],
                "index_dist": [
                    0,
                    0,
                    1,
                    0.5,
                    0.125
                ],
                "unnice_dist": [
                    -0.5,
                    -0.5,
                    0.5,
                    0,
                    0.00824065326487207
                ]
            }
        },
        "42": {
            "Y": {
                "class": "CartConcept",
                "nice_chance": 0.5,
                "unnice_chance": 1,
                "mean_dist": [
                    0,
                    1,
                    1,
                    0,
                    0
                ],
                "freqhood_dist": [
                    0,
                    0.35,
                    1,
                    1,
                    0.125
                ],
                "index_dist": [
                    0,
                    0,
                    1,
                    0.5,
                    0
                ],
                "unnice_dist": [
                    -0.5,
                    0.1754692457923851,
                    0.5,
                    0,
                    0
                ]
            }
        },
        "43": {
            "Y": {
                "class": "CartConcept",
                "nice_chance": 0.5,
                "unnice_chance": 0,
                "mean_dist": [
                    0,
                    0.5,
                    1,
                    0,
                    0.08981706768993411
                ],
                "freqhood_dist": [
                    0,
                    0.35,
                    1,
                    null,
                    0
                ],
                "index_dist": [
                    0,
                    0,
                    1,
                    0,
                    0.125
                ],
                "unnice_dist": [
                    -0.5,
                    -0.5,
                    0.5,
                    1,
                    0
                ]
            }
        },
        "44": {
            "Y": {
                "class": "CartConcept",
                "nice_chance": 1,
                "unnice_chance": 1,
                "mean_dist": [
                    0,
                    0,
                    1,
                    0,
                    0
                ],
                "freqhood_dist": [
                    0,
                    0,
                    1,
                    1,
                    0
                ],
                "index_dist": [
                    0,
                    1,
                    1,
                    1,
                    0
                ],
                "unnice_dist": [
                    -0.5,
                    0.1754692457923851,
                    0.5,
                    1,
                    0
                ]
            }
        },
        "45": {
            "Y": {
                "class": "CartConcept",
                "nice_chance": 1,
                "unnice_chance": 1,
                "mean_dist": [
                    0,
                    0,
                    1,
                    null,
                    0
                ],
                "freqhood_dist": [
                    0,
                    0.45,
                    1,
                    0,
                    0
                ],
                "index_dist": [
                    0,
                    0,
                    1,
                    0,
                    0
                ],
                "unnice_dist": [
                    -0.5,
                    0.1754692457923851,
                    0.5,
                    0.48445941427129713,
                    0
                ]
            }
        },
        "46": {
            "Y": {
                "class": "CartConcept",
                "nice_chance": 0.5,
                "unnice_chance": 0,
                "mean_dist": [
                    0,
                    0.5,
                    1,
                    0,
                    0
                ],
                "freqhood_dist": [
                    0,
                    0.45,
                    1,
                    0.09615606804212484,
                    0.125
                ],
                "index_dist": [
                    0,
                    0,
                    1,
                    0,
                    0.125
                ],
                "unnice_dist": [
                    -0.5,
                    0,
                    0.5,
                    null,
                    0
                ]
            }
        },
        "47": {
            "ARCFAN": {
                "class": "ArcfanConcept",
                "fc": {
                    "class": "FanConcept",
                    "shift_dist": [
                        -1,
                        0,
                        1,
                        1,
                        0
                    ],
                    "logweight_dist": [
                        -8.999065008579304,
                        0,
                        1,
                        1,
                        0
                    ]
                }
            }
        },
        "48": {
            "ARCFAN": {
                "class": "ArcfanConcept",
                "fc": {
                    "class": "FanConcept",
                    "shift_dist": [
                        -1,
                        0,
                        1,
                        1,
                        0
                    ],
                    "logweight_dist": [
                        -6.224853838426288,
                        0,
                        0.5,
                        1,
                        0
                    ]
                }
            }
        },
        "56": {
            "ARCFAN": {
                "class": "ArcfanConcept",
                "fc": {
                    "class": "FanConcept",
                    "shift_dist": [
                        -1,
                        1,
                        1,
                        0.3060334480546937,
                        0.9674042610161298
                    ],
                    "logweight_dist": [
                        -5.6732732265728,
                        -5.6732732265728,
                        -5.6732732265728,
                        0,
                        0.125
                    ]
                }
            }
        },
        "49": {
            "GMEAN": null
        },
        "50": {
            "GMEAN": null
        },
        "52": {
            "GMEAN": null
        },
        "51": {
            "IT": {
                "class": "ItConcept",
                "iterance_0_dist": [
                    1,
                    1.0,
                    1,
                    null,
                    8.998171530626092e-05
                ],
                "iterance_1_dist": [
                    16.937468303221003,
                    39.974128297272685,
                    63.01078829132437,
                    null,
                    0
                ],
                "xlike_chance": 0
            }
        },
        "58": {
            "IT": {
                "class": "ItConcept",
                "iterance_0_dist": [
                    1,
                    1.1066914173935651,
                    1.2133828347871305,
                    0.5,
                    0.08
                ],
                "iterance_1_dist": [
                    1,
                    32.587346083537895,
                    64.17469216707579,
                    0.5,
                    0.4373126384583131
                ],
                "xlike_chance": 0.5
            }
        },
        "59": {
            "IT": {
                "class": "ItConcept",
                "iterance_0_dist": [
                    1,
                    1.0,
                    1,
                    null,
                    0.4373126384583131
                ],
                "iterance_1_dist": [
                    16.937468303221003,
                    40.5560802351484,
                    64.17469216707579,
                    0,
                    0
                ],
                "xlike_chance": 0
            }
        },
        "53": {
            "AMEAN": {
                "class": "AmeanConcept",
                "wc": {
                    "class": "WeightConcept",
                    "balanced_amt_dist": [
                        0,
                        0,
                        1,
                        0,
                        0
                    ],
                    "imbalanced_base_dist": [
                        0,
                        1,
                        5,
                        null,
                        0
                    ],
                    "reversing_chance": 1,
                    "shufflity_dist": [
                        0,
                        0,
                        1,
                        0,
                        0
                    ],
                    "starting_index_dist": [
                        0,
                        0.29550397280285523,
                        1,
                        0.2339703882826789,
                        0
                    ]
                }
            }
        },
        "54": {
            "INV": null
        },
        "55": {
            "SPIN": {
                "class": "SpinConcept",
                "wc": {
                    "class": "WaveConcept",
                    "nice_chance": 1,
                    "unnice_chance": 0.3076550201311537,
                    "off_unnice_chance": 1,
                    "freqhood_dist": [
                        0,
                        0,
                        1,
                        0,
                        0
                    ],
                    "numerhood_dist": [
                        0,
                        0,
                        1,
                        null,
                        0
                    ],
                    "denomhood_dist": [
                        0,
                        0.35,
                        1,
                        0.4094456309194211,
                        0
                    ],
                    "unnice_dist": [
                        -1,
                        -0.5,
                        1,
                        null,
                        0
                    ],
                    "offreqhood_dist": [
                        0,
                        0.45,
                        1,
                        0,
                        0.060884436495629475
                    ],
                    "offdex_dist": [
                        0,
                        0,
                        1,
                        1,
                        0
                    ],
                    "off_unnice_dist": [
                        -1,
                        0,
                        1,
                        1,
                        0
                    ]
                },
                "fc": {
                    "class": "FanConcept",
                    "shift_dist": [
                        -1,
                        0,
                        1,
                        null,
                        0.49245226898161687
                    ],
                    "logweight_dist": [
                        3.0958189140956414,
                        3.1854623482543403,
                        3.1854623482543403,
                        1,
                        0.25918866980340793
                    ]
                },
                "antiwise_chance": 0.6443508915645006,
                "armhood_dist": [
                    0,
                    0,
                    1,
                    0.5,
                    0
                ]
            }
        },
        "57": {
            "SPIN": {
                "class": "SpinConcept",
                "wc": {
                    "class": "WaveConcept",
                    "nice_chance": 1,
                    "unnice_chance": 0,
                    "off_unnice_chance": 1,
                    "freqhood_dist": [
                        0,
                        0.45,
                        1,
                        1,
                        0
                    ],
                    "numerhood_dist": [
                        0,
                        0.35,
                        1,
                        0,
                        0
                    ],
                    "denomhood_dist": [
                        0,
                        0.45,
                        1,
                        0.5,
                        0
                    ],
                    "unnice_dist": [
                        -1,
                        -0.5,
                        1,
                        null,
                        0
                    ],
                    "offreqhood_dist": [
                        0,
                        0,
                        1,
                        null,
                        0
                    ],
                    "offdex_dist": [
                        0,
                        1,
                        1,
                        1,
                        0
                    ],
                    "off_unnice_dist": [
                        -1,
                        0,
                        1,
                        0,
                        0
                    ]
                },
                "fc": {
                    "class": "FanConcept",
                    "shift_dist": [
                        -1,
                        0,
                        1,
                        null,
                        0
                    ],
                    "logweight_dist": [
                        2.1854623482543403,
                        3.1854623482543403,
                        3.1854623482543403,
                        1,
                        0.125
                    ]
                },
                "antiwise_chance": 0.6443508915645006,
                "armhood_dist": [
                    0,
                    0.5,
                    1,
                    0.5,
                    0.30585846688556506
                ]
            }
        },
        "60": {
            "SIN": {
                "class": "SinConcept",
                "wc": {
                    "class": "WaveConcept",
                    "nice_chance": 0.47419627285333,
                    "unnice_chance": 1,
                    "off_unnice_chance": 1,
                    "freqhood_dist": [
                        0,
                        0,
                        1,
                        1,
                        0
                    ],
                    "numerhood_dist": [
                        0,
                        0.45,
                        1,
                        null,
                        0
                    ],
                    "denomhood_dist": [
                        0,
                        0.45,
                        1,
                        0,
                        0
                    ],
                    "unnice_dist": [
                        -1,
                        0,
                        1,
                        1,
                        0
                    ],
                    "offreqhood_dist": [
                        0,
                        0.45,
                        1,
                        0.3002644620351861,
                        0
                    ],
                    "offdex_dist": [
                        0,
                        0,
                        1,
                        1,
                        0
                    ],
                    "off_unnice_dist": [
                        -1,
                        0,
                        1,
                        1,
                        0
                    ]
                }
            }
        },
        "61": {
            "SIGMOID": {
                "class": "SigmoidConcept",
                "inverse_chance": 1,
                "midpoint_dist": [
                    -1,
                    0.5,
                    1,
                    0.5,
                    0
                ],
                "squarity_dist": [
                    0,
                    0.5,
                    1,
                    1,
                    0
                ]
            }
        },
        "62": {
            "SIGMOID": {
                "class": "SigmoidConcept",
                "inverse_chance": 0,
                "midpoint_dist": [
                    -1,
                    0.351148034657057,
                    1,
                    1,
                    0
                ],
                "squarity_dist": [
                    0,
                    0.037774781378860034,
                    1,
                    1,
                    0
                ]
            }
        }
    },
    "correlator": [
        {
            "class": "Correlation",
            "isotopeID_0": 34,
            "element_0": "Y",
            "param_index_0": 0,
            "isotopeID_1": 56,
            "element_1": "ARCFAN",
            "param_index_1": 1,
            "relation_c": 0,
            "relation_r": 0,
            "strength": -0.5135733200215247
        },
        {
            "class": "Correlation",
            "isotopeID_0": 61,
            "element_0": "SIGMOID",
            "param_index_0": 2,
            "isotopeID_1": 36,
            "element_1": "Y",
            "param_index_1": 0,
            "relation_c": 0,
            "relation_r": 0,
            "strength": -0.6900496876202487
        },
        {
            "class": "Correlation",
            "isotopeID_0": 47,
            "element_0": "ARCFAN",
            "param_index_0": 0,
            "isotopeID_1": 57,
            "element_1": "SPIN",
            "param_index_1": 3,
            "relation_c": 0,
            "relation_r": 0,
            "strength": 0.513452584264412
        },
        {
            "class": "Correlation",
            "isotopeID_0": 37,
            "element_0": "Y",
            "param_index_0": 0,
            "isotopeID_1": 48,
            "element_1": "ARCFAN",
            "param_index_1": 0,
            "relation_c": 0,
            "relation_r": 0,
            "strength": -0.1722436044745368
        },
        {
            "class": "Correlation",
            "isotopeID_0": 35,
            "element_0": "Y",
            "param_index_0": 0,
            "isotopeID_1": 17,
            "element_1": "X",
            "param_index_1": 0,
            "relation_c": 0,
            "relation_r": 0,
            "strength": -0.9421587289128175
        },
        {
            "class": "Correlation",
            "isotopeID_0": 32,
            "element_0": "Y",
            "param_index_0": 0,
            "isotopeID_1": 43,
            "element_1": "Y",
            "param_index_1": 0,
            "relation_c": 0,
            "relation_r": 0,
            "strength": -0.1243684061042103
        },
        {
            "class": "Correlation",
            "isotopeID_0": 60,
            "element_0": "SIN",
            "param_index_0": 1,
            "isotopeID_1": 40,
            "element_1": "Y",
            "param_index_1": 0,
            "relation_c": 0,
            "relation_r": 0,
            "strength": -0.25880803978063605
        },
        {
            "class": "Correlation",
            "isotopeID_0": 56,
            "element_0": "ARCFAN",
            "param_index_0": 0,
            "isotopeID_1": 60,
            "element_1": "SIN",
            "param_index_1": 0,
            "relation_c": 0,
            "relation_r": -3,
            "strength": 0.7463253413619533
        },
        {
            "class": "Correlation",
            "isotopeID_0": 16,
            "element_0": "X",
            "param_index_0": 0,
            "isotopeID_1": 62,
            "element_1": "SIGMOID",
            "param_index_1": 0,
            "relation_c": 0,
            "relation_r": 0,
            "strength": -0.32438215868124143
        },
        {
            "class": "Correlation",
            "isotopeID_0": 57,
            "element_0": "SPIN",
            "param_index_0": 4,
            "isotopeID_1": 61,
            "element_1": "SIGMOID",
            "param_index_1": 0,
            "relation_c": 0,
            "relation_r": 0,
            "strength": 0.2769889538456647
        },
        {
            "class": "Correlation",
            "isotopeID_0": 11,
            "element_0": "X",
            "param_index_0": 0,
            "isotopeID_1": 28,
            "element_1": "Y",
            "param_index_1": 0,
            "relation_c": 0,
            "relation_r": 0,
            "strength": 0.2731109170391166
        },
        {
            "class": "Correlation",
            "isotopeID_0": 57,
            "element_0": "SPIN",
            "param_index_0": 1,
            "isotopeID_1": 12,
            "element_1": "X",
            "param_index_1": 0,
            "relation_c": 0,
            "relation_r": 0,
            "strength": -0.556625384502828
        },
        {
            "class": "Correlation",
            "isotopeID_0": 26,
            "element_0": "X",
            "param_index_0": 0,
            "isotopeID_1": 61,
            "element_1": "SIGMOID",
            "param_index_1": 1,
            "relation_c": 0,
            "relation_r": 0,
            "strength": 0.2982499226372133
        },
        {
            "class": "Correlation",
            "isotopeID_0": 20,
            "element_0": "X",
            "param_index_0": 0,
            "isotopeID_1": 15,
            "element_1": "X",
            "param_index_1": 0,
            "relation_c": 0,
            "relation_r": 0,
            "strength": 0.5887881037672646
        },
        {
            "class": "Correlation",
            "isotopeID_0": 33,
            "element_0": "Y",
            "param_index_0": 0,
            "isotopeID_1": 24,
            "element_1": "X",
            "param_index_1": 0,
            "relation_c": 0,
            "relation_r": 0,
            "strength": -0.537092670838152
        },
        {
            "class": "Correlation",
            "isotopeID_0": 55,
            "element_0": "SPIN",
            "param_index_0": 4,
            "isotopeID_1": 21,
            "element_1": "X",
            "param_index_1": 0,
            "relation_c": 0,
            "relation_r": 0,
            "strength": 0.5000422106364775
        },
        {
            "class": "Correlation",
            "isotopeID_0": 57,
            "element_0": "SPIN",
            "param_index_0": 0,
            "isotopeID_1": 44,
            "element_1": "Y",
            "param_index_1": 0,
            "relation_c": 0,
            "relation_r": 0,
            "strength": -0.45261599064442715
        },
        {
            "class": "Correlation",
            "isotopeID_0": 55,
            "element_0": "SPIN",
            "param_index_0": 0,
            "isotopeID_1": 55,
            "element_1": "SPIN",
            "param_index_1": 3,
            "relation_c": 0,
            "relation_r": 0,
            "strength": -0.6554569297666855
        },
        {
            "class": "Correlation",
            "isotopeID_0": 62,
            "element_0": "SIGMOID",
            "param_index_0": 2,
            "isotopeID_1": 19,
            "element_1": "X",
            "param_index_1": 0,
            "relation_c": 0,
            "relation_r": 0,
            "strength": 0.7652606409398128
        },
        {
            "class": "Correlation",
            "isotopeID_0": 9,
            "element_0": "X",
            "param_index_0": 0,
            "isotopeID_1": 55,
            "element_1": "SPIN",
            "param_index_1": 1,
            "relation_c": 0,
            "relation_r": 0,
            "strength": 0.2825788329794665
        },
        {
            "class": "Correlation",
            "isotopeID_0": 10,
            "element_0": "X",
            "param_index_0": 0,
            "isotopeID_1": 27,
            "element_1": "X",
            "param_index_1": 0,
            "relation_c": 0,
            "relation_r": 0,
            "strength": -0.5111721878628221
        },
        {
            "class": "Correlation",
            "isotopeID_0": 48,
            "element_0": "ARCFAN",
            "param_index_0": 1,
            "isotopeID_1": 23,
            "element_1": "X",
            "param_index_1": 0,
            "relation_c": 0,
            "relation_r": 0,
            "strength": -0.9247187926355356
        },
        {
            "class": "Correlation",
            "isotopeID_0": 42,
            "element_0": "Y",
            "param_index_0": 0,
            "isotopeID_1": 25,
            "element_1": "X",
            "param_index_1": 0,
            "relation_c": 0,
            "relation_r": 0,
            "strength": -0.45571907495807085
        },
        {
            "class": "Correlation",
            "isotopeID_0": 29,
            "element_0": "Y",
            "param_index_0": 0,
            "isotopeID_1": 39,
            "element_1": "Y",
            "param_index_1": 0,
            "relation_c": 0,
            "relation_r": 0,
            "strength": -0.8171284038273838
        },
        {
            "class": "Correlation",
            "isotopeID_0": 8,
            "element_0": "X",
            "param_index_0": 0,
            "isotopeID_1": 30,
            "element_1": "Y",
            "param_index_1": 0,
            "relation_c": 0,
            "relation_r": 0,
            "strength": 0.4507728131298767
        },
        {
            "class": "Correlation",
            "isotopeID_0": 31,
            "element_0": "Y",
            "param_index_0": 0,
            "isotopeID_1": 57,
            "element_1": "SPIN",
            "param_index_1": 2,
            "relation_c": 0,
            "relation_r": 0,
            "strength": -0.2783702695340706
        },
        {
            "class": "Correlation",
            "isotopeID_0": 46,
            "element_0": "Y",
            "param_index_0": 0,
            "isotopeID_1": 22,
            "element_1": "X",
            "param_index_1": 0,
            "relation_c": 3,
            "relation_r": 0,
            "strength": 0.8062640726523329
        },
        {
            "class": "Correlation",
            "isotopeID_0": 41,
            "element_0": "Y",
            "param_index_0": 0,
            "isotopeID_1": 62,
            "element_1": "SIGMOID",
            "param_index_1": 1,
            "relation_c": 0,
            "relation_r": 0,
            "strength": 0.10275835863808225
        },
        {
            "class": "Correlation",
            "isotopeID_0": 14,
            "element_0": "X",
            "param_index_0": 0,
            "isotopeID_1": 38,
            "element_1": "Y",
            "param_index_1": 0,
            "relation_c": 4,
            "relation_r": 0,
            "strength": -0.5855807713999666
        }
    ],
    "calmer": {
        "class": "Calmer",
        "hue_dist": [
            0,
            0,
            1,
            0.9877439121539827,
            0
        ],
        "sat_dist": [
            0,
            0,
            1,
            0.49762674502568044,
            0.08
        ],
        "val_dist": [
            0,
            0,
            1,
            0.8904216129706377,
            0.08
        ],
        "pal_dist": [
            0,
            0.35262775944556446,
            2,
            0.5092963905105798,
            0.02228904406912549
        ],
        "gradience_dd": [
            [
                0,
                0.40892128078506174,
                1,
                0.4235198633952215,
                0.0001415036852168532
            ],
            0.1622188188859808,
            2.706376428633739e-10,
            [
                0,
                0.39172992274008034,
                1,
                0.9585588688753416,
                0.9067753528659479
            ],
            1.6264878790248027e-13,
            6.904887348895059e-12
        ],
        "unarm_dist": [
            0,
            0.7323092053880194,
            1,
            0.5951055954979976,
            0.01883077701477567
        ],
        "unaim_dist": [
            1,
            2.0602963763522415,
            20,
            0.13899697455575533,
            0.3411586638702219
        ]
    }
}