{
    "class": "Version",
    "prism": [
        6,
        9.502824187684345,
        20.5,
        0.5403161445829361,
        0.08
    ],
    "puddle": {
        "class": "Puddle",
        "hue_dirtiness_dist": [
            0.9907891084486898,
            0.9917831983570157,
            1.0793301291760828,
            0.932884361448807,
            0.0019737440021942564
        ],
        "sat_dirtiness_dist": [
            0.9537091555446521,
            1.0735793934407871,
            1.6464187626691091,
            0.41459049720796115,
            0.06283197897541641
        ],
        "val_dirtiness_dist": [
            1.0494942599768893,
            1.0620129299004304,
            1.11012764321039,
            0.25063737640521666,
            0.017519865274402434
        ],
        "hue_stillness_dist": [
            0.08966406983311881,
            0.12823216516768277,
            0.17689089853174272,
            0.16310336400592285,
            0.01983683691107617
        ],
        "sat_stillness_dist": [
            0.1301229631694016,
            0.22768196125874318,
            0.2695415452258426,
            0.9402496201136837,
            0.051409395132450526
        ],
        "val_stillness_dist": [
            0.008911944470494116,
            0.041764395324600447,
            0.1336663717378634,
            0.5970484329877123,
            0.11106598829707676
        ]
    },
    "pasteller": {
        "class": "Pasteller",
        "frac_mid": 0.2586250517754117,
        "amt_sharp": 0.47607299785174784
    },
    "permuter": [
        7.421121749684991,
        8.4676473703287,
        12.608353010568223,
        0.4715722112067676,
        0.02029061911294096
    ],
    "procession": 1.8686121636481783,
    "controller": {
        "8": {
            "class": "Control",
            "submute": [],
            "constraint": 0.9348580180474041
        },
        "9": {
            "class": "Control",
            "submute": [],
            "constraint": 0.9214328939296846
        },
        "10": {
            "class": "Control",
            "submute": [],
            "constraint": 0.9705555257966141
        },
        "11": {
            "class": "Control",
            "submute": [],
            "constraint": 0.9998614240102501
        },
        "13": {
            "class": "Control",
            "submute": [],
            "constraint": 0.9998111453367167
        },
        "14": {
            "class": "Control",
            "submute": [],
            "constraint": 0.1880220407165374
        },
        "16": {
            "class": "Control",
            "submute": [],
            "constraint": 0.9982337864384773
        },
        "17": {
            "class": "Control",
            "submute": [],
            "constraint": 0.3575230514736202
        },
        "18": {
            "class": "Control",
            "submute": [],
            "constraint": 0.40628951782056855
        },
        "19": {
            "class": "Control",
            "submute": [],
            "constraint": 0.9057989969546439
        },
        "20": {
            "class": "Control",
            "submute": [],
            "constraint": 0.11739664042667852
        },
        "21": {
            "class": "Control",
            "submute": [
                0,
                0
            ],
            "constraint": 0.9543531336571976
        },
        "22": {
            "class": "Control",
            "submute": [
                0,
                1
            ],
            "constraint": 0.9933085769539806
        },
        "23": {
            "class": "Control",
            "submute": [
                1,
                0
            ],
            "constraint": 0.6125058307769282
        },
        "24": {
            "class": "Control",
            "submute": [
                0,
                0
            ],
            "constraint": 0.6694634876972007
        },
        "25": {
            "class": "Control",
            "submute": [
                2,
                2,
                2
            ],
            "constraint": 0.7945410581230186
        },
        "26": {
            "class": "Control",
            "submute": [
                3,
                7,
                1,
                5,
                8,
                2
            ],
            "constraint": 0.9877467470003392
        },
        "27": {
            "class": "Control",
            "submute": [
                0,
                1,
                2
            ],
            "constraint": 0.9999999142561115
        },
        "28": {
            "class": "Control",
            "submute": [
                0
            ],
            "constraint": 0.5877064427068242
        },
        "29": {
            "class": "Control",
            "submute": [
                0
            ],
            "constraint": 0.9899445238712887
        },
        "30": {
            "class": "Control",
            "submute": [
                0
            ],
            "constraint": 0.9950929007711385
        },
        "31": {
            "class": "Control",
            "submute": [
                0,
                1,
                2
            ],
            "constraint": 0.6776032721479823
        },
        "32": {
            "class": "Control",
            "submute": [
                0
            ],
            "constraint": 0.4691901036209478
        },
        "33": {
            "class": "Control",
            "submute": [
                0,
                0
            ],
            "constraint": 0.80977811634897
        },
        "34": {
            "class": "Control",
            "submute": [
                0
            ],
            "constraint": 0.9999963413946783
        },
        "35": {
            "class": "Control",
            "submute": [
                2,
                3,
                0,
                3
            ],
            "constraint": 0.34285231225462554
        }
    },
    "conceiver": {
        "8": {
            "X": {
                "class": "CartConcept",
                "nice_chance": 0.06908285332032404,
                "unnice_chance": 0.5,
                "mean_dist": [
                    0,
                    0.4431418372680388,
                    1,
                    0.6730361878629014,
                    0.6295568012636781
                ],
                "freqhood_dist": [
                    0,
                    0.8384313445169008,
                    1,
                    0.7170577743300055,
                    0.020257202317819578
                ],
                "index_dist": [
                    0,
                    0,
                    1,
                    0,
                    0.015515593909520637
                ],
                "unnice_dist": [
                    -0.5,
                    -0.14563997456419542,
                    0.5,
                    0.640433302835033,
                    0.0029024567568783416
                ],
                "updating": true
            }
        },
        "9": {
            "X": {
                "class": "CartConcept",
                "nice_chance": 0.06908285332032404,
                "unnice_chance": 0.18201536843397437,
                "mean_dist": [
                    0,
                    0,
                    1,
                    null,
                    0.6295568012636781
                ],
                "freqhood_dist": [
                    0,
                    0.8384313445169008,
                    1,
                    0.7170577743300055,
                    0
                ],
                "index_dist": [
                    0,
                    0.5450098832482414,
                    1,
                    0.5462595144096191,
                    0.015515593909520637
                ],
                "unnice_dist": [
                    -0.5,
                    -0.14563997456419542,
                    0.5,
                    0.640433302835033,
                    0
                ],
                "updating": true
            }
        },
        "10": {
            "X": {
                "class": "CartConcept",
                "nice_chance": 0.06908285332032404,
                "unnice_chance": 0.18201536843397437,
                "mean_dist": [
                    0,
                    0,
                    1,
                    1,
                    0.6295568012636781
                ],
                "freqhood_dist": [
                    0,
                    0.8384313445169008,
                    1,
                    0.7170577743300055,
                    0.020257202317819578
                ],
                "index_dist": [
                    0,
                    0.5450098832482414,
                    1,
                    0,
                    0.015515593909520637
                ],
                "unnice_dist": [
                    -0.5,
                    -0.14563997456419542,
                    0.5,
                    0.640433302835033,
                    0
                ],
                "updating": true
            }
        },
        "11": {
            "X": {
                "class": "CartConcept",
                "nice_chance": 0.06908285332032404,
                "unnice_chance": 0.18201536843397437,
                "mean_dist": [
                    0,
                    0.4431418372680388,
                    1,
                    0.6730361878629014,
                    0.6295568012636781
                ],
                "freqhood_dist": [
                    0,
                    0.8384313445169008,
                    1,
                    0.7170577743300055,
                    0.020257202317819578
                ],
                "index_dist": [
                    0,
                    0.5450098832482414,
                    1,
                    0.5462595144096191,
                    0.125
                ],
                "unnice_dist": [
                    -0.5,
                    0.5,
                    0.5,
                    1,
                    0.0029024567568783416
                ],
                "updating": true
            }
        },
        "12": {
            "X": {
                "class": "CartConcept",
                "nice_chance": 0.06908285332032404,
                "unnice_chance": 0.18201536843397437,
                "mean_dist": [
                    0,
                    0.4431418372680388,
                    1,
                    0.6730361878629014,
                    0.125
                ],
                "freqhood_dist": [
                    0,
                    0.8384313445169008,
                    1,
                    0.7170577743300055,
                    0.020257202317819578
                ],
                "index_dist": [
                    0,
                    0.5450098832482414,
                    1,
                    0.5462595144096191,
                    0.015515593909520637
                ],
                "unnice_dist": [
                    -0.5,
                    -0.14563997456419542,
                    0.5,
                    0.640433302835033,
                    0.0029024567568783416
                ],
                "updating": true
            }
        },
        "13": {
            "X": {
                "class": "CartConcept",
                "nice_chance": 0.06908285332032404,
                "unnice_chance": 0.18201536843397437,
                "mean_dist": [
                    0,
                    0,
                    1,
                    0.6730361878629014,
                    0.6295568012636781
                ],
                "freqhood_dist": [
                    0,
                    0,
                    1,
                    0.7170577743300055,
                    0.020257202317819578
                ],
                "index_dist": [
                    0,
                    0,
                    1,
                    0,
                    0
                ],
                "unnice_dist": [
                    -0.5,
                    -0.14563997456419542,
                    0.5,
                    0.640433302835033,
                    0.0029024567568783416
                ],
                "updating": true
            }
        },
        "14": {
            "Y": {
                "class": "CartConcept",
                "nice_chance": 0.5,
                "unnice_chance": 0.20818147702354994,
                "mean_dist": [
                    0,
                    0.638197871489242,
                    1,
                    1,
                    0.08159472781195204
                ],
                "freqhood_dist": [
                    0,
                    0.6582255493350607,
                    1,
                    1,
                    0.051821935378527965
                ],
                "index_dist": [
                    0,
                    0.6695626504975958,
                    1,
                    0.33522720710154075,
                    0.3741171218635302
                ],
                "unnice_dist": [
                    -0.5,
                    0.5,
                    0.5,
                    0.5,
                    0.125
                ],
                "updating": false
            }
        },
        "15": {
            "Y": {
                "class": "CartConcept",
                "nice_chance": 0.5,
                "unnice_chance": 0.20818147702354994,
                "mean_dist": [
                    0,
                    0.638197871489242,
                    1,
                    0.3435285047787139,
                    0
                ],
                "freqhood_dist": [
                    0,
                    0.6582255493350607,
                    1,
                    0.020205747351983105,
                    0.051821935378527965
                ],
                "index_dist": [
                    0,
                    0.6695626504975958,
                    1,
                    0.33522720710154075,
                    0.3741171218635302
                ],
                "unnice_dist": [
                    -0.5,
                    -0.04937500290805874,
                    0.5,
                    0.4050057381758756,
                    0.5993738735003705
                ],
                "updating": false
            }
        },
        "16": {
            "Y": {
                "class": "CartConcept",
                "nice_chance": 0,
                "unnice_chance": 0.3622642733285598,
                "mean_dist": [
                    0,
                    0.038340696941280616,
                    1,
                    0.4951604714261355,
                    0.9124462852590536
                ],
                "freqhood_dist": [
                    0,
                    0.5574096897400656,
                    1,
                    0.4240822727714859,
                    0
                ],
                "index_dist": [
                    0,
                    0,
                    1,
                    0.33704595637285206,
                    0.45065703110535205
                ],
                "unnice_dist": [
                    -0.5,
                    0.0929539426810847,
                    0.5,
                    0.5,
                    0.33394706032439353
                ],
                "updating": false
            }
        },
        "17": {
            "Y": {
                "class": "CartConcept",
                "nice_chance": 0.5,
                "unnice_chance": 0.4571206672728987,
                "mean_dist": [
                    0,
                    0.8751301239042403,
                    1,
                    0.3246065720994451,
                    0.125
                ],
                "freqhood_dist": [
                    0,
                    0.08861135568704259,
                    1,
                    0.9259682386004272,
                    0
                ],
                "index_dist": [
                    0,
                    0.885631256238159,
                    1,
                    0,
                    0.148676302369395
                ],
                "unnice_dist": [
                    -0.5,
                    0.5,
                    0.5,
                    null,
                    0.02861745595487158
                ],
                "updating": true
            }
        },
        "18": {
            "Y": {
                "class": "CartConcept",
                "nice_chance": 0.5,
                "unnice_chance": 0,
                "mean_dist": [
                    0,
                    0.7292168486679453,
                    1,
                    0.8612942184721066,
                    0
                ],
                "freqhood_dist": [
                    0,
                    0.9309424933468315,
                    1,
                    1,
                    0.06502252236538261
                ],
                "index_dist": [
                    0,
                    1,
                    1,
                    0.9380554136133412,
                    0.125
                ],
                "unnice_dist": [
                    -0.5,
                    -0.11499209955306744,
                    0.5,
                    0,
                    0.7456167611470575
                ],
                "updating": true
            }
        },
        "19": {
            "Y": {
                "class": "CartConcept",
                "nice_chance": 0.0768923446929396,
                "unnice_chance": 0.7590637386883478,
                "mean_dist": [
                    0,
                    0.5,
                    1,
                    0.8612942184721066,
                    0.8251148345880318
                ],
                "freqhood_dist": [
                    0,
                    0.9309424933468315,
                    1,
                    0.33882213246755155,
                    0.06502252236538261
                ],
                "index_dist": [
                    0,
                    0.8391677377136749,
                    1,
                    0.9380554136133412,
                    0.016231858809762596
                ],
                "unnice_dist": [
                    -0.5,
                    0,
                    0.5,
                    0.5522685133192174,
                    0
                ],
                "updating": true
            }
        },
        "20": {
            "Y": {
                "class": "CartConcept",
                "nice_chance": 0.0768923446929396,
                "unnice_chance": 0.7590637386883478,
                "mean_dist": [
                    0,
                    0.7292168486679453,
                    1,
                    0.8612942184721066,
                    0
                ],
                "freqhood_dist": [
                    0,
                    0.9309424933468315,
                    1,
                    0.33882213246755155,
                    0.06502252236538261
                ],
                "index_dist": [
                    0,
                    0.8391677377136749,
                    1,
                    0.5,
                    0.016231858809762596
                ],
                "unnice_dist": [
                    -0.5,
                    -0.11499209955306744,
                    0.5,
                    0.5522685133192174,
                    0.7456167611470575
                ],
                "updating": false
            }
        },
        "21": {
            "SPIN": {
                "class": "SpinConcept",
                "wc": {
                    "class": "WaveConcept",
                    "nice_chance": 0.9948928049082887,
                    "unnice_chance": 0.01349416275743499,
                    "off_unnice_chance": 1,
                    "freqhood_dist": [
                        0,
                        0,
                        1,
                        1,
                        0.39364820202625417
                    ],
                    "numerhood_dist": [
                        0,
                        0.35,
                        1,
                        0,
                        0
                    ],
                    "denomhood_dist": [
                        0,
                        0.05692050556554625,
                        1,
                        0.5,
                        0
                    ],
                    "unnice_dist": [
                        -1,
                        0,
                        1,
                        0.650234289256058,
                        0
                    ],
                    "offreqhood_dist": [
                        0,
                        0.0023605578453687174,
                        1,
                        0.7808443033877076,
                        0.5940909363811255
                    ],
                    "offdex_dist": [
                        0,
                        0.3350209137442649,
                        1,
                        0.6805500090728074,
                        0
                    ],
                    "off_unnice_dist": [
                        -1,
                        0.003340063519510689,
                        1,
                        0.902797964550045,
                        0
                    ]
                },
                "fc": {
                    "class": "FanConcept",
                    "shift_dist": [
                        -1,
                        -0.6226007098098911,
                        1,
                        0.6394227391805886,
                        0.3198333506862877
                    ],
                    "logweight_dist": [
                        -5.0811038457007704,
                        -1.9476202556331117,
                        6.819982900243225,
                        1,
                        0.125
                    ]
                },
                "antiwise_chance": 0.2844739454832752,
                "armhood_dist": [
                    0,
                    0.4301824507714215,
                    1,
                    0.905936950145446,
                    0.37755780499704444
                ]
            }
        },
        "27": {
            "SPIN": {
                "class": "SpinConcept",
                "wc": {
                    "class": "WaveConcept",
                    "nice_chance": 0.9948928049082887,
                    "unnice_chance": 0,
                    "off_unnice_chance": 0.00331590498562572,
                    "freqhood_dist": [
                        0,
                        0.1481814893537451,
                        1,
                        0.20750791050502415,
                        0.39364820202625417
                    ],
                    "numerhood_dist": [
                        0,
                        0.0001394879923335984,
                        1,
                        0.5,
                        0
                    ],
                    "denomhood_dist": [
                        0,
                        0.35,
                        1,
                        0.5,
                        0
                    ],
                    "unnice_dist": [
                        -1,
                        -0.361149433305316,
                        1,
                        0.650234289256058,
                        0
                    ],
                    "offreqhood_dist": [
                        0,
                        0.0023605578453687174,
                        1,
                        0.7808443033877076,
                        0.5940909363811255
                    ],
                    "offdex_dist": [
                        0,
                        0.3350209137442649,
                        1,
                        0.6805500090728074,
                        0
                    ],
                    "off_unnice_dist": [
                        -1,
                        0.003340063519510689,
                        1,
                        0.902797964550045,
                        0
                    ]
                },
                "fc": {
                    "class": "FanConcept",
                    "shift_dist": [
                        -1,
                        1,
                        1,
                        0.6394227391805886,
                        0.3198333506862877
                    ],
                    "logweight_dist": [
                        -9.59301441660549,
                        -1.9476202556331117,
                        6.819982900243225,
                        0.5,
                        0
                    ]
                },
                "antiwise_chance": 0.2844739454832752,
                "armhood_dist": [
                    0,
                    0.4301824507714215,
                    1,
                    0.905936950145446,
                    0.125
                ]
            }
        },
        "31": {
            "SPIN": {
                "class": "SpinConcept",
                "wc": {
                    "class": "WaveConcept",
                    "nice_chance": 0.9948928049082887,
                    "unnice_chance": 0,
                    "off_unnice_chance": 0,
                    "freqhood_dist": [
                        0,
                        0,
                        1,
                        0.20750791050502415,
                        0.39364820202625417
                    ],
                    "numerhood_dist": [
                        0,
                        0.0001394879923335984,
                        1,
                        0.9707386487152603,
                        0
                    ],
                    "denomhood_dist": [
                        0,
                        0.05692050556554625,
                        1,
                        0.9942773555165669,
                        0
                    ],
                    "unnice_dist": [
                        -1,
                        -0.361149433305316,
                        1,
                        0.650234289256058,
                        0
                    ],
                    "offreqhood_dist": [
                        0,
                        0.0023605578453687174,
                        1,
                        0,
                        0.5940909363811255
                    ],
                    "offdex_dist": [
                        0,
                        0,
                        1,
                        0.6805500090728074,
                        0
                    ],
                    "off_unnice_dist": [
                        -1,
                        0.003340063519510689,
                        1,
                        0,
                        0
                    ]
                },
                "fc": {
                    "class": "FanConcept",
                    "shift_dist": [
                        -1,
                        -0.6226007098098911,
                        1,
                        0.6394227391805886,
                        0.3198333506862877
                    ],
                    "logweight_dist": [
                        -9.59301441660549,
                        -1.9476202556331117,
                        6.819982900243225,
                        0.701620019342907,
                        0.32274289498694103
                    ]
                },
                "antiwise_chance": 0.2844739454832752,
                "armhood_dist": [
                    0,
                    0.4301824507714215,
                    1,
                    0,
                    0.37755780499704444
                ]
            }
        },
        "33": {
            "SPIN": {
                "class": "SpinConcept",
                "wc": {
                    "class": "WaveConcept",
                    "nice_chance": 0.9948928049082887,
                    "unnice_chance": 0,
                    "off_unnice_chance": 1,
                    "freqhood_dist": [
                        0,
                        0,
                        1,
                        null,
                        0.39364820202625417
                    ],
                    "numerhood_dist": [
                        0,
                        0.45,
                        1,
                        0.9707386487152603,
                        0
                    ],
                    "denomhood_dist": [
                        0,
                        0.45,
                        1,
                        0.9942773555165669,
                        0
                    ],
                    "unnice_dist": [
                        -1,
                        -0.361149433305316,
                        1,
                        0.650234289256058,
                        0
                    ],
                    "offreqhood_dist": [
                        0,
                        0.0023605578453687174,
                        1,
                        0.7808443033877076,
                        0
                    ],
                    "offdex_dist": [
                        0,
                        0.3350209137442649,
                        1,
                        0.6805500090728074,
                        0
                    ],
                    "off_unnice_dist": [
                        -1,
                        0.003340063519510689,
                        1,
                        0,
                        0
                    ]
                },
                "fc": {
                    "class": "FanConcept",
                    "shift_dist": [
                        -1,
                        -0.6226007098098911,
                        1,
                        0.6394227391805886,
                        0.3198333506862877
                    ],
                    "logweight_dist": [
                        -1.917010967357319,
                        5.728383193615059,
                        5.728383193615059,
                        0.701620019342907,
                        0.32274289498694103
                    ]
                },
                "antiwise_chance": 0.2844739454832752,
                "armhood_dist": [
                    0,
                    0.4301824507714215,
                    1,
                    null,
                    0.37755780499704444
                ]
            }
        },
        "22": {
            "MINX": {
                "class": "MinxConcept",
                "maxing_chance": 0,
                "wc": {
                    "class": "WeightConcept",
                    "balanced_amt_dist": [
                        0,
                        0.9995912876304819,
                        1,
                        0.5,
                        0
                    ],
                    "imbalanced_base_dist": [
                        0,
                        1.2370828505826752,
                        5,
                        0,
                        0
                    ],
                    "reversing_chance": 0.4286781112989967,
                    "shufflity_dist": [
                        0,
                        0,
                        1,
                        0.9600772214812308,
                        0
                    ],
                    "starting_index_dist": [
                        0,
                        0.8071875296135238,
                        1,
                        0,
                        0
                    ]
                }
            }
        },
        "23": {
            "IT": {
                "class": "ItConcept",
                "iterance_0_dist": [
                    1.1738713232742684,
                    1.1738713232742684,
                    1.1738713232742684,
                    0.42235056891912526,
                    0.24681625306841937
                ],
                "iterance_1_dist": [
                    1.1738713232742684,
                    3.1833305658782605,
                    5.192789808482252,
                    0,
                    0.08
                ],
                "xlike_chance": 0.4583245189215329
            }
        },
        "24": {
            "RAND": {
                "class": "RandConcept",
                "freqhood_dist": [
                    0,
                    0.8717908170526018,
                    1,
                    0.0833814161445584,
                    0.7577296844903155
                ],
                "squarity_dist": [
                    0,
                    0.5,
                    1,
                    0.5782264549642956,
                    0.017191019525382243
                ]
            }
        },
        "25": {
            "SIN": {
                "class": "SinConcept",
                "wc": {
                    "class": "WaveConcept",
                    "nice_chance": 0.7672333632672653,
                    "unnice_chance": 0.0038896712436987044,
                    "off_unnice_chance": 0.5194432657200423,
                    "freqhood_dist": [
                        0,
                        0.8627483058109932,
                        1,
                        null,
                        0.2535991087665104
                    ],
                    "numerhood_dist": [
                        0,
                        0.45,
                        1,
                        null,
                        0
                    ],
                    "denomhood_dist": [
                        0,
                        0.7095609398696734,
                        1,
                        0,
                        0
                    ],
                    "unnice_dist": [
                        -1,
                        0,
                        1,
                        0.8442671090807767,
                        0
                    ],
                    "offreqhood_dist": [
                        0,
                        0.45,
                        1,
                        0.4493362417875084,
                        0.7660661612116321
                    ],
                    "offdex_dist": [
                        0,
                        0.25500562073748523,
                        1,
                        0.7260390945150308,
                        0
                    ],
                    "off_unnice_dist": [
                        -1,
                        0.5153537857908957,
                        1,
                        0.5,
                        0
                    ]
                }
            }
        },
        "26": {
            "SIN": {
                "class": "SinConcept",
                "wc": {
                    "class": "WaveConcept",
                    "nice_chance": 1,
                    "unnice_chance": 0.0038896712436987044,
                    "off_unnice_chance": 0.5194432657200423,
                    "freqhood_dist": [
                        0,
                        0.8627483058109932,
                        1,
                        null,
                        0
                    ],
                    "numerhood_dist": [
                        0,
                        0.060267678189312904,
                        1,
                        0,
                        0
                    ],
                    "denomhood_dist": [
                        0,
                        0.7095609398696734,
                        1,
                        1,
                        0
                    ],
                    "unnice_dist": [
                        -1,
                        0.5,
                        1,
                        0.8442671090807767,
                        0
                    ],
                    "offreqhood_dist": [
                        0,
                        0.15089210344269643,
                        1,
                        0.4493362417875084,
                        0.7660661612116321
                    ],
                    "offdex_dist": [
                        0,
                        1,
                        1,
                        0.7260390945150308,
                        0
                    ],
                    "off_unnice_dist": [
                        -1,
                        -0.5,
                        1,
                        0.7817699366058779,
                        0
                    ]
                }
            }
        },
        "28": {
            "SIN": {
                "class": "SinConcept",
                "wc": {
                    "class": "WaveConcept",
                    "nice_chance": 0.7672333632672653,
                    "unnice_chance": 0.0038896712436987044,
                    "off_unnice_chance": 0.5194432657200423,
                    "freqhood_dist": [
                        0,
                        0.35,
                        1,
                        0.05040861709673783,
                        0
                    ],
                    "numerhood_dist": [
                        0,
                        0.060267678189312904,
                        1,
                        0.1772953790022933,
                        0
                    ],
                    "denomhood_dist": [
                        0,
                        0.7095609398696734,
                        1,
                        0.5,
                        0
                    ],
                    "unnice_dist": [
                        -1,
                        0.5,
                        1,
                        0.8442671090807767,
                        0
                    ],
                    "offreqhood_dist": [
                        0,
                        0.15089210344269643,
                        1,
                        0.4493362417875084,
                        0
                    ],
                    "offdex_dist": [
                        0,
                        0,
                        1,
                        0.7260390945150308,
                        0
                    ],
                    "off_unnice_dist": [
                        -1,
                        0.5153537857908957,
                        1,
                        0.7817699366058779,
                        0
                    ]
                }
            }
        },
        "32": {
            "SIN": {
                "class": "SinConcept",
                "wc": {
                    "class": "WaveConcept",
                    "nice_chance": 1,
                    "unnice_chance": 0.0038896712436987044,
                    "off_unnice_chance": 0.5194432657200423,
                    "freqhood_dist": [
                        0,
                        0.8627483058109932,
                        1,
                        0.05040861709673783,
                        0.2535991087665104
                    ],
                    "numerhood_dist": [
                        0,
                        0.060267678189312904,
                        1,
                        0.1772953790022933,
                        0
                    ],
                    "denomhood_dist": [
                        0,
                        0.7095609398696734,
                        1,
                        0.38580129201321267,
                        0
                    ],
                    "unnice_dist": [
                        -1,
                        0.04677598296646899,
                        1,
                        null,
                        0
                    ],
                    "offreqhood_dist": [
                        0,
                        0.15089210344269643,
                        1,
                        1,
                        0.7660661612116321
                    ],
                    "offdex_dist": [
                        0,
                        0.25500562073748523,
                        1,
                        0.7260390945150308,
                        0
                    ],
                    "off_unnice_dist": [
                        -1,
                        0.5153537857908957,
                        1,
                        0.7817699366058779,
                        0
                    ]
                }
            }
        },
        "29": {
            "SIGMOID": {
                "class": "SigmoidConcept",
                "midpoint_dist": [
                    -1,
                    0.30041835530484884,
                    1,
                    0.8424507362964587,
                    0
                ],
                "squarity_dist": [
                    0,
                    0.31461750579027303,
                    1,
                    0.3260479170411642,
                    0
                ]
            }
        },
        "30": {
            "AMEAN": {
                "class": "AmeanConcept",
                "wc": {
                    "class": "WeightConcept",
                    "balanced_amt_dist": [
                        0,
                        0,
                        1,
                        0.26583352411955197,
                        0
                    ],
                    "imbalanced_base_dist": [
                        0,
                        0.998617226944868,
                        5,
                        0.2841643611659901,
                        0
                    ],
                    "reversing_chance": 0.18852027111947678,
                    "shufflity_dist": [
                        0,
                        0,
                        1,
                        1,
                        0
                    ],
                    "starting_index_dist": [
                        0,
                        0.4473882532924681,
                        1,
                        0.26815617156471416,
                        0
                    ]
                }
            }
        },
        "34": {
            "POWER": {
                "class": "PowerConcept",
                "weighing_base_chance": 0.02633923823610651,
                "base_weight_dist": [
                    0,
                    0.5331523971441602,
                    1,
                    0.6114719222603223,
                    0
                ],
                "exp_weight_dist": [
                    0,
                    0.37793736335919703,
                    1,
                    0,
                    0
                ],
                "exp_lifthood_dist": [
                    0,
                    0.12022350655699654,
                    1,
                    0.784880792598046,
                    0
                ]
            }
        },
        "35": {
            "POW": {
                "class": "PowConcept",
                "logex_dist": [
                    -1,
                    0,
                    0,
                    0.5,
                    0.7383403274415836
                ]
            }
        }
    },
    "correlator": [
        {
            "class": "Correlation",
            "isotopeID_0": 33,
            "element_0": "SPIN",
            "param_index_0": 2,
            "isotopeID_1": 27,
            "element_1": "SPIN",
            "param_index_1": 0,
            "relation_c": 0,
            "relation_r": 0,
            "strength": -0.5624991478861121
        },
        {
            "class": "Correlation",
            "isotopeID_0": 33,
            "element_0": "SPIN",
            "param_index_0": 1,
            "isotopeID_1": 31,
            "element_1": "SPIN",
            "param_index_1": 0,
            "relation_c": 0,
            "relation_r": 0,
            "strength": 0.21639286779832756
        },
        {
            "class": "Correlation",
            "isotopeID_0": 35,
            "element_0": "POW",
            "param_index_0": 0,
            "isotopeID_1": 9,
            "element_1": "X",
            "param_index_1": 0,
            "relation_c": 0,
            "relation_r": 5,
            "strength": 0.8101619868176047
        },
        {
            "class": "Correlation",
            "isotopeID_0": 32,
            "element_0": "SIN",
            "param_index_0": 1,
            "isotopeID_1": 28,
            "element_1": "SIN",
            "param_index_1": 0,
            "relation_c": 0,
            "relation_r": 0,
            "strength": 0.29075786122663727
        },
        {
            "class": "Correlation",
            "isotopeID_0": 21,
            "element_0": "SPIN",
            "param_index_0": 3,
            "isotopeID_1": 31,
            "element_1": "SPIN",
            "param_index_1": 1,
            "relation_c": 0,
            "relation_r": 0,
            "strength": 0.48692936506097606
        },
        {
            "class": "Correlation",
            "isotopeID_0": 28,
            "element_0": "SIN",
            "param_index_0": 1,
            "isotopeID_1": 27,
            "element_1": "SPIN",
            "param_index_1": 3,
            "relation_c": 0,
            "relation_r": 0,
            "strength": 0.5994230829601346
        },
        {
            "class": "Correlation",
            "isotopeID_0": 20,
            "element_0": "Y",
            "param_index_0": 0,
            "isotopeID_1": 32,
            "element_1": "SIN",
            "param_index_1": 0,
            "relation_c": 0,
            "relation_r": 0,
            "strength": -0.971652894748805
        },
        {
            "class": "Correlation",
            "isotopeID_0": 33,
            "element_0": "SPIN",
            "param_index_0": 3,
            "isotopeID_1": 31,
            "element_1": "SPIN",
            "param_index_1": 4,
            "relation_c": 0,
            "relation_r": 0,
            "strength": 0.7777034169115611
        },
        {
            "class": "Correlation",
            "isotopeID_0": 13,
            "element_0": "X",
            "param_index_0": 0,
            "isotopeID_1": 29,
            "element_1": "SIGMOID",
            "param_index_1": 0,
            "relation_c": 0,
            "relation_r": 0,
            "strength": 0.17256566118798755
        },
        {
            "class": "Correlation",
            "isotopeID_0": 25,
            "element_0": "SIN",
            "param_index_0": 1,
            "isotopeID_1": 29,
            "element_1": "SIGMOID",
            "param_index_1": 1,
            "relation_c": 0,
            "relation_r": 0,
            "strength": 0.024719133649791614
        },
        {
            "class": "Correlation",
            "isotopeID_0": 33,
            "element_0": "SPIN",
            "param_index_0": 4,
            "isotopeID_1": 18,
            "element_1": "Y",
            "param_index_1": 0,
            "relation_c": 0,
            "relation_r": 0,
            "strength": 0.3223693523250484
        },
        {
            "class": "Correlation",
            "isotopeID_0": 33,
            "element_0": "SPIN",
            "param_index_0": 0,
            "isotopeID_1": 19,
            "element_1": "Y",
            "param_index_1": 0,
            "relation_c": 0,
            "relation_r": 0,
            "strength": 0.4415038560807796
        },
        {
            "class": "Correlation",
            "isotopeID_0": 34,
            "element_0": "POWER",
            "param_index_0": 0,
            "isotopeID_1": 25,
            "element_1": "SIN",
            "param_index_1": 0,
            "relation_c": 0,
            "relation_r": 0,
            "strength": -0.973100715409462
        },
        {
            "class": "Correlation",
            "isotopeID_0": 26,
            "element_0": "SIN",
            "param_index_0": 0,
            "isotopeID_1": 22,
            "element_1": "MINX",
            "param_index_1": 0,
            "relation_c": 0,
            "relation_r": 0,
            "strength": 0.7928173145710957
        },
        {
            "class": "Correlation",
            "isotopeID_0": 27,
            "element_0": "SPIN",
            "param_index_0": 4,
            "isotopeID_1": 27,
            "element_1": "SPIN",
            "param_index_1": 2,
            "relation_c": 0,
            "relation_r": 0,
            "strength": 0.8045950580118162
        },
        {
            "class": "Correlation",
            "isotopeID_0": 24,
            "element_0": "RAND",
            "param_index_0": 0,
            "isotopeID_1": 10,
            "element_1": "X",
            "param_index_1": 0,
            "relation_c": 0,
            "relation_r": 0,
            "strength": -0.22825906281092112
        },
        {
            "class": "Correlation",
            "isotopeID_0": 15,
            "element_0": "Y",
            "param_index_0": 0,
            "isotopeID_1": 12,
            "element_1": "X",
            "param_index_1": 0,
            "relation_c": 0,
            "relation_r": 0,
            "strength": -0.027884652998937387
        },
        {
            "class": "Correlation",
            "isotopeID_0": 8,
            "element_0": "X",
            "param_index_0": 0,
            "isotopeID_1": 21,
            "element_1": "SPIN",
            "param_index_1": 0,
            "relation_c": 0,
            "relation_r": 0,
            "strength": 0.982053833045033
        },
        {
            "class": "Correlation",
            "isotopeID_0": 17,
            "element_0": "Y",
            "param_index_0": 0,
            "isotopeID_1": 21,
            "element_1": "SPIN",
            "param_index_1": 4,
            "relation_c": 0,
            "relation_r": 0,
            "strength": 0.09394401961142007
        },
        {
            "class": "Correlation",
            "isotopeID_0": 26,
            "element_0": "SIN",
            "param_index_0": 1,
            "isotopeID_1": 27,
            "element_1": "SPIN",
            "param_index_1": 1,
            "relation_c": 0,
            "relation_r": 0,
            "strength": -0.5432688645857218
        }
    ],
    "calmer": {
        "class": "Calmer",
        "hue_dist": [
            0,
            0,
            1,
            0.989452611160631,
            0
        ],
        "sat_dist": [
            0,
            0,
            1,
            0.6980359711380096,
            0.08
        ],
        "val_dist": [
            0,
            0,
            1,
            0.9417035039701757,
            0.08
        ],
        "pal_dist": [
            0,
            0.5035567252271751,
            2,
            0.6792282696679671,
            0.00872266999857276
        ],
        "gradience_dd": [
            [
                0,
                0.7707439024497672,
                1,
                0.8262723210351206,
                0.16904003988920918
            ],
            7.893325415971953e-05,
            0.9729956771806386,
            [
                0,
                0.08422687280664365,
                1,
                0.6883488603437934,
                0.17932717302371576
            ],
            0.006601894045423618,
            0.020109250210743976
        ],
        "unarm_dist": [
            0,
            0.91504983847482,
            1,
            0.8797504843131327,
            0.02227854521402211
        ],
        "unaim_dist": [
            1,
            3.5846840467116645,
            20,
            0.4366919454781095,
            0.026492189399003153
        ]
    }
}