{
    "class": "Version",
    "prism": [
        6,
        8.418828022401957,
        20.5,
        0.45547375178601446,
        0.08
    ],
    "puddle": {
        "class": "Puddle",
        "hue_dirtiness_dist": [
            0.9765287420931625,
            1.0007044764188442,
            1.0355249056593803,
            0.7652558852785949,
            0.4285790515650894
        ],
        "sat_dirtiness_dist": [
            0.9415270001504823,
            0.9625982981891285,
            0.9918285899991197,
            0.9786318391755223,
            0.20977332422563366
        ],
        "val_dirtiness_dist": [
            0.8896677643039008,
            0.9668028807058018,
            0.9873765672178391,
            0.8531560603881544,
            7.373827010399101e-08
        ],
        "hue_stillness_dist": [
            0.06661974022668735,
            0.8363153976343257,
            1.6839741033785196,
            0.9600217153499826,
            0.03369104358853505
        ],
        "sat_stillness_dist": [
            0.009139690642722012,
            1.828858037918359,
            1.8484149878741003,
            0.5732399298846886,
            0.35082193242089754
        ],
        "val_stillness_dist": [
            0.16600666805580166,
            0.24021608190117952,
            0.30099622271644744,
            0.820284837136868,
            0.5804094841967254
        ]
    },
    "pasteller": {
        "class": "Pasteller",
        "frac_mid": 0.18115884883525196,
        "amt_sharp": 0.6648161208319464
    },
    "permuter": [
        17.21347669010862,
        18.645518305272756,
        19.684514289476812,
        0.9321476642180988,
        0.8382027873810499
    ],
    "procession": 1.8840950048508838,
    "controller": {
        "28": {
            "class": "Control",
            "submute": [],
            "constraint": 0.9217914172468213
        },
        "31": {
            "class": "Control",
            "submute": [
                0,
                0
            ],
            "constraint": 0.18264566572349006
        },
        "33": {
            "class": "Control",
            "submute": [
                0,
                2,
                1
            ],
            "constraint": 0.9604731843136184
        },
        "57": {
            "class": "Control",
            "submute": [
                1,
                2
            ],
            "constraint": 0.7750481015177585
        },
        "61": {
            "class": "Control",
            "submute": [
                1,
                1
            ],
            "constraint": 0.8833957677846177
        },
        "63": {
            "class": "Control",
            "submute": [
                0,
                1
            ],
            "constraint": 0.26879409992749603
        }
    },
    "conceiver": {
        "8": {
            "X": {
                "class": "CartConcept",
                "nice_chance": 0.8588130959008617,
                "unnice_chance": 0.12098258118618932,
                "mean_dist": [
                    0,
                    0.3550467683953895,
                    1,
                    null,
                    9.712811093150448e-05
                ],
                "freqhood_dist": [
                    0,
                    0.3098310481942539,
                    1,
                    null,
                    0.623267843451064
                ],
                "index_dist": [
                    0,
                    0.4134623220441108,
                    1,
                    0.43728797196185765,
                    0.08753604103060436
                ],
                "unnice_dist": [
                    -0.5,
                    0.09274816662488417,
                    0.5,
                    0.18979537419782622,
                    0.0059708147723810945
                ]
            }
        },
        "9": {
            "X": {
                "class": "CartConcept",
                "nice_chance": 0.8588130959008617,
                "unnice_chance": 1,
                "mean_dist": [
                    0,
                    0.3550467683953895,
                    1,
                    null,
                    9.712811093150448e-05
                ],
                "freqhood_dist": [
                    0,
                    0.3098310481942539,
                    1,
                    0.613824714573838,
                    0.623267843451064
                ],
                "index_dist": [
                    0,
                    0.4134623220441108,
                    1,
                    null,
                    0.08753604103060436
                ],
                "unnice_dist": [
                    -0.5,
                    0.09274816662488417,
                    0.5,
                    0.18979537419782622,
                    0.0059708147723810945
                ]
            }
        },
        "10": {
            "X": {
                "class": "CartConcept",
                "nice_chance": 0.8588130959008617,
                "unnice_chance": 0.12098258118618932,
                "mean_dist": [
                    0,
                    0.3550467683953895,
                    1,
                    0.5490574583552208,
                    9.712811093150448e-05
                ],
                "freqhood_dist": [
                    0,
                    0.3098310481942539,
                    1,
                    null,
                    0.623267843451064
                ],
                "index_dist": [
                    0,
                    0,
                    1,
                    0.43728797196185765,
                    0
                ],
                "unnice_dist": [
                    -0.5,
                    0.09274816662488417,
                    0.5,
                    null,
                    0.0059708147723810945
                ]
            }
        },
        "11": {
            "X": {
                "class": "CartConcept",
                "nice_chance": 0.8588130959008617,
                "unnice_chance": 1,
                "mean_dist": [
                    0,
                    0.3550467683953895,
                    1,
                    null,
                    9.712811093150448e-05
                ],
                "freqhood_dist": [
                    0,
                    0.3098310481942539,
                    1,
                    null,
                    0.125
                ],
                "index_dist": [
                    0,
                    0,
                    1,
                    0.5,
                    0
                ],
                "unnice_dist": [
                    -0.5,
                    0.09274816662488417,
                    0.5,
                    null,
                    0.0059708147723810945
                ]
            }
        },
        "12": {
            "X": {
                "class": "CartConcept",
                "nice_chance": 0,
                "unnice_chance": 1,
                "mean_dist": [
                    0,
                    0.3550467683953895,
                    1,
                    null,
                    0.125
                ],
                "freqhood_dist": [
                    0,
                    0.3098310481942539,
                    1,
                    0.613824714573838,
                    0.623267843451064
                ],
                "index_dist": [
                    0,
                    0.4134623220441108,
                    1,
                    0.43728797196185765,
                    0.08753604103060436
                ],
                "unnice_dist": [
                    -0.5,
                    0.09274816662488417,
                    0.5,
                    null,
                    0.0059708147723810945
                ]
            }
        },
        "13": {
            "X": {
                "class": "CartConcept",
                "nice_chance": 0.8588130959008617,
                "unnice_chance": 0.12098258118618932,
                "mean_dist": [
                    0,
                    0.5,
                    1,
                    null,
                    0.125
                ],
                "freqhood_dist": [
                    0,
                    0,
                    1,
                    null,
                    0
                ],
                "index_dist": [
                    0,
                    0.4134623220441108,
                    1,
                    1,
                    0.08753604103060436
                ],
                "unnice_dist": [
                    -0.5,
                    0.09274816662488417,
                    0.5,
                    0.18979537419782622,
                    0.0059708147723810945
                ]
            }
        },
        "14": {
            "X": {
                "class": "CartConcept",
                "nice_chance": 0.8588130959008617,
                "unnice_chance": 0.12098258118618932,
                "mean_dist": [
                    0,
                    0.3550467683953895,
                    1,
                    0.5490574583552208,
                    9.712811093150448e-05
                ],
                "freqhood_dist": [
                    0,
                    0.45,
                    1,
                    0.5,
                    0.623267843451064
                ],
                "index_dist": [
                    0,
                    0.4134623220441108,
                    1,
                    0.5,
                    0.08753604103060436
                ],
                "unnice_dist": [
                    -0.5,
                    0.09274816662488417,
                    0.5,
                    null,
                    0.0059708147723810945
                ]
            }
        },
        "15": {
            "X": {
                "class": "CartConcept",
                "nice_chance": 0.8588130959008617,
                "unnice_chance": 0.12098258118618932,
                "mean_dist": [
                    0,
                    0.3550467683953895,
                    1,
                    null,
                    9.712811093150448e-05
                ],
                "freqhood_dist": [
                    0,
                    0.3098310481942539,
                    1,
                    0.613824714573838,
                    0.125
                ],
                "index_dist": [
                    0,
                    0.4134623220441108,
                    1,
                    null,
                    0
                ],
                "unnice_dist": [
                    -0.5,
                    0.09274816662488417,
                    0.5,
                    null,
                    0.0059708147723810945
                ]
            }
        },
        "16": {
            "X": {
                "class": "CartConcept",
                "nice_chance": 0.8588130959008617,
                "unnice_chance": 0.12098258118618932,
                "mean_dist": [
                    0,
                    0.3550467683953895,
                    1,
                    null,
                    9.712811093150448e-05
                ],
                "freqhood_dist": [
                    0,
                    0.3098310481942539,
                    1,
                    null,
                    0.623267843451064
                ],
                "index_dist": [
                    0,
                    0.4134623220441108,
                    1,
                    null,
                    0.08753604103060436
                ],
                "unnice_dist": [
                    -0.5,
                    0.09274816662488417,
                    0.5,
                    null,
                    0.0059708147723810945
                ]
            }
        },
        "17": {
            "X": {
                "class": "CartConcept",
                "nice_chance": 0.8588130959008617,
                "unnice_chance": 0.12098258118618932,
                "mean_dist": [
                    0,
                    0.3550467683953895,
                    1,
                    0.5490574583552208,
                    9.712811093150448e-05
                ],
                "freqhood_dist": [
                    0,
                    0.3098310481942539,
                    1,
                    null,
                    0.623267843451064
                ],
                "index_dist": [
                    0,
                    0,
                    1,
                    0.43728797196185765,
                    0.08753604103060436
                ],
                "unnice_dist": [
                    -0.5,
                    0.09274816662488417,
                    0.5,
                    0.18979537419782622,
                    0.0059708147723810945
                ]
            }
        },
        "18": {
            "X": {
                "class": "CartConcept",
                "nice_chance": 1,
                "unnice_chance": 0.12098258118618932,
                "mean_dist": [
                    0,
                    0.3550467683953895,
                    1,
                    1,
                    9.712811093150448e-05
                ],
                "freqhood_dist": [
                    0,
                    0.3098310481942539,
                    1,
                    null,
                    0.623267843451064
                ],
                "index_dist": [
                    0,
                    0.4134623220441108,
                    1,
                    0.43728797196185765,
                    0.08753604103060436
                ],
                "unnice_dist": [
                    -0.5,
                    0.09274816662488417,
                    0.5,
                    null,
                    0.0059708147723810945
                ]
            }
        },
        "19": {
            "X": {
                "class": "CartConcept",
                "nice_chance": 0.8588130959008617,
                "unnice_chance": 1,
                "mean_dist": [
                    0,
                    0.3550467683953895,
                    1,
                    0,
                    9.712811093150448e-05
                ],
                "freqhood_dist": [
                    0,
                    0.3098310481942539,
                    1,
                    null,
                    0.623267843451064
                ],
                "index_dist": [
                    0,
                    0.4134623220441108,
                    1,
                    null,
                    0.08753604103060436
                ],
                "unnice_dist": [
                    -0.5,
                    0.09274816662488417,
                    0.5,
                    null,
                    0.125
                ]
            }
        },
        "20": {
            "X": {
                "class": "CartConcept",
                "nice_chance": 0.8588130959008617,
                "unnice_chance": 0.12098258118618932,
                "mean_dist": [
                    0,
                    0.3550467683953895,
                    1,
                    0.5490574583552208,
                    9.712811093150448e-05
                ],
                "freqhood_dist": [
                    0,
                    0.3098310481942539,
                    1,
                    null,
                    0.623267843451064
                ],
                "index_dist": [
                    0,
                    0.4134623220441108,
                    1,
                    0,
                    0.08753604103060436
                ],
                "unnice_dist": [
                    -0.5,
                    0,
                    0.5,
                    0.18979537419782622,
                    0
                ]
            }
        },
        "21": {
            "Y": {
                "class": "CartConcept",
                "nice_chance": 0.5,
                "unnice_chance": 0.48427587771195835,
                "mean_dist": [
                    0,
                    0.5979102621499275,
                    1,
                    1,
                    0.012034609857142733
                ],
                "freqhood_dist": [
                    0,
                    0.7003951626099074,
                    1,
                    0.07073401013913627,
                    0.41009629358786803
                ],
                "index_dist": [
                    0,
                    0.05370297163942306,
                    1,
                    0.9655212200932307,
                    0
                ],
                "unnice_dist": [
                    -0.5,
                    0,
                    0.5,
                    null,
                    0.4004651140321628
                ]
            }
        },
        "22": {
            "Y": {
                "class": "CartConcept",
                "nice_chance": 0.7886700328210703,
                "unnice_chance": 0.21345308870530633,
                "mean_dist": [
                    0,
                    0.5044930616252908,
                    1,
                    null,
                    0.9963634351166051
                ],
                "freqhood_dist": [
                    0,
                    0.9126598386263888,
                    1,
                    0.1661256782314935,
                    0.18094159615189195
                ],
                "index_dist": [
                    0,
                    0.2817445088414603,
                    1,
                    0.0339973029022006,
                    0.125
                ],
                "unnice_dist": [
                    -0.5,
                    -0.1837759939182222,
                    0.5,
                    null,
                    0
                ]
            }
        },
        "23": {
            "Y": {
                "class": "CartConcept",
                "nice_chance": 0.32149282831714665,
                "unnice_chance": 0.5,
                "mean_dist": [
                    0,
                    0.5825637184099222,
                    1,
                    null,
                    0
                ],
                "freqhood_dist": [
                    0,
                    0.7288367451885188,
                    1,
                    0.5,
                    0.005030215446549306
                ],
                "index_dist": [
                    0,
                    0.8458696136943855,
                    1,
                    null,
                    0.18247448212501452
                ],
                "unnice_dist": [
                    -0.5,
                    -0.2470422557021008,
                    0.5,
                    0.021723834954427423,
                    0.08682377495232042
                ]
            }
        },
        "24": {
            "Y": {
                "class": "CartConcept",
                "nice_chance": 0.32149282831714665,
                "unnice_chance": 0.5382268956607221,
                "mean_dist": [
                    0,
                    0.5825637184099222,
                    1,
                    0.5,
                    3.466995382734003e-05
                ],
                "freqhood_dist": [
                    0,
                    0.7288367451885188,
                    1,
                    null,
                    0.005030215446549306
                ],
                "index_dist": [
                    0,
                    1,
                    1,
                    0.39877613797205413,
                    0
                ],
                "unnice_dist": [
                    -0.5,
                    -0.2470422557021008,
                    0.5,
                    0.021723834954427423,
                    0.08682377495232042
                ]
            }
        },
        "25": {
            "Y": {
                "class": "CartConcept",
                "nice_chance": 1,
                "unnice_chance": 0.5382268956607221,
                "mean_dist": [
                    0,
                    0.5825637184099222,
                    1,
                    null,
                    3.466995382734003e-05
                ],
                "freqhood_dist": [
                    0,
                    0.7288367451885188,
                    1,
                    null,
                    0.125
                ],
                "index_dist": [
                    0,
                    0.8458696136943855,
                    1,
                    0.39877613797205413,
                    0.18247448212501452
                ],
                "unnice_dist": [
                    -0.5,
                    0,
                    0.5,
                    0.021723834954427423,
                    0.08682377495232042
                ]
            }
        },
        "26": {
            "Y": {
                "class": "CartConcept",
                "nice_chance": 0.32149282831714665,
                "unnice_chance": 0.5,
                "mean_dist": [
                    0,
                    0.5825637184099222,
                    1,
                    0.7052352996091844,
                    3.466995382734003e-05
                ],
                "freqhood_dist": [
                    0,
                    0.7288367451885188,
                    1,
                    0.7062612969353037,
                    0.005030215446549306
                ],
                "index_dist": [
                    0,
                    0.8458696136943855,
                    1,
                    0.39877613797205413,
                    0.18247448212501452
                ],
                "unnice_dist": [
                    -0.5,
                    -0.2470422557021008,
                    0.5,
                    0.021723834954427423,
                    0.08682377495232042
                ]
            }
        },
        "27": {
            "Y": {
                "class": "CartConcept",
                "nice_chance": 0.5724568349782369,
                "unnice_chance": 0.2792877879634631,
                "mean_dist": [
                    0,
                    0,
                    1,
                    0.9430997663029794,
                    0.125
                ],
                "freqhood_dist": [
                    0,
                    0.5587923574302066,
                    1,
                    1,
                    0.01090282459539009
                ],
                "index_dist": [
                    0,
                    0.35259496158844206,
                    1,
                    null,
                    0.006309539050601201
                ],
                "unnice_dist": [
                    -0.5,
                    0.47594283215955924,
                    0.5,
                    0.8081188976886283,
                    0.11580864500361115
                ]
            }
        },
        "28": {
            "Y": {
                "class": "CartConcept",
                "nice_chance": 0.5724568349782369,
                "unnice_chance": 0.2792877879634631,
                "mean_dist": [
                    0,
                    0.07901643778079093,
                    1,
                    null,
                    0.125
                ],
                "freqhood_dist": [
                    0,
                    0.5587923574302066,
                    1,
                    0.8270629348814732,
                    0.01090282459539009
                ],
                "index_dist": [
                    0,
                    0.35259496158844206,
                    1,
                    0.9288256059604547,
                    0.006309539050601201
                ],
                "unnice_dist": [
                    -0.5,
                    0.47594283215955924,
                    0.5,
                    null,
                    0.11580864500361115
                ]
            }
        },
        "29": {
            "Y": {
                "class": "CartConcept",
                "nice_chance": 0.5724568349782369,
                "unnice_chance": 0.2792877879634631,
                "mean_dist": [
                    0,
                    1,
                    1,
                    null,
                    0.125
                ],
                "freqhood_dist": [
                    0,
                    0.5587923574302066,
                    1,
                    0.8270629348814732,
                    0.01090282459539009
                ],
                "index_dist": [
                    0,
                    0.35259496158844206,
                    1,
                    null,
                    0.006309539050601201
                ],
                "unnice_dist": [
                    -0.5,
                    0.47594283215955924,
                    0.5,
                    null,
                    0.11580864500361115
                ]
            }
        },
        "30": {
            "Y": {
                "class": "CartConcept",
                "nice_chance": 0.5724568349782369,
                "unnice_chance": 0.2792877879634631,
                "mean_dist": [
                    0,
                    0.07901643778079093,
                    1,
                    null,
                    0.125
                ],
                "freqhood_dist": [
                    0,
                    0.5587923574302066,
                    1,
                    null,
                    0.01090282459539009
                ],
                "index_dist": [
                    0,
                    0.35259496158844206,
                    1,
                    0.9288256059604547,
                    0
                ],
                "unnice_dist": [
                    -0.5,
                    0,
                    0.5,
                    null,
                    0
                ]
            }
        },
        "31": {
            "SPIN": {
                "class": "SpinConcept",
                "wc": {
                    "class": "WaveConcept",
                    "nice_chance": 0.9632005994538343,
                    "unnice_chance": 0.6610412221723486,
                    "off_unnice_chance": 0.17083316408546775,
                    "freqhood_dist": [
                        0,
                        0.4484944301690166,
                        1,
                        null,
                        0.327109520434048
                    ],
                    "numerhood_dist": [
                        0,
                        0.45,
                        1,
                        null,
                        0
                    ],
                    "denomhood_dist": [
                        0,
                        0.5244943285406827,
                        1,
                        null,
                        0
                    ],
                    "unnice_dist": [
                        -1,
                        0.47313815353719385,
                        1,
                        1,
                        0
                    ],
                    "offreqhood_dist": [
                        0,
                        0.45,
                        1,
                        null,
                        0.01940132281431794
                    ],
                    "offdex_dist": [
                        0,
                        0.8842744676937712,
                        1,
                        0.320633557172608,
                        0
                    ],
                    "off_unnice_dist": [
                        -1,
                        0.057614480105852676,
                        1,
                        0.3119843338844912,
                        0
                    ]
                },
                "fc": {
                    "class": "FanConcept",
                    "shift_dist": [
                        -1,
                        0.764385186699202,
                        1,
                        0.49497665834203475,
                        0.040217442964657714
                    ],
                    "logweight_dist": [
                        -0.8575756395110098,
                        -0.7506053598538447,
                        -0.48209888736663814,
                        0.6022505083928064,
                        0.2236282940365941
                    ]
                },
                "antiwise_chance": 0.6663800706770471,
                "armhood_dist": [
                    0,
                    0.9191053645698654,
                    1,
                    null,
                    0.37929356447927604
                ]
            }
        },
        "37": {
            "SPIN": {
                "class": "SpinConcept",
                "wc": {
                    "class": "WaveConcept",
                    "nice_chance": 1,
                    "unnice_chance": 0.6610412221723486,
                    "off_unnice_chance": 1,
                    "freqhood_dist": [
                        0,
                        0.4484944301690166,
                        1,
                        0.5,
                        0.327109520434048
                    ],
                    "numerhood_dist": [
                        0,
                        0.35,
                        1,
                        0.8171021792924594,
                        0
                    ],
                    "denomhood_dist": [
                        0,
                        0.35,
                        1,
                        0.38539285615196406,
                        0
                    ],
                    "unnice_dist": [
                        -1,
                        0.47313815353719385,
                        1,
                        0.1120436348640893,
                        0
                    ],
                    "offreqhood_dist": [
                        0,
                        0.6341493816906205,
                        1,
                        0.2555937973368174,
                        0.01940132281431794
                    ],
                    "offdex_dist": [
                        0,
                        0.8842744676937712,
                        1,
                        null,
                        0
                    ],
                    "off_unnice_dist": [
                        -1,
                        0.057614480105852676,
                        1,
                        0.3119843338844912,
                        0
                    ]
                },
                "fc": {
                    "class": "FanConcept",
                    "shift_dist": [
                        -1,
                        1,
                        1,
                        0.49497665834203475,
                        0.040217442964657714
                    ],
                    "logweight_dist": [
                        -3.6279447179646382,
                        -2.6279447179646382,
                        -2.3594382454774316,
                        null,
                        0.2236282940365941
                    ]
                },
                "antiwise_chance": 0.6663800706770471,
                "armhood_dist": [
                    0,
                    0.9191053645698654,
                    1,
                    null,
                    0.37929356447927604
                ]
            }
        },
        "39": {
            "SPIN": {
                "class": "SpinConcept",
                "wc": {
                    "class": "WaveConcept",
                    "nice_chance": 0.9632005994538343,
                    "unnice_chance": 0.6610412221723486,
                    "off_unnice_chance": 0.5,
                    "freqhood_dist": [
                        0,
                        0.4484944301690166,
                        1,
                        0.32444489784952435,
                        0.327109520434048
                    ],
                    "numerhood_dist": [
                        0,
                        0.29407107537641985,
                        1,
                        0.8171021792924594,
                        0
                    ],
                    "denomhood_dist": [
                        0,
                        0.45,
                        1,
                        0.38539285615196406,
                        0
                    ],
                    "unnice_dist": [
                        -1,
                        -0.5,
                        1,
                        null,
                        0
                    ],
                    "offreqhood_dist": [
                        0,
                        0.35,
                        1,
                        null,
                        0
                    ],
                    "offdex_dist": [
                        0,
                        0.8842744676937712,
                        1,
                        null,
                        0
                    ],
                    "off_unnice_dist": [
                        -1,
                        0.057614480105852676,
                        1,
                        0.3119843338844912,
                        0
                    ]
                },
                "fc": {
                    "class": "FanConcept",
                    "shift_dist": [
                        -1,
                        0.764385186699202,
                        1,
                        0.49497665834203475,
                        0.040217442964657714
                    ],
                    "logweight_dist": [
                        -2.7349149976218032,
                        -2.6279447179646382,
                        -2.3594382454774316,
                        0.6022505083928064,
                        0
                    ]
                },
                "antiwise_chance": 0.6663800706770471,
                "armhood_dist": [
                    0,
                    0.5,
                    1,
                    null,
                    0.37929356447927604
                ]
            }
        },
        "44": {
            "SPIN": {
                "class": "SpinConcept",
                "wc": {
                    "class": "WaveConcept",
                    "nice_chance": 0.9632005994538343,
                    "unnice_chance": 0.6610412221723486,
                    "off_unnice_chance": 0.17083316408546775,
                    "freqhood_dist": [
                        0,
                        0.4484944301690166,
                        1,
                        1,
                        0.327109520434048
                    ],
                    "numerhood_dist": [
                        0,
                        0.29407107537641985,
                        1,
                        null,
                        0
                    ],
                    "denomhood_dist": [
                        0,
                        0.5244943285406827,
                        1,
                        0.38539285615196406,
                        0
                    ],
                    "unnice_dist": [
                        -1,
                        0.47313815353719385,
                        1,
                        0.1120436348640893,
                        0
                    ],
                    "offreqhood_dist": [
                        0,
                        0.6341493816906205,
                        1,
                        0.2555937973368174,
                        0.01940132281431794
                    ],
                    "offdex_dist": [
                        0,
                        0.8842744676937712,
                        1,
                        0.320633557172608,
                        0
                    ],
                    "off_unnice_dist": [
                        -1,
                        0.057614480105852676,
                        1,
                        0.3119843338844912,
                        0
                    ]
                },
                "fc": {
                    "class": "FanConcept",
                    "shift_dist": [
                        -1,
                        0.764385186699202,
                        1,
                        null,
                        0.040217442964657714
                    ],
                    "logweight_dist": [
                        -9.974209699346662,
                        -2.6279447179646382,
                        -2.3594382454774316,
                        0.6022505083928064,
                        0
                    ]
                },
                "antiwise_chance": 0.6663800706770471,
                "armhood_dist": [
                    0,
                    0.9191053645698654,
                    1,
                    0.8368009587020968,
                    0.37929356447927604
                ]
            }
        },
        "49": {
            "SPIN": {
                "class": "SpinConcept",
                "wc": {
                    "class": "WaveConcept",
                    "nice_chance": 1,
                    "unnice_chance": 0.6610412221723486,
                    "off_unnice_chance": 0.17083316408546775,
                    "freqhood_dist": [
                        0,
                        0.4484944301690166,
                        1,
                        0.32444489784952435,
                        0.327109520434048
                    ],
                    "numerhood_dist": [
                        0,
                        0.29407107537641985,
                        1,
                        null,
                        0
                    ],
                    "denomhood_dist": [
                        0,
                        0.5244943285406827,
                        1,
                        0.38539285615196406,
                        0
                    ],
                    "unnice_dist": [
                        -1,
                        0.47313815353719385,
                        1,
                        null,
                        0
                    ],
                    "offreqhood_dist": [
                        0,
                        0.6341493816906205,
                        1,
                        null,
                        0.01940132281431794
                    ],
                    "offdex_dist": [
                        0,
                        0.8842744676937712,
                        1,
                        null,
                        0
                    ],
                    "off_unnice_dist": [
                        -1,
                        0.057614480105852676,
                        1,
                        0.3119843338844912,
                        0
                    ]
                },
                "fc": {
                    "class": "FanConcept",
                    "shift_dist": [
                        -1,
                        0.764385186699202,
                        1,
                        0.49497665834203475,
                        0
                    ],
                    "logweight_dist": [
                        -2.7349149976218032,
                        -2.6279447179646382,
                        -2.6279447179646382,
                        0.6022505083928064,
                        0.2236282940365941
                    ]
                },
                "antiwise_chance": 0.6663800706770471,
                "armhood_dist": [
                    0,
                    0.9191053645698654,
                    1,
                    0.8368009587020968,
                    0.37929356447927604
                ]
            }
        },
        "50": {
            "SPIN": {
                "class": "SpinConcept",
                "wc": {
                    "class": "WaveConcept",
                    "nice_chance": 0,
                    "unnice_chance": 0.6610412221723486,
                    "off_unnice_chance": 0.17083316408546775,
                    "freqhood_dist": [
                        0,
                        0.4484944301690166,
                        1,
                        null,
                        0.327109520434048
                    ],
                    "numerhood_dist": [
                        0,
                        0,
                        1,
                        1,
                        0
                    ],
                    "denomhood_dist": [
                        0,
                        0.35,
                        1,
                        0.38539285615196406,
                        0
                    ],
                    "unnice_dist": [
                        -1,
                        0.47313815353719385,
                        1,
                        null,
                        0
                    ],
                    "offreqhood_dist": [
                        0,
                        0.6341493816906205,
                        1,
                        null,
                        0
                    ],
                    "offdex_dist": [
                        0,
                        0.8842744676937712,
                        1,
                        null,
                        0
                    ],
                    "off_unnice_dist": [
                        -1,
                        0,
                        1,
                        0.3119843338844912,
                        0
                    ]
                },
                "fc": {
                    "class": "FanConcept",
                    "shift_dist": [
                        -1,
                        0.764385186699202,
                        1,
                        0.49497665834203475,
                        0
                    ],
                    "logweight_dist": [
                        -9.974209699346662,
                        -2.6279447179646382,
                        -2.3594382454774316,
                        null,
                        0.2236282940365941
                    ]
                },
                "antiwise_chance": 0.6663800706770471,
                "armhood_dist": [
                    0,
                    0.9191053645698654,
                    1,
                    null,
                    0.37929356447927604
                ]
            }
        },
        "53": {
            "SPIN": {
                "class": "SpinConcept",
                "wc": {
                    "class": "WaveConcept",
                    "nice_chance": 0.9632005994538343,
                    "unnice_chance": 0.6610412221723486,
                    "off_unnice_chance": 0.17083316408546775,
                    "freqhood_dist": [
                        0,
                        0.4484944301690166,
                        1,
                        null,
                        0.327109520434048
                    ],
                    "numerhood_dist": [
                        0,
                        0.45,
                        1,
                        null,
                        0
                    ],
                    "denomhood_dist": [
                        0,
                        0.5244943285406827,
                        1,
                        0.38539285615196406,
                        0
                    ],
                    "unnice_dist": [
                        -1,
                        0.47313815353719385,
                        1,
                        0.1120436348640893,
                        0
                    ],
                    "offreqhood_dist": [
                        0,
                        0.6341493816906205,
                        1,
                        null,
                        0.01940132281431794
                    ],
                    "offdex_dist": [
                        0,
                        0.8842744676937712,
                        1,
                        0.320633557172608,
                        0
                    ],
                    "off_unnice_dist": [
                        -1,
                        0.057614480105852676,
                        1,
                        0.3119843338844912,
                        0
                    ]
                },
                "fc": {
                    "class": "FanConcept",
                    "shift_dist": [
                        -1,
                        0.764385186699202,
                        1,
                        0.49497665834203475,
                        0.040217442964657714
                    ],
                    "logweight_dist": [
                        -0.1069702796571651,
                        0,
                        0.26850647248720655,
                        null,
                        0.2236282940365941
                    ]
                },
                "antiwise_chance": 0.6663800706770471,
                "armhood_dist": [
                    0,
                    0.9191053645698654,
                    1,
                    0.8368009587020968,
                    0.37929356447927604
                ]
            }
        },
        "54": {
            "SPIN": {
                "class": "SpinConcept",
                "wc": {
                    "class": "WaveConcept",
                    "nice_chance": 1,
                    "unnice_chance": 0.48620931008797796,
                    "off_unnice_chance": 0.4396820295552792,
                    "freqhood_dist": [
                        0,
                        0.8221901896573374,
                        1,
                        0.2866215094355331,
                        0.006843475192446592
                    ],
                    "numerhood_dist": [
                        0,
                        0.35,
                        1,
                        0.20352337302911938,
                        0
                    ],
                    "denomhood_dist": [
                        0,
                        0.6227943611063105,
                        1,
                        null,
                        0
                    ],
                    "unnice_dist": [
                        -1,
                        -0.9627088071480985,
                        1,
                        0.4221585685037136,
                        0
                    ],
                    "offreqhood_dist": [
                        0,
                        0.06131174940434502,
                        1,
                        null,
                        0
                    ],
                    "offdex_dist": [
                        0,
                        0.19781246493426896,
                        1,
                        0.7654941099496267,
                        0
                    ],
                    "off_unnice_dist": [
                        -1,
                        0.6359480135584886,
                        1,
                        null,
                        0
                    ]
                },
                "fc": {
                    "class": "FanConcept",
                    "shift_dist": [
                        -1,
                        -0.31431906420390066,
                        1,
                        null,
                        0
                    ],
                    "logweight_dist": [
                        -6.683977169520509,
                        -6.183977169520509,
                        -6.175508498379618,
                        null,
                        0.6501455216597852
                    ]
                },
                "antiwise_chance": 0,
                "armhood_dist": [
                    0,
                    0.4288389662320019,
                    1,
                    null,
                    0
                ]
            }
        },
        "55": {
            "SPIN": {
                "class": "SpinConcept",
                "wc": {
                    "class": "WaveConcept",
                    "nice_chance": 0.6193275560102063,
                    "unnice_chance": 0.48620931008797796,
                    "off_unnice_chance": 0,
                    "freqhood_dist": [
                        0,
                        0.8221901896573374,
                        1,
                        null,
                        0.006843475192446592
                    ],
                    "numerhood_dist": [
                        0,
                        0.43351405325279824,
                        1,
                        null,
                        0
                    ],
                    "denomhood_dist": [
                        0,
                        0.6227943611063105,
                        1,
                        null,
                        0
                    ],
                    "unnice_dist": [
                        -1,
                        -0.9627088071480985,
                        1,
                        0.4221585685037136,
                        0
                    ],
                    "offreqhood_dist": [
                        0,
                        0.35,
                        1,
                        0,
                        0.008175360963300723
                    ],
                    "offdex_dist": [
                        0,
                        0.19781246493426896,
                        1,
                        0.5,
                        0
                    ],
                    "off_unnice_dist": [
                        -1,
                        0.6359480135584886,
                        1,
                        0.7337444762884664,
                        0
                    ]
                },
                "fc": {
                    "class": "FanConcept",
                    "shift_dist": [
                        -1,
                        0,
                        1,
                        0.003992674129486895,
                        0.3373973191303114
                    ],
                    "logweight_dist": [
                        -6.2840710616062365,
                        -6.183977169520509,
                        -6.175508498379618,
                        null,
                        0.6501455216597852
                    ]
                },
                "antiwise_chance": 0.03955288246102984,
                "armhood_dist": [
                    0,
                    0.4288389662320019,
                    1,
                    0.36367268533280117,
                    0.06059987126362543
                ]
            }
        },
        "59": {
            "SPIN": {
                "class": "SpinConcept",
                "wc": {
                    "class": "WaveConcept",
                    "nice_chance": 0.7412169417261604,
                    "unnice_chance": 0.8365143689096468,
                    "off_unnice_chance": 1,
                    "freqhood_dist": [
                        0,
                        0.4067583549934032,
                        1,
                        null,
                        0.026723922857700064
                    ],
                    "numerhood_dist": [
                        0,
                        0.36430251670671093,
                        1,
                        0.3056798139978584,
                        0
                    ],
                    "denomhood_dist": [
                        0,
                        0.3261626541645786,
                        1,
                        0.11071169411941728,
                        0
                    ],
                    "unnice_dist": [
                        -1,
                        -0.8060627815460608,
                        1,
                        0.45251769157457333,
                        0
                    ],
                    "offreqhood_dist": [
                        0,
                        0.05053336653329792,
                        1,
                        null,
                        0.7737538765549707
                    ],
                    "offdex_dist": [
                        0,
                        0.05729935060969171,
                        1,
                        null,
                        0
                    ],
                    "off_unnice_dist": [
                        -1,
                        -0.9060343148391654,
                        1,
                        0.24233948098827462,
                        0
                    ]
                },
                "fc": {
                    "class": "FanConcept",
                    "shift_dist": [
                        -1,
                        0.6226240780995993,
                        1,
                        null,
                        0.7910871093409843
                    ],
                    "logweight_dist": [
                        5.188455687782584,
                        6.549771714580743,
                        11.819876114002273,
                        null,
                        0.0017886706593901816
                    ]
                },
                "antiwise_chance": 0.2565612167274185,
                "armhood_dist": [
                    0,
                    0.8852943685533162,
                    1,
                    null,
                    0.125
                ]
            }
        },
        "60": {
            "SPIN": {
                "class": "SpinConcept",
                "wc": {
                    "class": "WaveConcept",
                    "nice_chance": 0.7412169417261604,
                    "unnice_chance": 0.8365143689096468,
                    "off_unnice_chance": 0.16068752493894964,
                    "freqhood_dist": [
                        0,
                        0.4067583549934032,
                        1,
                        0.7775707872982233,
                        0.026723922857700064
                    ],
                    "numerhood_dist": [
                        0,
                        0.36430251670671093,
                        1,
                        1,
                        0
                    ],
                    "denomhood_dist": [
                        0,
                        0.3261626541645786,
                        1,
                        null,
                        0
                    ],
                    "unnice_dist": [
                        -1,
                        0,
                        1,
                        1,
                        0
                    ],
                    "offreqhood_dist": [
                        0,
                        0.45,
                        1,
                        0.6275573404347112,
                        0.7737538765549707
                    ],
                    "offdex_dist": [
                        0,
                        0.05729935060969171,
                        1,
                        0.962085531531739,
                        0
                    ],
                    "off_unnice_dist": [
                        -1,
                        -0.9060343148391654,
                        1,
                        null,
                        0
                    ]
                },
                "fc": {
                    "class": "FanConcept",
                    "shift_dist": [
                        -1,
                        0.6226240780995993,
                        1,
                        null,
                        0.7910871093409843
                    ],
                    "logweight_dist": [
                        2.796838467087534,
                        4.158154493885693,
                        5.158154493885693,
                        null,
                        0
                    ]
                },
                "antiwise_chance": 0,
                "armhood_dist": [
                    0,
                    0.8852943685533162,
                    1,
                    0.7165271763557785,
                    0.125
                ]
            }
        },
        "63": {
            "SPIN": {
                "class": "SpinConcept",
                "wc": {
                    "class": "WaveConcept",
                    "nice_chance": 0.7412169417261604,
                    "unnice_chance": 0.8365143689096468,
                    "off_unnice_chance": 0.16068752493894964,
                    "freqhood_dist": [
                        0,
                        0.4067583549934032,
                        1,
                        0.7775707872982233,
                        0
                    ],
                    "numerhood_dist": [
                        0,
                        0.36430251670671093,
                        1,
                        null,
                        0
                    ],
                    "denomhood_dist": [
                        0,
                        0.3261626541645786,
                        1,
                        0.11071169411941728,
                        0
                    ],
                    "unnice_dist": [
                        -1,
                        0.5,
                        1,
                        0.45251769157457333,
                        0
                    ],
                    "offreqhood_dist": [
                        0,
                        0.45,
                        1,
                        null,
                        0.7737538765549707
                    ],
                    "offdex_dist": [
                        0,
                        0.05729935060969171,
                        1,
                        null,
                        0
                    ],
                    "off_unnice_dist": [
                        -1,
                        -0.9060343148391654,
                        1,
                        0.24233948098827462,
                        0
                    ]
                },
                "fc": {
                    "class": "FanConcept",
                    "shift_dist": [
                        -1,
                        0.6226240780995993,
                        1,
                        0.9427673109056911,
                        0.125
                    ],
                    "logweight_dist": [
                        -0.27198685549236146,
                        4.158154493885693,
                        4.325216671659125,
                        null,
                        0.0017886706593901816
                    ]
                },
                "antiwise_chance": 0.2565612167274185,
                "armhood_dist": [
                    0,
                    0.8852943685533162,
                    1,
                    null,
                    0.005030279425326335
                ]
            }
        },
        "32": {
            "GMEAN": null
        },
        "40": {
            "GMEAN": null
        },
        "48": {
            "GMEAN": null
        },
        "51": {
            "GMEAN": null
        },
        "52": {
            "GMEAN": null
        },
        "56": {
            "GMEAN": null
        },
        "57": {
            "GMEAN": null
        },
        "58": {
            "GMEAN": null
        },
        "61": {
            "GMEAN": null
        },
        "67": {
            "GMEAN": null
        },
        "33": {
            "ARCFAN": {
                "class": "ArcfanConcept",
                "fc": {
                    "class": "FanConcept",
                    "shift_dist": [
                        -1,
                        0.8848985008220212,
                        1,
                        0.6104317826399839,
                        0.41418818036510985
                    ],
                    "logweight_dist": [
                        2.042171128243499,
                        3.69310647042472,
                        4.69310647042472,
                        null,
                        0.40637226436135837
                    ]
                }
            }
        },
        "64": {
            "ARCFAN": {
                "class": "ArcfanConcept",
                "fc": {
                    "class": "FanConcept",
                    "shift_dist": [
                        -1,
                        0.4205357674804422,
                        1,
                        null,
                        1.8169001506279218e-07
                    ],
                    "logweight_dist": [
                        -10.445422701365294,
                        -6.535480225127981,
                        -6.535480225127981,
                        null,
                        0.7690036279701393
                    ]
                }
            }
        },
        "34": {
            "SIN": {
                "class": "SinConcept",
                "wc": {
                    "class": "WaveConcept",
                    "nice_chance": 1,
                    "unnice_chance": 0.021622452248274627,
                    "off_unnice_chance": 0.0016238257206373178,
                    "freqhood_dist": [
                        0,
                        0.6982394138511877,
                        1,
                        0.05322571258675257,
                        0.1801693427045461
                    ],
                    "numerhood_dist": [
                        0,
                        0.35,
                        1,
                        null,
                        0
                    ],
                    "denomhood_dist": [
                        0,
                        0.1148642386646118,
                        1,
                        0.2515263309094642,
                        0
                    ],
                    "unnice_dist": [
                        -1,
                        0.2320441890429732,
                        1,
                        null,
                        0
                    ],
                    "offreqhood_dist": [
                        0,
                        0.1000374955076809,
                        1,
                        null,
                        0
                    ],
                    "offdex_dist": [
                        0,
                        0.4239255102072801,
                        1,
                        null,
                        0
                    ],
                    "off_unnice_dist": [
                        -1,
                        0,
                        1,
                        null,
                        0
                    ]
                }
            }
        },
        "42": {
            "SIN": {
                "class": "SinConcept",
                "wc": {
                    "class": "WaveConcept",
                    "nice_chance": 0.8838682319625504,
                    "unnice_chance": 0.035135445930218265,
                    "off_unnice_chance": 0.16057105127536742,
                    "freqhood_dist": [
                        0,
                        0.43031306675497094,
                        1,
                        0.5,
                        0.0037073202678879137
                    ],
                    "numerhood_dist": [
                        0,
                        0.45,
                        1,
                        null,
                        0
                    ],
                    "denomhood_dist": [
                        0,
                        0.35,
                        1,
                        0.5,
                        0
                    ],
                    "unnice_dist": [
                        -1,
                        0.05307967696220846,
                        1,
                        null,
                        0
                    ],
                    "offreqhood_dist": [
                        0,
                        0.6988494728940828,
                        1,
                        0.04997732224081064,
                        0.000623304505092854
                    ],
                    "offdex_dist": [
                        0,
                        0.0414678796538287,
                        1,
                        null,
                        0
                    ],
                    "off_unnice_dist": [
                        -1,
                        -0.005426924659711951,
                        1,
                        0.5,
                        0
                    ]
                }
            }
        },
        "45": {
            "SIN": {
                "class": "SinConcept",
                "wc": {
                    "class": "WaveConcept",
                    "nice_chance": 0.44196914897313005,
                    "unnice_chance": 0.2035138506016344,
                    "off_unnice_chance": 0.44995918882478114,
                    "freqhood_dist": [
                        0,
                        0.7543090940450619,
                        1,
                        null,
                        0.3643550625936582
                    ],
                    "numerhood_dist": [
                        0,
                        0.7235360195408678,
                        1,
                        0.7055955469368299,
                        0
                    ],
                    "denomhood_dist": [
                        0,
                        0.018102775618803777,
                        1,
                        0.41449874537012077,
                        0
                    ],
                    "unnice_dist": [
                        -1,
                        -0.3519826927934405,
                        1,
                        0.5276797166912236,
                        0
                    ],
                    "offreqhood_dist": [
                        0,
                        0.2538893642831648,
                        1,
                        null,
                        0.10108914891381915
                    ],
                    "offdex_dist": [
                        0,
                        0,
                        1,
                        0.3788062719352172,
                        0
                    ],
                    "off_unnice_dist": [
                        -1,
                        0,
                        1,
                        0.7676906933400428,
                        0
                    ]
                }
            }
        },
        "65": {
            "SIN": {
                "class": "SinConcept",
                "wc": {
                    "class": "WaveConcept",
                    "nice_chance": 0.44196914897313005,
                    "unnice_chance": 0.2035138506016344,
                    "off_unnice_chance": 0.44995918882478114,
                    "freqhood_dist": [
                        0,
                        0.7543090940450619,
                        1,
                        null,
                        0.125
                    ],
                    "numerhood_dist": [
                        0,
                        0.7235360195408678,
                        1,
                        null,
                        0
                    ],
                    "denomhood_dist": [
                        0,
                        0.45,
                        1,
                        0.41449874537012077,
                        0
                    ],
                    "unnice_dist": [
                        -1,
                        -0.3519826927934405,
                        1,
                        0.5276797166912236,
                        0
                    ],
                    "offreqhood_dist": [
                        0,
                        0.2538893642831648,
                        1,
                        0.5241926269300987,
                        0.10108914891381915
                    ],
                    "offdex_dist": [
                        0,
                        0,
                        1,
                        null,
                        0
                    ],
                    "off_unnice_dist": [
                        -1,
                        -0.5,
                        1,
                        null,
                        0
                    ]
                }
            }
        },
        "35": {
            "AMEAN": {
                "class": "AmeanConcept",
                "wc": {
                    "class": "WeightConcept",
                    "balanced_amt_dist": [
                        0,
                        0.4464012434891269,
                        1,
                        0.09597199471240625,
                        0
                    ],
                    "imbalanced_base_dist": [
                        0,
                        1.1076459634635012,
                        5,
                        null,
                        0
                    ],
                    "reversing_chance": 0.19107214158555574,
                    "shufflity_dist": [
                        0,
                        0.12948004046005807,
                        1,
                        null,
                        0
                    ],
                    "starting_index_dist": [
                        0,
                        0.611840434279207,
                        1,
                        0.8285137993267376,
                        0
                    ]
                }
            }
        },
        "68": {
            "AMEAN": {
                "class": "AmeanConcept",
                "wc": {
                    "class": "WeightConcept",
                    "balanced_amt_dist": [
                        0,
                        0.4464012434891269,
                        1,
                        null,
                        0
                    ],
                    "imbalanced_base_dist": [
                        0,
                        1.1076459634635012,
                        5,
                        0.5,
                        0
                    ],
                    "reversing_chance": 0.19107214158555574,
                    "shufflity_dist": [
                        0,
                        0.12948004046005807,
                        1,
                        null,
                        0
                    ],
                    "starting_index_dist": [
                        0,
                        0.6283791308340695,
                        1,
                        null,
                        0
                    ]
                }
            }
        },
        "36": {
            "INV": null
        },
        "66": {
            "INV": null
        },
        "38": {
            "POWER": {
                "class": "PowerConcept",
                "weighing_base_chance": 0.8525185945330823,
                "base_weight_dist": [
                    0,
                    0.31291277489146363,
                    1,
                    null,
                    0
                ],
                "exp_weight_dist": [
                    0,
                    0.1366934330983426,
                    1,
                    null,
                    0
                ],
                "exp_lifthood_dist": [
                    0,
                    0,
                    1,
                    null,
                    0
                ]
            }
        },
        "43": {
            "POWER": {
                "class": "PowerConcept",
                "weighing_base_chance": 0.8525185945330823,
                "base_weight_dist": [
                    0,
                    0.8589585727503366,
                    1,
                    null,
                    0
                ],
                "exp_weight_dist": [
                    0,
                    0.1366934330983426,
                    1,
                    null,
                    0
                ],
                "exp_lifthood_dist": [
                    0,
                    0.982464614930367,
                    1,
                    0.2908963050868705,
                    0
                ]
            }
        },
        "46": {
            "POWER": {
                "class": "PowerConcept",
                "weighing_base_chance": 0.8525185945330823,
                "base_weight_dist": [
                    0,
                    0.8589585727503366,
                    1,
                    0.6195295267957238,
                    0
                ],
                "exp_weight_dist": [
                    0,
                    0.5388517655707656,
                    1,
                    null,
                    0
                ],
                "exp_lifthood_dist": [
                    0,
                    0.982464614930367,
                    1,
                    0.2908963050868705,
                    0
                ]
            }
        },
        "69": {
            "POWER": {
                "class": "PowerConcept",
                "weighing_base_chance": 0.8525185945330823,
                "base_weight_dist": [
                    0,
                    0.8589585727503366,
                    1,
                    0.6195295267957238,
                    0
                ],
                "exp_weight_dist": [
                    0,
                    0.5388517655707656,
                    1,
                    null,
                    0
                ],
                "exp_lifthood_dist": [
                    0,
                    0.982464614930367,
                    1,
                    0.2908963050868705,
                    0
                ]
            }
        },
        "41": {
            "POW": {
                "class": "PowConcept",
                "logex_dist": [
                    6.715136355934966,
                    11.000056459465622,
                    11.139267951372156,
                    0.5122098422538708,
                    0
                ]
            }
        },
        "47": {
            "MINX": {
                "class": "MinxConcept",
                "maxing_chance": 0.05921124246183762,
                "wc": {
                    "class": "WeightConcept",
                    "balanced_amt_dist": [
                        0,
                        0.08955064873150798,
                        1,
                        null,
                        0
                    ],
                    "imbalanced_base_dist": [
                        0,
                        0.3212883444285023,
                        5,
                        null,
                        0
                    ],
                    "reversing_chance": 0.44672699390302173,
                    "shufflity_dist": [
                        0,
                        0.0057988703912653025,
                        1,
                        0.8327582303634556,
                        0
                    ],
                    "starting_index_dist": [
                        0,
                        0.4824369454648261,
                        1,
                        null,
                        0
                    ]
                }
            }
        },
        "62": {
            "SIGMOID": {
                "class": "SigmoidConcept",
                "inverse_chance": 0,
                "midpoint_dist": [
                    -1,
                    0.3354790442419706,
                    1,
                    null,
                    0
                ],
                "squarity_dist": [
                    0,
                    0.5892827132155233,
                    1,
                    0.11830782222607539,
                    0
                ]
            }
        }
    },
    "correlator": [
        {
            "class": "Correlation",
            "isotopeID_0": 49,
            "element_0": "SPIN",
            "param_index_0": 2,
            "isotopeID_1": 63,
            "element_1": "SPIN",
            "param_index_1": 4,
            "relation_c": 0,
            "relation_r": 1,
            "strength": 0.08653906518037457
        },
        {
            "class": "Correlation",
            "isotopeID_0": 37,
            "element_0": "SPIN",
            "param_index_0": 4,
            "isotopeID_1": 46,
            "element_1": "POWER",
            "param_index_1": 0,
            "relation_c": 0,
            "relation_r": 0,
            "strength": -0.46083135641779327
        },
        {
            "class": "Correlation",
            "isotopeID_0": 39,
            "element_0": "SPIN",
            "param_index_0": 0,
            "isotopeID_1": 8,
            "element_1": "X",
            "param_index_1": 0,
            "relation_c": 0,
            "relation_r": 0,
            "strength": -0.0571265177928828
        },
        {
            "class": "Correlation",
            "isotopeID_0": 44,
            "element_0": "SPIN",
            "param_index_0": 0,
            "isotopeID_1": 29,
            "element_1": "Y",
            "param_index_1": 0,
            "relation_c": 0,
            "relation_r": 0,
            "strength": 0.6920966444250978
        },
        {
            "class": "Correlation",
            "isotopeID_0": 45,
            "element_0": "SIN",
            "param_index_0": 1,
            "isotopeID_1": 50,
            "element_1": "SPIN",
            "param_index_1": 0,
            "relation_c": 0,
            "relation_r": -5,
            "strength": 0.11909058868746736
        },
        {
            "class": "Correlation",
            "isotopeID_0": 33,
            "element_0": "ARCFAN",
            "param_index_0": 1,
            "isotopeID_1": 23,
            "element_1": "Y",
            "param_index_1": 0,
            "relation_c": 0,
            "relation_r": 0,
            "strength": 0.5053219820413706
        },
        {
            "class": "Correlation",
            "isotopeID_0": 54,
            "element_0": "SPIN",
            "param_index_0": 2,
            "isotopeID_1": 55,
            "element_1": "SPIN",
            "param_index_1": 4,
            "relation_c": 0,
            "relation_r": 0,
            "strength": 0.5508708823455126
        },
        {
            "class": "Correlation",
            "isotopeID_0": 41,
            "element_0": "POW",
            "param_index_0": 0,
            "isotopeID_1": 63,
            "element_1": "SPIN",
            "param_index_1": 1,
            "relation_c": 0,
            "relation_r": 0,
            "strength": -0.15142754118547552
        },
        {
            "class": "Correlation",
            "isotopeID_0": 38,
            "element_0": "POWER",
            "param_index_0": 0,
            "isotopeID_1": 53,
            "element_1": "SPIN",
            "param_index_1": 0,
            "relation_c": 0,
            "relation_r": 0,
            "strength": -0.8716240630454664
        },
        {
            "class": "Correlation",
            "isotopeID_0": 50,
            "element_0": "SPIN",
            "param_index_0": 3,
            "isotopeID_1": 30,
            "element_1": "Y",
            "param_index_1": 0,
            "relation_c": 0,
            "relation_r": 0,
            "strength": -0.7016625957797951
        },
        {
            "class": "Correlation",
            "isotopeID_0": 19,
            "element_0": "X",
            "param_index_0": 0,
            "isotopeID_1": 60,
            "element_1": "SPIN",
            "param_index_1": 1,
            "relation_c": 0,
            "relation_r": 0,
            "strength": 0.9864723288557471
        },
        {
            "class": "Correlation",
            "isotopeID_0": 10,
            "element_0": "X",
            "param_index_0": 0,
            "isotopeID_1": 49,
            "element_1": "SPIN",
            "param_index_1": 3,
            "relation_c": 0,
            "relation_r": 0,
            "strength": 0.4038423030129026
        },
        {
            "class": "Correlation",
            "isotopeID_0": 12,
            "element_0": "X",
            "param_index_0": 0,
            "isotopeID_1": 15,
            "element_1": "X",
            "param_index_1": 0,
            "relation_c": 0,
            "relation_r": 0,
            "strength": 0.9155153013683703
        },
        {
            "class": "Correlation",
            "isotopeID_0": 60,
            "element_0": "SPIN",
            "param_index_0": 3,
            "isotopeID_1": 65,
            "element_1": "SIN",
            "param_index_1": 0,
            "relation_c": 1,
            "relation_r": 0,
            "strength": 0.9576215955119802
        },
        {
            "class": "Correlation",
            "isotopeID_0": 49,
            "element_0": "SPIN",
            "param_index_0": 1,
            "isotopeID_1": 9,
            "element_1": "X",
            "param_index_1": 0,
            "relation_c": 0,
            "relation_r": 0,
            "strength": 0.517485390653813
        },
        {
            "class": "Correlation",
            "isotopeID_0": 63,
            "element_0": "SPIN",
            "param_index_0": 2,
            "isotopeID_1": 49,
            "element_1": "SPIN",
            "param_index_1": 4,
            "relation_c": 0,
            "relation_r": 0,
            "strength": -0.5859802401055139
        },
        {
            "class": "Correlation",
            "isotopeID_0": 11,
            "element_0": "X",
            "param_index_0": 0,
            "isotopeID_1": 37,
            "element_1": "SPIN",
            "param_index_1": 2,
            "relation_c": 0,
            "relation_r": 1,
            "strength": -0.03277700043544041
        },
        {
            "class": "Correlation",
            "isotopeID_0": 31,
            "element_0": "SPIN",
            "param_index_0": 3,
            "isotopeID_1": 39,
            "element_1": "SPIN",
            "param_index_1": 1,
            "relation_c": 0,
            "relation_r": 0,
            "strength": -0.22608985321473174
        },
        {
            "class": "Correlation",
            "isotopeID_0": 20,
            "element_0": "X",
            "param_index_0": 0,
            "isotopeID_1": 26,
            "element_1": "Y",
            "param_index_1": 0,
            "relation_c": 0,
            "relation_r": 0,
            "strength": 0.8989826116912971
        },
        {
            "class": "Correlation",
            "isotopeID_0": 17,
            "element_0": "X",
            "param_index_0": 0,
            "isotopeID_1": 50,
            "element_1": "SPIN",
            "param_index_1": 4,
            "relation_c": 0,
            "relation_r": 0,
            "strength": 0.49705181962288614
        },
        {
            "class": "Correlation",
            "isotopeID_0": 31,
            "element_0": "SPIN",
            "param_index_0": 0,
            "isotopeID_1": 62,
            "element_1": "SIGMOID",
            "param_index_1": 1,
            "relation_c": 2,
            "relation_r": 0,
            "strength": -0.14131540343737248
        },
        {
            "class": "Correlation",
            "isotopeID_0": 60,
            "element_0": "SPIN",
            "param_index_0": 2,
            "isotopeID_1": 64,
            "element_1": "ARCFAN",
            "param_index_1": 1,
            "relation_c": 0,
            "relation_r": 0,
            "strength": 0.38852376920518594
        },
        {
            "class": "Correlation",
            "isotopeID_0": 59,
            "element_0": "SPIN",
            "param_index_0": 1,
            "isotopeID_1": 44,
            "element_1": "SPIN",
            "param_index_1": 4,
            "relation_c": 0,
            "relation_r": 0,
            "strength": 0.38199752371750995
        },
        {
            "class": "Correlation",
            "isotopeID_0": 34,
            "element_0": "SIN",
            "param_index_0": 1,
            "isotopeID_1": 53,
            "element_1": "SPIN",
            "param_index_1": 4,
            "relation_c": 0,
            "relation_r": 0,
            "strength": -0.4213016878703286
        },
        {
            "class": "Correlation",
            "isotopeID_0": 64,
            "element_0": "ARCFAN",
            "param_index_0": 0,
            "isotopeID_1": 13,
            "element_1": "X",
            "param_index_1": 0,
            "relation_c": 0,
            "relation_r": 0,
            "strength": -0.727666902545502
        },
        {
            "class": "Correlation",
            "isotopeID_0": 16,
            "element_0": "X",
            "param_index_0": 0,
            "isotopeID_1": 42,
            "element_1": "SIN",
            "param_index_1": 0,
            "relation_c": 0,
            "relation_r": 0,
            "strength": -0.9247956912055213
        },
        {
            "class": "Correlation",
            "isotopeID_0": 59,
            "element_0": "SPIN",
            "param_index_0": 0,
            "isotopeID_1": 31,
            "element_1": "SPIN",
            "param_index_1": 1,
            "relation_c": 0,
            "relation_r": 0,
            "strength": 0.5482719748880145
        },
        {
            "class": "Correlation",
            "isotopeID_0": 24,
            "element_0": "Y",
            "param_index_0": 0,
            "isotopeID_1": 59,
            "element_1": "SPIN",
            "param_index_1": 2,
            "relation_c": 0,
            "relation_r": 0,
            "strength": 0.23165205719713544
        },
        {
            "class": "Correlation",
            "isotopeID_0": 44,
            "element_0": "SPIN",
            "param_index_0": 1,
            "isotopeID_1": 54,
            "element_1": "SPIN",
            "param_index_1": 4,
            "relation_c": 0,
            "relation_r": 0,
            "strength": -0.16264977270252334
        },
        {
            "class": "Correlation",
            "isotopeID_0": 53,
            "element_0": "SPIN",
            "param_index_0": 3,
            "isotopeID_1": 45,
            "element_1": "SIN",
            "param_index_1": 0,
            "relation_c": 0,
            "relation_r": 0,
            "strength": -0.8858971520702414
        },
        {
            "class": "Correlation",
            "isotopeID_0": 54,
            "element_0": "SPIN",
            "param_index_0": 1,
            "isotopeID_1": 53,
            "element_1": "SPIN",
            "param_index_1": 2,
            "relation_c": 0,
            "relation_r": 0,
            "strength": -0.22204160495591863
        },
        {
            "class": "Correlation",
            "isotopeID_0": 63,
            "element_0": "SPIN",
            "param_index_0": 3,
            "isotopeID_1": 47,
            "element_1": "MINX",
            "param_index_1": 0,
            "relation_c": 0,
            "relation_r": -1,
            "strength": 0.18596192696885772
        },
        {
            "class": "Correlation",
            "isotopeID_0": 44,
            "element_0": "SPIN",
            "param_index_0": 3,
            "isotopeID_1": 18,
            "element_1": "X",
            "param_index_1": 0,
            "relation_c": 0,
            "relation_r": 0,
            "strength": -0.36934231435830345
        },
        {
            "class": "Correlation",
            "isotopeID_0": 34,
            "element_0": "SIN",
            "param_index_0": 0,
            "isotopeID_1": 50,
            "element_1": "SPIN",
            "param_index_1": 2,
            "relation_c": 0,
            "relation_r": 0,
            "strength": -0.9602830682540546
        },
        {
            "class": "Correlation",
            "isotopeID_0": 59,
            "element_0": "SPIN",
            "param_index_0": 4,
            "isotopeID_1": 28,
            "element_1": "Y",
            "param_index_1": 0,
            "relation_c": 0,
            "relation_r": 0,
            "strength": 0.7026316590561648
        },
        {
            "class": "Correlation",
            "isotopeID_0": 43,
            "element_0": "POWER",
            "param_index_0": 0,
            "isotopeID_1": 39,
            "element_1": "SPIN",
            "param_index_1": 4,
            "relation_c": 0,
            "relation_r": 0,
            "strength": -0.40821273380243683
        },
        {
            "class": "Correlation",
            "isotopeID_0": 55,
            "element_0": "SPIN",
            "param_index_0": 0,
            "isotopeID_1": 63,
            "element_1": "SPIN",
            "param_index_1": 0,
            "relation_c": 0,
            "relation_r": 0,
            "strength": -0.8219559170960766
        },
        {
            "class": "Correlation",
            "isotopeID_0": 55,
            "element_0": "SPIN",
            "param_index_0": 1,
            "isotopeID_1": 62,
            "element_1": "SIGMOID",
            "param_index_1": 0,
            "relation_c": 0,
            "relation_r": 0,
            "strength": 0.37867381609079365
        },
        {
            "class": "Correlation",
            "isotopeID_0": 55,
            "element_0": "SPIN",
            "param_index_0": 3,
            "isotopeID_1": 27,
            "element_1": "Y",
            "param_index_1": 0,
            "relation_c": 0,
            "relation_r": 0,
            "strength": -0.6752522592258849
        }
    ],
    "calmer": {
        "class": "Calmer",
        "hue_dist": [
            0,
            0,
            1,
            0.9930433065101685,
            0
        ],
        "sat_dist": [
            0,
            0,
            1,
            0.9312213340333823,
            0.08
        ],
        "val_dist": [
            0,
            0,
            1,
            0.5776238543140052,
            0.08
        ],
        "pal_dist": [
            0,
            0.8893841451787888,
            2,
            0.9091827556369765,
            5.45107328137793e-06
        ],
        "gradience_dd": [
            [
                0,
                0.48879860838267686,
                1,
                0.4045175810054987,
                0.2623034053912389
            ],
            4.5862160098687115e-07,
            9.687504411313833e-19,
            [
                0,
                0.6619226423849958,
                1,
                0.7425117330369507,
                0.2704799268690695
            ],
            0.011562094927027124,
            0.012493678746064824
        ],
        "unarm_dist": [
            0,
            0.7700150500944546,
            1,
            0.22782001532120255,
            0.5879470224543742
        ],
        "unaim_dist": [
            1,
            4.853710916927014,
            20,
            0.10190572943555731,
            0.8262880990555633
        ]
    }
}