{
    "0": {
        "class": "Isotope",
        "ID": 0,
        "element": "ROOT_MAIN",
        "infexes": [],
        "freedom": 0.5695522016429022,
        "max_count": 1,
        "options": [
            [
                20
            ],
            [
                21
            ]
        ],
        "defaults": [
            [
                20
            ]
        ]
    },
    "1": {
        "class": "Isotope",
        "ID": 1,
        "element": "ROOT_HUE",
        "infexes": [],
        "freedom": 0.3665288076150057,
        "max_count": 1,
        "options": [
            [
                20
            ],
            [
                20
            ]
        ],
        "defaults": [
            [
                20
            ]
        ]
    },
    "2": {
        "class": "Isotope",
        "ID": 2,
        "element": "ROOT_SAT",
        "infexes": [],
        "freedom": 0.6638032868710184,
        "max_count": 1,
        "options": [
            [
                20
            ],
            [
                22
            ]
        ],
        "defaults": [
            [
                20
            ]
        ]
    },
    "3": {
        "class": "Isotope",
        "ID": 3,
        "element": "ROOT_VAL",
        "infexes": [],
        "freedom": 0.4145491352946866,
        "max_count": 1,
        "options": [
            [
                20
            ],
            [
                22
            ]
        ],
        "defaults": [
            [
                20
            ]
        ]
    },
    "4": {
        "class": "Isotope",
        "ID": 4,
        "element": "ROOT_PAL",
        "infexes": [],
        "freedom": 0.3186294779222327,
        "max_count": 1,
        "options": [
            [
                22
            ],
            [
                20
            ]
        ],
        "defaults": [
            [
                20
            ]
        ]
    },
    "5": {
        "class": "Isotope",
        "ID": 5,
        "element": "ROOT_GRAD",
        "infexes": [],
        "freedom": 0.3526207809925248,
        "max_count": 1,
        "options": [
            [
                23
            ],
            [
                20
            ]
        ],
        "defaults": [
            [
                20
            ]
        ]
    },
    "6": {
        "class": "Isotope",
        "ID": 6,
        "element": "ROOT_TARGET",
        "infexes": [],
        "freedom": 0.1360924317981924,
        "max_count": 1,
        "options": [
            [
                21
            ],
            [
                20
            ]
        ],
        "defaults": [
            [
                20
            ]
        ]
    },
    "7": {
        "class": "Isotope",
        "ID": 7,
        "element": "ROOT_AIM",
        "infexes": [],
        "freedom": 0.3433112577803166,
        "max_count": 1,
        "options": [
            [
                20
            ],
            [
                21
            ]
        ],
        "defaults": [
            [
                20
            ]
        ]
    },
    "8": {
        "class": "Isotope",
        "ID": 8,
        "element": "X",
        "infexes": [],
        "freedom": 0,
        "max_count": 48,
        "options": [],
        "defaults": []
    },
    "9": {
        "class": "Isotope",
        "ID": 9,
        "element": "X",
        "infexes": [],
        "freedom": 0,
        "max_count": 6,
        "options": [],
        "defaults": []
    },
    "10": {
        "class": "Isotope",
        "ID": 10,
        "element": "X",
        "infexes": [],
        "freedom": 0,
        "max_count": 136,
        "options": [],
        "defaults": []
    },
    "11": {
        "class": "Isotope",
        "ID": 11,
        "element": "X",
        "infexes": [],
        "freedom": 0,
        "max_count": 83,
        "options": [],
        "defaults": []
    },
    "12": {
        "class": "Isotope",
        "ID": 12,
        "element": "Y",
        "infexes": [],
        "freedom": 0,
        "max_count": 30,
        "options": [],
        "defaults": []
    },
    "13": {
        "class": "Isotope",
        "ID": 13,
        "element": "Y",
        "infexes": [],
        "freedom": 0,
        "max_count": 170,
        "options": [],
        "defaults": []
    },
    "14": {
        "class": "Isotope",
        "ID": 14,
        "element": "Y",
        "infexes": [],
        "freedom": 0,
        "max_count": 2,
        "options": [],
        "defaults": []
    },
    "15": {
        "class": "Isotope",
        "ID": 15,
        "element": "Y",
        "infexes": [],
        "freedom": 0,
        "max_count": 43,
        "options": [],
        "defaults": []
    },
    "16": {
        "class": "Isotope",
        "ID": 16,
        "element": "Y",
        "infexes": [],
        "freedom": 0,
        "max_count": 51,
        "options": [],
        "defaults": []
    },
    "17": {
        "class": "Isotope",
        "ID": 17,
        "element": "ARCFAN",
        "infexes": [],
        "freedom": 0.379676858139004,
        "max_count": 2,
        "options": [
            [
                16,
                10
            ],
            [
                8,
                18
            ]
        ],
        "defaults": [
            [
                16,
                10
            ]
        ]
    },
    "18": {
        "class": "Isotope",
        "ID": 18,
        "element": "MINX",
        "infexes": [
            2,
            3
        ],
        "freedom": 0.4700458631872907,
        "max_count": 55,
        "options": [
            [
                22,
                14,
                15
            ],
            [
                14,
                10,
                16
            ]
        ],
        "defaults": [
            [
                14,
                10,
                16
            ]
        ]
    },
    "19": {
        "class": "Isotope",
        "ID": 19,
        "element": "POW",
        "infexes": [],
        "freedom": 0,
        "max_count": 55,
        "options": [
            [
                16
            ]
        ],
        "defaults": [
            [
                16
            ]
        ]
    },
    "20": {
        "class": "Isotope",
        "ID": 20,
        "element": "ARCFAN",
        "infexes": [],
        "freedom": 0.1465599983041704,
        "max_count": 8,
        "options": [
            [
                8,
                12
            ],
            [
                13,
                11
            ],
            [
                10,
                14
            ],
            [
                8,
                15
            ]
        ],
        "defaults": [
            [
                8,
                12
            ],
            [
                13,
                11
            ],
            [
                10,
                14
            ],
            [
                8,
                15
            ]
        ]
    },
    "21": {
        "class": "Isotope",
        "ID": 21,
        "element": "SIN",
        "infexes": [],
        "freedom": 0.26374248954049073,
        "max_count": 32,
        "options": [
            [
                22
            ],
            [
                20
            ]
        ],
        "defaults": [
            [
                20
            ]
        ]
    },
    "22": {
        "class": "Isotope",
        "ID": 22,
        "element": "MINX",
        "infexes": [
            2,
            3
        ],
        "freedom": 0.4858995974451208,
        "max_count": 9,
        "options": [
            [
                17,
                11,
                21
            ],
            [
                20,
                11
            ]
        ],
        "defaults": [
            [
                20,
                11
            ]
        ]
    },
    "23": {
        "class": "Isotope",
        "ID": 23,
        "element": "GMEAN",
        "infexes": [
            5,
            6
        ],
        "freedom": 0.7385332784444143,
        "max_count": 63,
        "options": [
            [
                22,
                23,
                20,
                24,
                21,
                9
            ],
            [
                8,
                11,
                20,
                25,
                9,
                8
            ],
            [
                20,
                12,
                20,
                12,
                12
            ]
        ],
        "defaults": [
            [
                20,
                12,
                20,
                12,
                12
            ]
        ]
    },
    "24": {
        "class": "Isotope",
        "ID": 24,
        "element": "ARCFAN",
        "infexes": [],
        "freedom": 0.5068487108840262,
        "max_count": 3,
        "options": [
            [
                26,
                26
            ],
            [
                11,
                16
            ],
            [
                12,
                13
            ]
        ],
        "defaults": [
            [
                26,
                26
            ],
            [
                11,
                16
            ],
            [
                12,
                13
            ]
        ]
    },
    "25": {
        "class": "Isotope",
        "ID": 25,
        "element": "ARCFAN",
        "infexes": [],
        "freedom": 0,
        "max_count": 13,
        "options": [
            [
                10,
                24
            ]
        ],
        "defaults": [
            [
                10,
                24
            ]
        ]
    },
    "26": {
        "class": "Isotope",
        "ID": 26,
        "element": "SIGMOID",
        "infexes": [],
        "freedom": 0,
        "max_count": 51,
        "options": [
            [
                19
            ]
        ],
        "defaults": [
            [
                19
            ]
        ]
    }
}