{
    "0": {
        "class": "Isotope",
        "ID": 0,
        "element": "ROOT_MAIN",
        "infexes": [],
        "freedom": 0.18208838733831834,
        "max_count": 1,
        "options": [
            [
                60
            ],
            [
                93
            ]
        ],
        "defaults": [
            [
                60
            ]
        ]
    },
    "1": {
        "class": "Isotope",
        "ID": 1,
        "element": "ROOT_HUE",
        "infexes": [],
        "freedom": 0.3502310881167462,
        "max_count": 1,
        "options": [
            [
                89
            ],
            [
                74
            ]
        ],
        "defaults": [
            [
                74
            ]
        ]
    },
    "2": {
        "class": "Isotope",
        "ID": 2,
        "element": "ROOT_SAT",
        "infexes": [],
        "freedom": 0.25852848844598403,
        "max_count": 1,
        "options": [
            [
                86
            ],
            [
                66
            ]
        ],
        "defaults": [
            [
                66
            ]
        ]
    },
    "3": {
        "class": "Isotope",
        "ID": 3,
        "element": "ROOT_VAL",
        "infexes": [],
        "freedom": 0.011408633764478426,
        "max_count": 1,
        "options": [
            [
                94
            ],
            [
                60
            ],
            [
                80
            ]
        ],
        "defaults": [
            [
                60
            ]
        ]
    },
    "4": {
        "class": "Isotope",
        "ID": 4,
        "element": "ROOT_PAL",
        "infexes": [],
        "freedom": 0.32107521406654593,
        "max_count": 1,
        "options": [
            [
                60
            ],
            [
                64
            ]
        ],
        "defaults": [
            [
                60
            ]
        ]
    },
    "5": {
        "class": "Isotope",
        "ID": 5,
        "element": "ROOT_GRAD",
        "infexes": [],
        "freedom": 0.052643609224808575,
        "max_count": 1,
        "options": [
            [
                64
            ],
            [
                69
            ]
        ],
        "defaults": [
            [
                64
            ]
        ]
    },
    "6": {
        "class": "Isotope",
        "ID": 6,
        "element": "ROOT_TARGET",
        "infexes": [],
        "freedom": 0.61865927282971,
        "max_count": 1,
        "options": [
            [
                80
            ],
            [
                80
            ]
        ],
        "defaults": [
            [
                80
            ]
        ]
    },
    "7": {
        "class": "Isotope",
        "ID": 7,
        "element": "ROOT_AIM",
        "infexes": [],
        "freedom": 0.4180767983348011,
        "max_count": 1,
        "options": [
            [
                66
            ],
            [
                71
            ]
        ],
        "defaults": [
            [
                66
            ]
        ]
    },
    "8": {
        "class": "Isotope",
        "ID": 8,
        "element": "X",
        "infexes": [],
        "freedom": 0,
        "max_count": 6,
        "options": [],
        "defaults": []
    },
    "9": {
        "class": "Isotope",
        "ID": 9,
        "element": "X",
        "infexes": [],
        "freedom": 0,
        "max_count": 48,
        "options": [],
        "defaults": []
    },
    "10": {
        "class": "Isotope",
        "ID": 10,
        "element": "X",
        "infexes": [],
        "freedom": 0,
        "max_count": 17,
        "options": [],
        "defaults": []
    },
    "11": {
        "class": "Isotope",
        "ID": 11,
        "element": "X",
        "infexes": [],
        "freedom": 0,
        "max_count": 74,
        "options": [],
        "defaults": []
    },
    "12": {
        "class": "Isotope",
        "ID": 12,
        "element": "X",
        "infexes": [],
        "freedom": 0,
        "max_count": 15,
        "options": [],
        "defaults": []
    },
    "13": {
        "class": "Isotope",
        "ID": 13,
        "element": "X",
        "infexes": [],
        "freedom": 0,
        "max_count": 24,
        "options": [],
        "defaults": []
    },
    "14": {
        "class": "Isotope",
        "ID": 14,
        "element": "X",
        "infexes": [],
        "freedom": 0,
        "max_count": 35,
        "options": [],
        "defaults": []
    },
    "15": {
        "class": "Isotope",
        "ID": 15,
        "element": "X",
        "infexes": [],
        "freedom": 0,
        "max_count": 4,
        "options": [],
        "defaults": []
    },
    "16": {
        "class": "Isotope",
        "ID": 16,
        "element": "X",
        "infexes": [],
        "freedom": 0,
        "max_count": 104,
        "options": [],
        "defaults": []
    },
    "17": {
        "class": "Isotope",
        "ID": 17,
        "element": "Y",
        "infexes": [],
        "freedom": 0,
        "max_count": 21,
        "options": [],
        "defaults": []
    },
    "18": {
        "class": "Isotope",
        "ID": 18,
        "element": "Y",
        "infexes": [],
        "freedom": 0,
        "max_count": 9,
        "options": [],
        "defaults": []
    },
    "19": {
        "class": "Isotope",
        "ID": 19,
        "element": "Y",
        "infexes": [],
        "freedom": 0,
        "max_count": 69,
        "options": [],
        "defaults": []
    },
    "20": {
        "class": "Isotope",
        "ID": 20,
        "element": "Y",
        "infexes": [],
        "freedom": 0,
        "max_count": 17,
        "options": [],
        "defaults": []
    },
    "21": {
        "class": "Isotope",
        "ID": 21,
        "element": "Y",
        "infexes": [],
        "freedom": 0,
        "max_count": 50,
        "options": [],
        "defaults": []
    },
    "22": {
        "class": "Isotope",
        "ID": 22,
        "element": "Y",
        "infexes": [],
        "freedom": 0,
        "max_count": 5,
        "options": [],
        "defaults": []
    },
    "23": {
        "class": "Isotope",
        "ID": 23,
        "element": "Y",
        "infexes": [],
        "freedom": 0,
        "max_count": 11,
        "options": [],
        "defaults": []
    },
    "24": {
        "class": "Isotope",
        "ID": 24,
        "element": "Y",
        "infexes": [],
        "freedom": 0,
        "max_count": 21,
        "options": [],
        "defaults": []
    },
    "25": {
        "class": "Isotope",
        "ID": 25,
        "element": "Y",
        "infexes": [],
        "freedom": 0,
        "max_count": 3,
        "options": [],
        "defaults": []
    },
    "26": {
        "class": "Isotope",
        "ID": 26,
        "element": "Y",
        "infexes": [],
        "freedom": 0,
        "max_count": 23,
        "options": [],
        "defaults": []
    },
    "27": {
        "class": "Isotope",
        "ID": 27,
        "element": "Y",
        "infexes": [],
        "freedom": 0,
        "max_count": 3,
        "options": [],
        "defaults": []
    },
    "28": {
        "class": "Isotope",
        "ID": 28,
        "element": "Y",
        "infexes": [],
        "freedom": 0,
        "max_count": 6,
        "options": [],
        "defaults": []
    },
    "29": {
        "class": "Isotope",
        "ID": 29,
        "element": "Y",
        "infexes": [],
        "freedom": 0,
        "max_count": 43,
        "options": [],
        "defaults": []
    },
    "30": {
        "class": "Isotope",
        "ID": 30,
        "element": "Y",
        "infexes": [],
        "freedom": 0,
        "max_count": 6,
        "options": [],
        "defaults": []
    },
    "31": {
        "class": "Isotope",
        "ID": 31,
        "element": "Y",
        "infexes": [],
        "freedom": 0,
        "max_count": 12,
        "options": [],
        "defaults": []
    },
    "32": {
        "class": "Isotope",
        "ID": 32,
        "element": "SPIN",
        "infexes": [],
        "freedom": 0.16248573082878087,
        "max_count": 40,
        "options": [
            [
                11,
                25,
                27
            ],
            [
                25,
                13,
                104
            ]
        ],
        "defaults": [
            [
                11,
                25,
                27
            ]
        ]
    },
    "33": {
        "class": "Isotope",
        "ID": 33,
        "element": "SPIN",
        "infexes": [],
        "freedom": 0.5729741578987535,
        "max_count": 6,
        "options": [
            [
                34,
                47,
                16
            ],
            [
                10,
                80,
                66
            ]
        ],
        "defaults": [
            [
                10,
                80,
                66
            ]
        ]
    },
    "34": {
        "class": "Isotope",
        "ID": 34,
        "element": "POW",
        "infexes": [],
        "freedom": 0.047379909466281844,
        "max_count": 41,
        "options": [
            [
                35
            ],
            [
                10
            ]
        ],
        "defaults": [
            [
                10
            ]
        ]
    },
    "35": {
        "class": "Isotope",
        "ID": 35,
        "element": "SIGMOID",
        "infexes": [],
        "freedom": 0.7836232870609826,
        "max_count": 4,
        "options": [
            [
                37
            ],
            [
                14
            ]
        ],
        "defaults": [
            [
                14
            ]
        ]
    },
    "36": {
        "class": "Isotope",
        "ID": 36,
        "element": "SPIN",
        "infexes": [],
        "freedom": 0.16850185240210938,
        "max_count": 4,
        "options": [
            [
                47,
                103,
                41
            ],
            [
                12,
                63,
                38
            ],
            [
                15,
                16,
                26
            ]
        ],
        "defaults": [
            [
                15,
                16,
                26
            ]
        ]
    },
    "37": {
        "class": "Isotope",
        "ID": 37,
        "element": "SPIN",
        "infexes": [],
        "freedom": 0.26590607914400555,
        "max_count": 23,
        "options": [
            [
                44,
                91,
                29
            ],
            [
                61,
                42,
                99
            ],
            [
                12,
                22,
                112
            ]
        ],
        "defaults": [
            [
                12,
                22,
                112
            ]
        ]
    },
    "38": {
        "class": "Isotope",
        "ID": 38,
        "element": "AMEAN",
        "infexes": [
            4,
            34
        ],
        "freedom": 0.46726306525021943,
        "max_count": 61,
        "options": [
            [
                37,
                107,
                58,
                88,
                72,
                75,
                22,
                65,
                89,
                14,
                8,
                93,
                96,
                36,
                72,
                8,
                21,
                32,
                76,
                112,
                93,
                40,
                35,
                36,
                89,
                15,
                13,
                24,
                100,
                57,
                51,
                33,
                60,
                10
            ],
            [
                8,
                18,
                21,
                16,
                66,
                14,
                60,
                27,
                30,
                22,
                12,
                25,
                26,
                110,
                10,
                74,
                13,
                13,
                12,
                110,
                28,
                12,
                57,
                64,
                22,
                26,
                60,
                11
            ]
        ],
        "defaults": [
            [
                8,
                18,
                21,
                16,
                66,
                14,
                60,
                27,
                30,
                22,
                12,
                25,
                26,
                110,
                10,
                74,
                13,
                13,
                12,
                110,
                28,
                12,
                57,
                64,
                22,
                26,
                60,
                11
            ]
        ]
    },
    "39": {
        "class": "Isotope",
        "ID": 39,
        "element": "ARCFAN",
        "infexes": [],
        "freedom": 0.12452154302518167,
        "max_count": 52,
        "options": [
            [
                35,
                79
            ],
            [
                11,
                11
            ]
        ],
        "defaults": [
            [
                11,
                11
            ]
        ]
    },
    "40": {
        "class": "Isotope",
        "ID": 40,
        "element": "SPIN",
        "infexes": [],
        "freedom": 0.4004997440618158,
        "max_count": 60,
        "options": [
            [
                78,
                13,
                105
            ],
            [
                10,
                27,
                21
            ]
        ],
        "defaults": [
            [
                10,
                27,
                21
            ]
        ]
    },
    "41": {
        "class": "Isotope",
        "ID": 41,
        "element": "POW",
        "infexes": [],
        "freedom": 0.39263638128505834,
        "max_count": 4,
        "options": [
            [
                46
            ],
            [
                47
            ]
        ],
        "defaults": [
            [
                47
            ]
        ]
    },
    "42": {
        "class": "Isotope",
        "ID": 42,
        "element": "POWER",
        "infexes": [],
        "freedom": 0.21969422689807347,
        "max_count": 14,
        "options": [
            [
                15,
                40
            ],
            [
                50,
                13
            ],
            [
                43,
                95
            ],
            [
                15,
                19
            ]
        ],
        "defaults": [
            [
                15,
                19
            ]
        ]
    },
    "43": {
        "class": "Isotope",
        "ID": 43,
        "element": "POW",
        "infexes": [],
        "freedom": 0.010992599833543575,
        "max_count": 35,
        "options": [
            [
                47
            ],
            [
                36
            ]
        ],
        "defaults": [
            [
                47
            ]
        ]
    },
    "44": {
        "class": "Isotope",
        "ID": 44,
        "element": "POW",
        "infexes": [],
        "freedom": 0.048359852583003585,
        "max_count": 29,
        "options": [
            [
                8
            ],
            [
                44
            ],
            [
                16
            ],
            [
                40
            ],
            [
                42
            ],
            [
                33
            ],
            [
                9
            ],
            [
                13
            ],
            [
                45
            ],
            [
                13
            ],
            [
                46
            ],
            [
                34
            ],
            [
                15
            ]
        ],
        "defaults": [
            [
                13
            ]
        ]
    },
    "45": {
        "class": "Isotope",
        "ID": 45,
        "element": "SPIN",
        "infexes": [],
        "freedom": 0.47752312469596747,
        "max_count": 33,
        "options": [
            [
                9,
                30,
                20
            ],
            [
                44,
                24,
                32
            ]
        ],
        "defaults": [
            [
                9,
                30,
                20
            ]
        ]
    },
    "46": {
        "class": "Isotope",
        "ID": 46,
        "element": "ARCFAN",
        "infexes": [],
        "freedom": 0.17227313558186555,
        "max_count": 29,
        "options": [
            [
                9,
                8
            ],
            [
                39,
                81
            ]
        ],
        "defaults": [
            [
                9,
                8
            ]
        ]
    },
    "47": {
        "class": "Isotope",
        "ID": 47,
        "element": "SPIN",
        "infexes": [],
        "freedom": 0,
        "max_count": 8,
        "options": [
            [
                27,
                59,
                13
            ]
        ],
        "defaults": [
            [
                27,
                59,
                13
            ]
        ]
    },
    "48": {
        "class": "Isotope",
        "ID": 48,
        "element": "SPIN",
        "infexes": [],
        "freedom": 0.2741607624759145,
        "max_count": 8,
        "options": [
            [
                57,
                17,
                112
            ],
            [
                36,
                51,
                31
            ]
        ],
        "defaults": [
            [
                57,
                17,
                112
            ]
        ]
    },
    "49": {
        "class": "Isotope",
        "ID": 49,
        "element": "SPIN",
        "infexes": [],
        "freedom": 0.11313380326210724,
        "max_count": 3,
        "options": [
            [
                71,
                106,
                27
            ],
            [
                19,
                11,
                110
            ],
            [
                35,
                82,
                19
            ],
            [
                41,
                44,
                20
            ]
        ],
        "defaults": [
            [
                19,
                11,
                110
            ]
        ]
    },
    "50": {
        "class": "Isotope",
        "ID": 50,
        "element": "SPIN",
        "infexes": [],
        "freedom": 0.3095075288857768,
        "max_count": 5,
        "options": [
            [
                98,
                19,
                26
            ],
            [
                58,
                85,
                64
            ],
            [
                90,
                23,
                28
            ],
            [
                112,
                44,
                21
            ],
            [
                62,
                22,
                11
            ],
            [
                77,
                56,
                20
            ],
            [
                52,
                55,
                54
            ],
            [
                93,
                43,
                24
            ],
            [
                19,
                14,
                57
            ],
            [
                101,
                24,
                103
            ],
            [
                36,
                31,
                52
            ],
            [
                13,
                109,
                31
            ],
            [
                27,
                66,
                54
            ],
            [
                33,
                58,
                49
            ],
            [
                109,
                24,
                28
            ],
            [
                58,
                44,
                53
            ],
            [
                103,
                104,
                19
            ],
            [
                111,
                51,
                68
            ],
            [
                8,
                56,
                34
            ],
            [
                55,
                73,
                103
            ]
        ],
        "defaults": [
            [
                19,
                14,
                57
            ]
        ]
    },
    "51": {
        "class": "Isotope",
        "ID": 51,
        "element": "ARCFAN",
        "infexes": [],
        "freedom": 0.7036775522890661,
        "max_count": 45,
        "options": [
            [
                19,
                36
            ],
            [
                18,
                21
            ]
        ],
        "defaults": [
            [
                18,
                21
            ]
        ]
    },
    "52": {
        "class": "Isotope",
        "ID": 52,
        "element": "ARCFAN",
        "infexes": [],
        "freedom": 0.4059023848012612,
        "max_count": 11,
        "options": [
            [
                21,
                102
            ],
            [
                27,
                45
            ],
            [
                31,
                14
            ]
        ],
        "defaults": [
            [
                31,
                14
            ]
        ]
    },
    "53": {
        "class": "Isotope",
        "ID": 53,
        "element": "SPIN",
        "infexes": [],
        "freedom": 0.13710040200465998,
        "max_count": 27,
        "options": [
            [
                21,
                11,
                43
            ],
            [
                23,
                15,
                28
            ]
        ],
        "defaults": [
            [
                23,
                15,
                28
            ]
        ]
    },
    "54": {
        "class": "Isotope",
        "ID": 54,
        "element": "AMEAN",
        "infexes": [
            2,
            3
        ],
        "freedom": 0.3162563897969298,
        "max_count": 23,
        "options": [
            [
                27,
                20
            ],
            [
                9,
                59,
                56
            ]
        ],
        "defaults": [
            [
                27,
                20
            ]
        ]
    },
    "55": {
        "class": "Isotope",
        "ID": 55,
        "element": "SPIN",
        "infexes": [],
        "freedom": 0.12631926761990697,
        "max_count": 9,
        "options": [
            [
                84,
                87,
                30
            ],
            [
                31,
                18,
                21
            ],
            [
                14,
                48,
                57
            ]
        ],
        "defaults": [
            [
                31,
                18,
                21
            ]
        ]
    },
    "56": {
        "class": "Isotope",
        "ID": 56,
        "element": "POWER",
        "infexes": [],
        "freedom": 0.23752426542277758,
        "max_count": 42,
        "options": [
            [
                30,
                48
            ],
            [
                31,
                11
            ]
        ],
        "defaults": [
            [
                31,
                11
            ]
        ]
    },
    "57": {
        "class": "Isotope",
        "ID": 57,
        "element": "POWER",
        "infexes": [],
        "freedom": 0,
        "max_count": 7,
        "options": [
            [
                30,
                19
            ]
        ],
        "defaults": [
            [
                30,
                19
            ]
        ]
    },
    "58": {
        "class": "Isotope",
        "ID": 58,
        "element": "SPIN",
        "infexes": [],
        "freedom": 0.30355027599315043,
        "max_count": 32,
        "options": [
            [
                49,
                41,
                101
            ],
            [
                28,
                47,
                23
            ]
        ],
        "defaults": [
            [
                28,
                47,
                23
            ]
        ]
    },
    "59": {
        "class": "Isotope",
        "ID": 59,
        "element": "SPIN",
        "infexes": [],
        "freedom": 0.30578891631608085,
        "max_count": 13,
        "options": [
            [
                15,
                10,
                24
            ],
            [
                19,
                15,
                11
            ]
        ],
        "defaults": [
            [
                15,
                10,
                24
            ],
            [
                19,
                15,
                11
            ]
        ]
    },
    "60": {
        "class": "Isotope",
        "ID": 60,
        "element": "ARCFAN",
        "infexes": [],
        "freedom": 0,
        "max_count": 37,
        "options": [
            [
                47,
                57
            ]
        ],
        "defaults": [
            [
                47,
                57
            ]
        ]
    },
    "61": {
        "class": "Isotope",
        "ID": 61,
        "element": "IT",
        "infexes": [],
        "freedom": 0.2668826537595442,
        "max_count": 19,
        "options": [
            [
                11,
                27,
                16,
                12,
                12
            ],
            [
                60,
                83,
                16,
                58,
                26
            ]
        ],
        "defaults": [
            [
                11,
                27,
                16,
                12,
                12
            ]
        ]
    },
    "62": {
        "class": "Isotope",
        "ID": 62,
        "element": "SPIN",
        "infexes": [],
        "freedom": 0.2431307316684275,
        "max_count": 19,
        "options": [
            [
                48,
                15,
                32
            ],
            [
                16,
                21,
                60
            ]
        ],
        "defaults": [
            [
                16,
                21,
                60
            ]
        ]
    },
    "63": {
        "class": "Isotope",
        "ID": 63,
        "element": "SPIN",
        "infexes": [],
        "freedom": 0.5739383224891237,
        "max_count": 9,
        "options": [
            [
                14,
                23,
                12
            ],
            [
                21,
                11,
                36
            ],
            [
                87,
                21,
                10
            ]
        ],
        "defaults": [
            [
                14,
                23,
                12
            ]
        ]
    },
    "64": {
        "class": "Isotope",
        "ID": 64,
        "element": "SPIN",
        "infexes": [],
        "freedom": 0,
        "max_count": 39,
        "options": [
            [
                8,
                15,
                25
            ]
        ],
        "defaults": [
            [
                8,
                15,
                25
            ]
        ]
    },
    "65": {
        "class": "Isotope",
        "ID": 65,
        "element": "POWER",
        "infexes": [],
        "freedom": 0.36810476481767684,
        "max_count": 21,
        "options": [
            [
                41,
                49
            ],
            [
                13,
                18
            ]
        ],
        "defaults": [
            [
                13,
                18
            ]
        ]
    },
    "66": {
        "class": "Isotope",
        "ID": 66,
        "element": "SPIN",
        "infexes": [],
        "freedom": 0,
        "max_count": 41,
        "options": [
            [
                8,
                20,
                13
            ]
        ],
        "defaults": [
            [
                8,
                20,
                13
            ]
        ]
    },
    "67": {
        "class": "Isotope",
        "ID": 67,
        "element": "POWER",
        "infexes": [],
        "freedom": 0.2509158835371496,
        "max_count": 5,
        "options": [
            [
                10,
                27
            ],
            [
                18,
                42
            ]
        ],
        "defaults": [
            [
                10,
                27
            ]
        ]
    },
    "68": {
        "class": "Isotope",
        "ID": 68,
        "element": "IT",
        "infexes": [],
        "freedom": 0.5561888102575252,
        "max_count": 10,
        "options": [
            [
                29,
                97,
                13,
                92,
                108
            ],
            [
                52,
                113,
                39,
                63,
                21
            ],
            [
                63,
                8,
                89,
                54,
                25
            ],
            [
                13,
                27,
                57,
                14,
                23
            ],
            [
                92,
                52,
                47,
                38,
                30
            ],
            [
                28,
                54,
                33,
                108,
                18
            ],
            [
                54,
                54,
                40,
                100,
                30
            ],
            [
                46,
                22,
                17,
                25,
                84
            ],
            [
                36,
                28,
                34,
                58,
                108
            ],
            [
                33,
                29,
                10,
                65,
                45
            ]
        ],
        "defaults": [
            [
                13,
                27,
                57,
                14,
                23
            ]
        ]
    },
    "69": {
        "class": "Isotope",
        "ID": 69,
        "element": "ARCFAN",
        "infexes": [],
        "freedom": 0.6773935802031009,
        "max_count": 46,
        "options": [
            [
                34,
                28
            ],
            [
                13,
                24
            ],
            [
                15,
                19
            ],
            [
                9,
                57
            ]
        ],
        "defaults": [
            [
                15,
                19
            ]
        ]
    },
    "70": {
        "class": "Isotope",
        "ID": 70,
        "element": "MINX",
        "infexes": [
            2,
            2
        ],
        "freedom": 0.28209936736393776,
        "max_count": 71,
        "options": [
            [
                29,
                45
            ],
            [
                26,
                9
            ],
            [
                12,
                22
            ]
        ],
        "defaults": [
            [
                12,
                22
            ]
        ]
    },
    "71": {
        "class": "Isotope",
        "ID": 71,
        "element": "POWER",
        "infexes": [],
        "freedom": 0.31338455861333964,
        "max_count": 41,
        "options": [
            [
                15,
                25
            ],
            [
                35,
                18
            ]
        ],
        "defaults": [
            [
                15,
                25
            ]
        ]
    },
    "72": {
        "class": "Isotope",
        "ID": 72,
        "element": "GMEAN",
        "infexes": [
            3,
            3
        ],
        "freedom": 0.4266432289030821,
        "max_count": 5,
        "options": [
            [
                13,
                18,
                27
            ],
            [
                31,
                42,
                9
            ]
        ],
        "defaults": [
            [
                13,
                18,
                27
            ]
        ]
    },
    "73": {
        "class": "Isotope",
        "ID": 73,
        "element": "SPIN",
        "infexes": [],
        "freedom": 0.4506182442195771,
        "max_count": 37,
        "options": [
            [
                30,
                36,
                44
            ],
            [
                15,
                17,
                29
            ]
        ],
        "defaults": [
            [
                15,
                17,
                29
            ]
        ]
    },
    "74": {
        "class": "Isotope",
        "ID": 74,
        "element": "POWER",
        "infexes": [],
        "freedom": 0,
        "max_count": 25,
        "options": [
            [
                14,
                21
            ]
        ],
        "defaults": [
            [
                14,
                21
            ]
        ]
    },
    "75": {
        "class": "Isotope",
        "ID": 75,
        "element": "MINX",
        "infexes": [
            2,
            6
        ],
        "freedom": 0.12248409632018753,
        "max_count": 10,
        "options": [
            [
                26,
                44,
                11,
                29,
                102,
                28
            ],
            [
                14,
                19,
                12
            ]
        ],
        "defaults": [
            [
                14,
                19,
                12
            ]
        ]
    },
    "76": {
        "class": "Isotope",
        "ID": 76,
        "element": "SPIN",
        "infexes": [],
        "freedom": 0.12151528739026625,
        "max_count": 2,
        "options": [
            [
                12,
                18,
                48
            ],
            [
                14,
                25,
                80
            ]
        ],
        "defaults": [
            [
                14,
                25,
                80
            ]
        ]
    },
    "77": {
        "class": "Isotope",
        "ID": 77,
        "element": "ARCFAN",
        "infexes": [],
        "freedom": 0.08007813741837727,
        "max_count": 3,
        "options": [
            [
                10,
                28
            ],
            [
                54,
                40
            ]
        ],
        "defaults": [
            [
                10,
                28
            ]
        ]
    },
    "78": {
        "class": "Isotope",
        "ID": 78,
        "element": "SPIN",
        "infexes": [],
        "freedom": 0.3120553225493695,
        "max_count": 5,
        "options": [
            [
                53,
                47,
                98
            ],
            [
                11,
                31,
                10
            ]
        ],
        "defaults": [
            [
                11,
                31,
                10
            ]
        ]
    },
    "79": {
        "class": "Isotope",
        "ID": 79,
        "element": "ARCFAN",
        "infexes": [],
        "freedom": 0.25606376782870555,
        "max_count": 36,
        "options": [
            [
                14,
                18
            ],
            [
                51,
                9
            ]
        ],
        "defaults": [
            [
                14,
                18
            ]
        ]
    },
    "80": {
        "class": "Isotope",
        "ID": 80,
        "element": "ARCFAN",
        "infexes": [],
        "freedom": 0,
        "max_count": 39,
        "options": [
            [
                8,
                30
            ]
        ],
        "defaults": [
            [
                8,
                30
            ]
        ]
    },
    "81": {
        "class": "Isotope",
        "ID": 81,
        "element": "ARCFAN",
        "infexes": [],
        "freedom": 0.3567273751139173,
        "max_count": 48,
        "options": [
            [
                32,
                51
            ],
            [
                13,
                28
            ]
        ],
        "defaults": [
            [
                13,
                28
            ]
        ]
    },
    "82": {
        "class": "Isotope",
        "ID": 82,
        "element": "SPIN",
        "infexes": [],
        "freedom": 0.6881278129966558,
        "max_count": 16,
        "options": [
            [
                11,
                19,
                60
            ],
            [
                23,
                34,
                51
            ]
        ],
        "defaults": [
            [
                11,
                19,
                60
            ]
        ]
    },
    "83": {
        "class": "Isotope",
        "ID": 83,
        "element": "SPIN",
        "infexes": [],
        "freedom": 0.18282952391377047,
        "max_count": 16,
        "options": [
            [
                14,
                31,
                29
            ],
            [
                33,
                109,
                29
            ]
        ],
        "defaults": [
            [
                14,
                31,
                29
            ]
        ]
    },
    "84": {
        "class": "Isotope",
        "ID": 84,
        "element": "POWER",
        "infexes": [],
        "freedom": 0.13102624340715896,
        "max_count": 37,
        "options": [
            [
                29,
                44
            ],
            [
                16,
                24
            ]
        ],
        "defaults": [
            [
                16,
                24
            ]
        ]
    },
    "85": {
        "class": "Isotope",
        "ID": 85,
        "element": "SPIN",
        "infexes": [],
        "freedom": 0.2989014824511471,
        "max_count": 27,
        "options": [
            [
                12,
                28,
                64
            ],
            [
                25,
                94,
                10
            ]
        ],
        "defaults": [
            [
                12,
                28,
                64
            ]
        ]
    },
    "86": {
        "class": "Isotope",
        "ID": 86,
        "element": "SPIN",
        "infexes": [],
        "freedom": 0.4080354923498738,
        "max_count": 23,
        "options": [
            [
                45,
                17,
                104
            ],
            [
                15,
                27,
                22
            ]
        ],
        "defaults": [
            [
                15,
                27,
                22
            ]
        ]
    },
    "87": {
        "class": "Isotope",
        "ID": 87,
        "element": "SPIN",
        "infexes": [],
        "freedom": 0.14527655185090751,
        "max_count": 5,
        "options": [
            [
                19,
                90,
                42
            ],
            [
                14,
                24,
                19
            ]
        ],
        "defaults": [
            [
                14,
                24,
                19
            ]
        ]
    },
    "88": {
        "class": "Isotope",
        "ID": 88,
        "element": "SPIN",
        "infexes": [],
        "freedom": 0.23053963098934457,
        "max_count": 58,
        "options": [
            [
                106,
                49,
                34
            ],
            [
                8,
                19,
                8
            ]
        ],
        "defaults": [
            [
                8,
                19,
                8
            ]
        ]
    },
    "89": {
        "class": "Isotope",
        "ID": 89,
        "element": "SPIN",
        "infexes": [],
        "freedom": 0.11873517168265883,
        "max_count": 4,
        "options": [
            [
                41,
                58,
                71
            ],
            [
                63,
                53,
                35
            ],
            [
                13,
                28,
                29
            ]
        ],
        "defaults": [
            [
                13,
                28,
                29
            ]
        ]
    },
    "90": {
        "class": "Isotope",
        "ID": 90,
        "element": "GMEAN",
        "infexes": [
            4,
            5
        ],
        "freedom": 0.5132931396216496,
        "max_count": 3,
        "options": [
            [
                31,
                73,
                90,
                34,
                29
            ],
            [
                16,
                22,
                23,
                26,
                64
            ]
        ],
        "defaults": [
            [
                16,
                22,
                23,
                26,
                64
            ]
        ]
    },
    "91": {
        "class": "Isotope",
        "ID": 91,
        "element": "SPIN",
        "infexes": [],
        "freedom": 0.09384000443897096,
        "max_count": 195,
        "options": [
            [
                12,
                27,
                29
            ],
            [
                28,
                69,
                14
            ],
            [
                77,
                48,
                13
            ],
            [
                46,
                56,
                53
            ],
            [
                55,
                8,
                65
            ],
            [
                107,
                41,
                56
            ],
            [
                86,
                56,
                11
            ],
            [
                43,
                19,
                34
            ]
        ],
        "defaults": [
            [
                12,
                27,
                29
            ]
        ]
    },
    "92": {
        "class": "Isotope",
        "ID": 92,
        "element": "IT",
        "infexes": [],
        "freedom": 0.16387693262885453,
        "max_count": 15,
        "options": [
            [
                11,
                28,
                101,
                15,
                55
            ],
            [
                10,
                23,
                13,
                21,
                10
            ]
        ],
        "defaults": [
            [
                10,
                23,
                13,
                21,
                10
            ]
        ]
    },
    "93": {
        "class": "Isotope",
        "ID": 93,
        "element": "GMEAN",
        "infexes": [
            2,
            4
        ],
        "freedom": 0.340397340831799,
        "max_count": 41,
        "options": [
            [
                9,
                18,
                12,
                27
            ],
            [
                28,
                40,
                100,
                101
            ]
        ],
        "defaults": [
            [
                9,
                18,
                12,
                27
            ]
        ]
    },
    "94": {
        "class": "Isotope",
        "ID": 94,
        "element": "SPIN",
        "infexes": [],
        "freedom": 0.36522933798415347,
        "max_count": 1,
        "options": [
            [
                9,
                21,
                47
            ],
            [
                32,
                14,
                52
            ],
            [
                26,
                9,
                9
            ]
        ],
        "defaults": [
            [
                9,
                21,
                47
            ]
        ]
    },
    "95": {
        "class": "Isotope",
        "ID": 95,
        "element": "SPIN",
        "infexes": [],
        "freedom": 0.22171531807659658,
        "max_count": 1,
        "options": [
            [
                47,
                27,
                8
            ],
            [
                83,
                46,
                21
            ]
        ],
        "defaults": [
            [
                47,
                27,
                8
            ]
        ]
    },
    "96": {
        "class": "Isotope",
        "ID": 96,
        "element": "SPIN",
        "infexes": [],
        "freedom": 0.41851742426401517,
        "max_count": 3,
        "options": [
            [
                12,
                56,
                73
            ],
            [
                39,
                95,
                54
            ],
            [
                52,
                39,
                68
            ],
            [
                47,
                29,
                29
            ],
            [
                28,
                34,
                30
            ],
            [
                42,
                57,
                57
            ]
        ],
        "defaults": [
            [
                47,
                29,
                29
            ]
        ]
    },
    "97": {
        "class": "Isotope",
        "ID": 97,
        "element": "SPIN",
        "infexes": [],
        "freedom": 0.22095688509203415,
        "max_count": 3,
        "options": [
            [
                51,
                43,
                49
            ],
            [
                29,
                47,
                38
            ],
            [
                76,
                8,
                17
            ],
            [
                20,
                39,
                8
            ],
            [
                12,
                46,
                23
            ],
            [
                20,
                12,
                30
            ],
            [
                93,
                35,
                57
            ],
            [
                10,
                28,
                87
            ],
            [
                31,
                34,
                110
            ],
            [
                32,
                72,
                52
            ],
            [
                47,
                24,
                51
            ],
            [
                57,
                15,
                84
            ],
            [
                38,
                30,
                75
            ],
            [
                15,
                28,
                25
            ],
            [
                49,
                43,
                99
            ],
            [
                50,
                24,
                11
            ],
            [
                43,
                22,
                48
            ],
            [
                49,
                18,
                42
            ],
            [
                65,
                44,
                20
            ],
            [
                70,
                58,
                11
            ]
        ],
        "defaults": [
            [
                15,
                28,
                25
            ]
        ]
    },
    "98": {
        "class": "Isotope",
        "ID": 98,
        "element": "INV",
        "infexes": [],
        "freedom": 0.11024977572317907,
        "max_count": 178,
        "options": [
            [
                82
            ],
            [
                60
            ]
        ],
        "defaults": [
            [
                60
            ]
        ]
    },
    "99": {
        "class": "Isotope",
        "ID": 99,
        "element": "POWER",
        "infexes": [],
        "freedom": 0.311586361036008,
        "max_count": 4,
        "options": [
            [
                109,
                79
            ],
            [
                66,
                64
            ],
            [
                93,
                72
            ]
        ],
        "defaults": [
            [
                66,
                64
            ]
        ]
    },
    "100": {
        "class": "Isotope",
        "ID": 100,
        "element": "SPIN",
        "infexes": [],
        "freedom": 0.2785607756571453,
        "max_count": 18,
        "options": [
            [
                16,
                56,
                95
            ],
            [
                70,
                28,
                89
            ],
            [
                74,
                20,
                10
            ],
            [
                84,
                85,
                29
            ]
        ],
        "defaults": [
            [
                74,
                20,
                10
            ]
        ]
    },
    "101": {
        "class": "Isotope",
        "ID": 101,
        "element": "SIGMOID",
        "infexes": [],
        "freedom": 0.45550316025356985,
        "max_count": 12,
        "options": [
            [
                66
            ],
            [
                89
            ]
        ],
        "defaults": [
            [
                66
            ]
        ]
    },
    "102": {
        "class": "Isotope",
        "ID": 102,
        "element": "RAND",
        "infexes": [],
        "freedom": 0.06744820623397373,
        "max_count": 90,
        "options": [
            [
                74
            ],
            [
                74
            ],
            [
                71
            ]
        ],
        "defaults": [
            [
                74
            ]
        ]
    },
    "103": {
        "class": "Isotope",
        "ID": 103,
        "element": "INV",
        "infexes": [],
        "freedom": 0.5768916271140145,
        "max_count": 12,
        "options": [
            [
                59
            ],
            [
                62
            ]
        ],
        "defaults": [
            [
                59
            ]
        ]
    },
    "104": {
        "class": "Isotope",
        "ID": 104,
        "element": "SPIN",
        "infexes": [],
        "freedom": 0.39094661178273227,
        "max_count": 5,
        "options": [
            [
                67,
                37,
                74
            ],
            [
                110,
                16,
                29
            ]
        ],
        "defaults": [
            [
                110,
                16,
                29
            ]
        ]
    },
    "105": {
        "class": "Isotope",
        "ID": 105,
        "element": "ARCFAN",
        "infexes": [],
        "freedom": 0.17928005922371154,
        "max_count": 14,
        "options": [
            [
                110,
                43
            ],
            [
                10,
                15
            ]
        ],
        "defaults": [
            [
                10,
                15
            ]
        ]
    },
    "106": {
        "class": "Isotope",
        "ID": 106,
        "element": "SIN",
        "infexes": [],
        "freedom": 0.22757853978789344,
        "max_count": 2,
        "options": [
            [
                99
            ],
            [
                20
            ]
        ],
        "defaults": [
            [
                20
            ]
        ]
    },
    "107": {
        "class": "Isotope",
        "ID": 107,
        "element": "SPIN",
        "infexes": [],
        "freedom": 0.5634971914554842,
        "max_count": 28,
        "options": [
            [
                15,
                66,
                16
            ],
            [
                61,
                55,
                97
            ]
        ],
        "defaults": [
            [
                15,
                66,
                16
            ]
        ]
    },
    "108": {
        "class": "Isotope",
        "ID": 108,
        "element": "POW",
        "infexes": [],
        "freedom": 0.4241016832408382,
        "max_count": 24,
        "options": [
            [
                64
            ],
            [
                106
            ],
            [
                99
            ],
            [
                56
            ],
            [
                107
            ],
            [
                30
            ],
            [
                67
            ],
            [
                57
            ],
            [
                90
            ],
            [
                55
            ]
        ],
        "defaults": [
            [
                57
            ]
        ]
    },
    "109": {
        "class": "Isotope",
        "ID": 109,
        "element": "SPIN",
        "infexes": [],
        "freedom": 0.2533555632437642,
        "max_count": 7,
        "options": [
            [
                17,
                21,
                8
            ],
            [
                106,
                18,
                86
            ]
        ],
        "defaults": [
            [
                17,
                21,
                8
            ]
        ]
    },
    "110": {
        "class": "Isotope",
        "ID": 110,
        "element": "POW",
        "infexes": [],
        "freedom": 0,
        "max_count": 31,
        "options": [
            [
                15
            ]
        ],
        "defaults": [
            [
                15
            ]
        ]
    },
    "111": {
        "class": "Isotope",
        "ID": 111,
        "element": "ARCFAN",
        "infexes": [],
        "freedom": 0.09669169432808278,
        "max_count": 26,
        "options": [
            [
                16,
                25
            ],
            [
                72,
                58
            ]
        ],
        "defaults": [
            [
                16,
                25
            ]
        ]
    },
    "112": {
        "class": "Isotope",
        "ID": 112,
        "element": "INV",
        "infexes": [],
        "freedom": 0,
        "max_count": 132,
        "options": [
            [
                66
            ]
        ],
        "defaults": [
            [
                66
            ]
        ]
    },
    "113": {
        "class": "Isotope",
        "ID": 113,
        "element": "SPIN",
        "infexes": [],
        "freedom": 0.30402407149174226,
        "max_count": 26,
        "options": [
            [
                59,
                25,
                29
            ],
            [
                22,
                55,
                103
            ]
        ],
        "defaults": [
            [
                59,
                25,
                29
            ]
        ]
    }
}