{
    "0": {
        "class": "Isotope",
        "ID": 0,
        "element": "ROOT_MAIN",
        "infexes": [],
        "freedom": 0.20540844478613673,
        "max_count": 1,
        "options": [
            [
                15
            ],
            [
                16
            ]
        ],
        "defaults": [
            [
                16
            ]
        ]
    },
    "1": {
        "class": "Isotope",
        "ID": 1,
        "element": "ROOT_HUE",
        "infexes": [],
        "freedom": 0.17562668820938976,
        "max_count": 1,
        "options": [
            [
                16
            ],
            [
                15
            ]
        ],
        "defaults": [
            [
                16
            ]
        ]
    },
    "2": {
        "class": "Isotope",
        "ID": 2,
        "element": "ROOT_SAT",
        "infexes": [],
        "freedom": 0.253770339633356,
        "max_count": 1,
        "options": [
            [
                14
            ],
            [
                16
            ]
        ],
        "defaults": [
            [
                16
            ]
        ]
    },
    "3": {
        "class": "Isotope",
        "ID": 3,
        "element": "ROOT_VAL",
        "infexes": [],
        "freedom": 0.5241285314396555,
        "max_count": 1,
        "options": [
            [
                16
            ],
            [
                14
            ]
        ],
        "defaults": [
            [
                16
            ]
        ]
    },
    "4": {
        "class": "Isotope",
        "ID": 4,
        "element": "ROOT_PAL",
        "infexes": [],
        "freedom": 0.27139696516784806,
        "max_count": 1,
        "options": [
            [
                16
            ],
            [
                14
            ]
        ],
        "defaults": [
            [
                16
            ]
        ]
    },
    "5": {
        "class": "Isotope",
        "ID": 5,
        "element": "ROOT_GRAD",
        "infexes": [],
        "freedom": 0.012169202754441777,
        "max_count": 1,
        "options": [
            [
                14
            ],
            [
                14
            ]
        ],
        "defaults": [
            [
                14
            ]
        ]
    },
    "6": {
        "class": "Isotope",
        "ID": 6,
        "element": "X",
        "infexes": [],
        "freedom": 0,
        "max_count": 9,
        "options": [],
        "defaults": []
    },
    "7": {
        "class": "Isotope",
        "ID": 7,
        "element": "X",
        "infexes": [],
        "freedom": 0,
        "max_count": 27,
        "options": [],
        "defaults": []
    },
    "8": {
        "class": "Isotope",
        "ID": 8,
        "element": "Y",
        "infexes": [],
        "freedom": 0,
        "max_count": 18,
        "options": [],
        "defaults": []
    },
    "9": {
        "class": "Isotope",
        "ID": 9,
        "element": "Y",
        "infexes": [],
        "freedom": 0,
        "max_count": 60,
        "options": [],
        "defaults": []
    },
    "10": {
        "class": "Isotope",
        "ID": 10,
        "element": "Y",
        "infexes": [],
        "freedom": 0,
        "max_count": 4,
        "options": [],
        "defaults": []
    },
    "11": {
        "class": "Isotope",
        "ID": 11,
        "element": "Y",
        "infexes": [],
        "freedom": 0,
        "max_count": 14,
        "options": [],
        "defaults": []
    },
    "12": {
        "class": "Isotope",
        "ID": 12,
        "element": "Y",
        "infexes": [],
        "freedom": 0,
        "max_count": 13,
        "options": [],
        "defaults": []
    },
    "13": {
        "class": "Isotope",
        "ID": 13,
        "element": "GMEAN",
        "infexes": [
            3,
            3
        ],
        "freedom": 0.23446710857393727,
        "max_count": 56,
        "options": [
            [
                17,
                11,
                7
            ],
            [
                6,
                12,
                11
            ]
        ],
        "defaults": [
            [
                6,
                12,
                11
            ]
        ]
    },
    "14": {
        "class": "Isotope",
        "ID": 14,
        "element": "MINX",
        "infexes": [
            4,
            4
        ],
        "freedom": 0.3463909863377337,
        "max_count": 12,
        "options": [
            [
                7,
                10,
                6,
                9
            ],
            [
                11,
                12,
                12,
                6
            ]
        ],
        "defaults": [
            [
                7,
                10,
                6,
                9
            ],
            [
                11,
                12,
                12,
                6
            ]
        ]
    },
    "15": {
        "class": "Isotope",
        "ID": 15,
        "element": "SPIN",
        "infexes": [],
        "freedom": 0.5006252832200454,
        "max_count": 39,
        "options": [
            [
                14,
                16,
                8
            ],
            [
                18,
                16,
                13
            ]
        ],
        "defaults": [
            [
                14,
                16,
                8
            ]
        ]
    },
    "16": {
        "class": "Isotope",
        "ID": 16,
        "element": "SPIN",
        "infexes": [],
        "freedom": 0,
        "max_count": 2,
        "options": [
            [
                9,
                14,
                14
            ]
        ],
        "defaults": [
            [
                9,
                14,
                14
            ]
        ]
    },
    "17": {
        "class": "Isotope",
        "ID": 17,
        "element": "SIGMOID",
        "infexes": [],
        "freedom": 0.3241273924579985,
        "max_count": 23,
        "options": [
            [
                17
            ],
            [
                7
            ]
        ],
        "defaults": [
            [
                7
            ]
        ]
    },
    "18": {
        "class": "Isotope",
        "ID": 18,
        "element": "SIN",
        "infexes": [],
        "freedom": 0.580800787914471,
        "max_count": 72,
        "options": [
            [
                17
            ],
            [
                11
            ]
        ],
        "defaults": [
            [
                11
            ]
        ]
    },
    "19": {
        "class": "Isotope",
        "ID": 19,
        "element": "ROOT_TARGET",
        "infexes": [],
        "freedom": 0.24704007724252874,
        "max_count": 1,
        "options": [
            [
                15
            ],
            [
                12
            ]
        ],
        "defaults": []
    },
    "20": {
        "class": "Isotope",
        "ID": 20,
        "element": "ROOT_AIM",
        "infexes": [],
        "freedom": 0.1649712386435508,
        "max_count": 1,
        "options": [
            [
                14
            ],
            [
                13
            ]
        ],
        "defaults": []
    }
}