{
    "0": {
        "class": "Isotope",
        "ID": 0,
        "element": "ROOT_MAIN",
        "infexes": [],
        "freedom": 0.13929749926868312,
        "max_count": 1,
        "options": [
            [
                218
            ],
            [
                222
            ]
        ],
        "defaults": [
            [
                218
            ]
        ]
    },
    "1": {
        "class": "Isotope",
        "ID": 1,
        "element": "ROOT_HUE",
        "infexes": [],
        "freedom": 0.3758064097252338,
        "max_count": 1,
        "options": [
            [
                208
            ],
            [
                206
            ],
            [
                217
            ],
            [
                224
            ],
            [
                213
            ],
            [
                205
            ],
            [
                213
            ],
            [
                219
            ],
            [
                224
            ],
            [
                215
            ],
            [
                203
            ],
            [
                207
            ],
            [
                219
            ],
            [
                204
            ],
            [
                222
            ],
            [
                214
            ],
            [
                210
            ]
        ],
        "defaults": [
            [
                208
            ]
        ]
    },
    "2": {
        "class": "Isotope",
        "ID": 2,
        "element": "ROOT_SAT",
        "infexes": [],
        "freedom": 0.2101724006955371,
        "max_count": 1,
        "options": [
            [
                222
            ],
            [
                203
            ]
        ],
        "defaults": [
            [
                222
            ]
        ]
    },
    "3": {
        "class": "Isotope",
        "ID": 3,
        "element": "ROOT_VAL",
        "infexes": [],
        "freedom": 0.4366869334321743,
        "max_count": 1,
        "options": [
            [
                218
            ],
            [
                208
            ]
        ],
        "defaults": [
            [
                218
            ]
        ]
    },
    "4": {
        "class": "Isotope",
        "ID": 4,
        "element": "ROOT_PAL",
        "infexes": [],
        "freedom": 0.30277267364856025,
        "max_count": 1,
        "options": [
            [
                203
            ],
            [
                225
            ]
        ],
        "defaults": [
            [
                203
            ]
        ]
    },
    "5": {
        "class": "Isotope",
        "ID": 5,
        "element": "ROOT_GRAD",
        "infexes": [],
        "freedom": 0.3141458958402765,
        "max_count": 1,
        "options": [
            [
                224
            ],
            [
                221
            ]
        ],
        "defaults": [
            [
                224
            ]
        ]
    },
    "6": {
        "class": "Isotope",
        "ID": 6,
        "element": "X",
        "infexes": [],
        "freedom": 0,
        "max_count": 7,
        "options": [],
        "defaults": []
    },
    "7": {
        "class": "Isotope",
        "ID": 7,
        "element": "X",
        "infexes": [],
        "freedom": 0,
        "max_count": 25,
        "options": [],
        "defaults": []
    },
    "8": {
        "class": "Isotope",
        "ID": 8,
        "element": "X",
        "infexes": [],
        "freedom": 0,
        "max_count": 87,
        "options": [],
        "defaults": []
    },
    "9": {
        "class": "Isotope",
        "ID": 9,
        "element": "X",
        "infexes": [],
        "freedom": 0,
        "max_count": 3,
        "options": [],
        "defaults": []
    },
    "10": {
        "class": "Isotope",
        "ID": 10,
        "element": "X",
        "infexes": [],
        "freedom": 0,
        "max_count": 35,
        "options": [],
        "defaults": []
    },
    "11": {
        "class": "Isotope",
        "ID": 11,
        "element": "X",
        "infexes": [],
        "freedom": 0,
        "max_count": 53,
        "options": [],
        "defaults": []
    },
    "12": {
        "class": "Isotope",
        "ID": 12,
        "element": "X",
        "infexes": [],
        "freedom": 0,
        "max_count": 47,
        "options": [],
        "defaults": []
    },
    "13": {
        "class": "Isotope",
        "ID": 13,
        "element": "X",
        "infexes": [],
        "freedom": 0,
        "max_count": 64,
        "options": [],
        "defaults": []
    },
    "14": {
        "class": "Isotope",
        "ID": 14,
        "element": "X",
        "infexes": [],
        "freedom": 0,
        "max_count": 3,
        "options": [],
        "defaults": []
    },
    "15": {
        "class": "Isotope",
        "ID": 15,
        "element": "X",
        "infexes": [],
        "freedom": 0,
        "max_count": 77,
        "options": [],
        "defaults": []
    },
    "16": {
        "class": "Isotope",
        "ID": 16,
        "element": "X",
        "infexes": [],
        "freedom": 0,
        "max_count": 53,
        "options": [],
        "defaults": []
    },
    "17": {
        "class": "Isotope",
        "ID": 17,
        "element": "X",
        "infexes": [],
        "freedom": 0,
        "max_count": 31,
        "options": [],
        "defaults": []
    },
    "18": {
        "class": "Isotope",
        "ID": 18,
        "element": "X",
        "infexes": [],
        "freedom": 0,
        "max_count": 33,
        "options": [],
        "defaults": []
    },
    "19": {
        "class": "Isotope",
        "ID": 19,
        "element": "X",
        "infexes": [],
        "freedom": 0,
        "max_count": 19,
        "options": [],
        "defaults": []
    },
    "20": {
        "class": "Isotope",
        "ID": 20,
        "element": "X",
        "infexes": [],
        "freedom": 0,
        "max_count": 4,
        "options": [],
        "defaults": []
    },
    "21": {
        "class": "Isotope",
        "ID": 21,
        "element": "X",
        "infexes": [],
        "freedom": 0,
        "max_count": 25,
        "options": [],
        "defaults": []
    },
    "22": {
        "class": "Isotope",
        "ID": 22,
        "element": "X",
        "infexes": [],
        "freedom": 0,
        "max_count": 5,
        "options": [],
        "defaults": []
    },
    "23": {
        "class": "Isotope",
        "ID": 23,
        "element": "X",
        "infexes": [],
        "freedom": 0,
        "max_count": 60,
        "options": [],
        "defaults": []
    },
    "24": {
        "class": "Isotope",
        "ID": 24,
        "element": "X",
        "infexes": [],
        "freedom": 0,
        "max_count": 6,
        "options": [],
        "defaults": []
    },
    "25": {
        "class": "Isotope",
        "ID": 25,
        "element": "X",
        "infexes": [],
        "freedom": 0,
        "max_count": 20,
        "options": [],
        "defaults": []
    },
    "26": {
        "class": "Isotope",
        "ID": 26,
        "element": "X",
        "infexes": [],
        "freedom": 0,
        "max_count": 68,
        "options": [],
        "defaults": []
    },
    "27": {
        "class": "Isotope",
        "ID": 27,
        "element": "X",
        "infexes": [],
        "freedom": 0,
        "max_count": 31,
        "options": [],
        "defaults": []
    },
    "28": {
        "class": "Isotope",
        "ID": 28,
        "element": "X",
        "infexes": [],
        "freedom": 0,
        "max_count": 11,
        "options": [],
        "defaults": []
    },
    "29": {
        "class": "Isotope",
        "ID": 29,
        "element": "X",
        "infexes": [],
        "freedom": 0,
        "max_count": 29,
        "options": [],
        "defaults": []
    },
    "30": {
        "class": "Isotope",
        "ID": 30,
        "element": "X",
        "infexes": [],
        "freedom": 0,
        "max_count": 9,
        "options": [],
        "defaults": []
    },
    "31": {
        "class": "Isotope",
        "ID": 31,
        "element": "X",
        "infexes": [],
        "freedom": 0,
        "max_count": 9,
        "options": [],
        "defaults": []
    },
    "32": {
        "class": "Isotope",
        "ID": 32,
        "element": "X",
        "infexes": [],
        "freedom": 0,
        "max_count": 62,
        "options": [],
        "defaults": []
    },
    "33": {
        "class": "Isotope",
        "ID": 33,
        "element": "X",
        "infexes": [],
        "freedom": 0,
        "max_count": 5,
        "options": [],
        "defaults": []
    },
    "34": {
        "class": "Isotope",
        "ID": 34,
        "element": "X",
        "infexes": [],
        "freedom": 0,
        "max_count": 55,
        "options": [],
        "defaults": []
    },
    "35": {
        "class": "Isotope",
        "ID": 35,
        "element": "X",
        "infexes": [],
        "freedom": 0,
        "max_count": 7,
        "options": [],
        "defaults": []
    },
    "36": {
        "class": "Isotope",
        "ID": 36,
        "element": "X",
        "infexes": [],
        "freedom": 0,
        "max_count": 34,
        "options": [],
        "defaults": []
    },
    "37": {
        "class": "Isotope",
        "ID": 37,
        "element": "X",
        "infexes": [],
        "freedom": 0,
        "max_count": 8,
        "options": [],
        "defaults": []
    },
    "38": {
        "class": "Isotope",
        "ID": 38,
        "element": "X",
        "infexes": [],
        "freedom": 0,
        "max_count": 26,
        "options": [],
        "defaults": []
    },
    "39": {
        "class": "Isotope",
        "ID": 39,
        "element": "X",
        "infexes": [],
        "freedom": 0,
        "max_count": 8,
        "options": [],
        "defaults": []
    },
    "40": {
        "class": "Isotope",
        "ID": 40,
        "element": "X",
        "infexes": [],
        "freedom": 0,
        "max_count": 96,
        "options": [],
        "defaults": []
    },
    "41": {
        "class": "Isotope",
        "ID": 41,
        "element": "X",
        "infexes": [],
        "freedom": 0,
        "max_count": 7,
        "options": [],
        "defaults": []
    },
    "42": {
        "class": "Isotope",
        "ID": 42,
        "element": "X",
        "infexes": [],
        "freedom": 0,
        "max_count": 60,
        "options": [],
        "defaults": []
    },
    "43": {
        "class": "Isotope",
        "ID": 43,
        "element": "X",
        "infexes": [],
        "freedom": 0,
        "max_count": 20,
        "options": [],
        "defaults": []
    },
    "44": {
        "class": "Isotope",
        "ID": 44,
        "element": "X",
        "infexes": [],
        "freedom": 0,
        "max_count": 32,
        "options": [],
        "defaults": []
    },
    "45": {
        "class": "Isotope",
        "ID": 45,
        "element": "X",
        "infexes": [],
        "freedom": 0,
        "max_count": 10,
        "options": [],
        "defaults": []
    },
    "46": {
        "class": "Isotope",
        "ID": 46,
        "element": "X",
        "infexes": [],
        "freedom": 0,
        "max_count": 36,
        "options": [],
        "defaults": []
    },
    "47": {
        "class": "Isotope",
        "ID": 47,
        "element": "X",
        "infexes": [],
        "freedom": 0,
        "max_count": 72,
        "options": [],
        "defaults": []
    },
    "48": {
        "class": "Isotope",
        "ID": 48,
        "element": "X",
        "infexes": [],
        "freedom": 0,
        "max_count": 56,
        "options": [],
        "defaults": []
    },
    "49": {
        "class": "Isotope",
        "ID": 49,
        "element": "X",
        "infexes": [],
        "freedom": 0,
        "max_count": 22,
        "options": [],
        "defaults": []
    },
    "50": {
        "class": "Isotope",
        "ID": 50,
        "element": "X",
        "infexes": [],
        "freedom": 0,
        "max_count": 5,
        "options": [],
        "defaults": []
    },
    "51": {
        "class": "Isotope",
        "ID": 51,
        "element": "X",
        "infexes": [],
        "freedom": 0,
        "max_count": 15,
        "options": [],
        "defaults": []
    },
    "52": {
        "class": "Isotope",
        "ID": 52,
        "element": "X",
        "infexes": [],
        "freedom": 0,
        "max_count": 23,
        "options": [],
        "defaults": []
    },
    "53": {
        "class": "Isotope",
        "ID": 53,
        "element": "X",
        "infexes": [],
        "freedom": 0,
        "max_count": 1,
        "options": [],
        "defaults": []
    },
    "54": {
        "class": "Isotope",
        "ID": 54,
        "element": "X",
        "infexes": [],
        "freedom": 0,
        "max_count": 9,
        "options": [],
        "defaults": []
    },
    "55": {
        "class": "Isotope",
        "ID": 55,
        "element": "X",
        "infexes": [],
        "freedom": 0,
        "max_count": 41,
        "options": [],
        "defaults": []
    },
    "56": {
        "class": "Isotope",
        "ID": 56,
        "element": "X",
        "infexes": [],
        "freedom": 0,
        "max_count": 57,
        "options": [],
        "defaults": []
    },
    "57": {
        "class": "Isotope",
        "ID": 57,
        "element": "X",
        "infexes": [],
        "freedom": 0,
        "max_count": 68,
        "options": [],
        "defaults": []
    },
    "58": {
        "class": "Isotope",
        "ID": 58,
        "element": "X",
        "infexes": [],
        "freedom": 0,
        "max_count": 2,
        "options": [],
        "defaults": []
    },
    "59": {
        "class": "Isotope",
        "ID": 59,
        "element": "X",
        "infexes": [],
        "freedom": 0,
        "max_count": 22,
        "options": [],
        "defaults": []
    },
    "60": {
        "class": "Isotope",
        "ID": 60,
        "element": "X",
        "infexes": [],
        "freedom": 0,
        "max_count": 8,
        "options": [],
        "defaults": []
    },
    "61": {
        "class": "Isotope",
        "ID": 61,
        "element": "X",
        "infexes": [],
        "freedom": 0,
        "max_count": 91,
        "options": [],
        "defaults": []
    },
    "62": {
        "class": "Isotope",
        "ID": 62,
        "element": "X",
        "infexes": [],
        "freedom": 0,
        "max_count": 37,
        "options": [],
        "defaults": []
    },
    "63": {
        "class": "Isotope",
        "ID": 63,
        "element": "X",
        "infexes": [],
        "freedom": 0,
        "max_count": 14,
        "options": [],
        "defaults": []
    },
    "64": {
        "class": "Isotope",
        "ID": 64,
        "element": "X",
        "infexes": [],
        "freedom": 0,
        "max_count": 7,
        "options": [],
        "defaults": []
    },
    "65": {
        "class": "Isotope",
        "ID": 65,
        "element": "X",
        "infexes": [],
        "freedom": 0,
        "max_count": 2,
        "options": [],
        "defaults": []
    },
    "66": {
        "class": "Isotope",
        "ID": 66,
        "element": "X",
        "infexes": [],
        "freedom": 0,
        "max_count": 55,
        "options": [],
        "defaults": []
    },
    "67": {
        "class": "Isotope",
        "ID": 67,
        "element": "X",
        "infexes": [],
        "freedom": 0,
        "max_count": 87,
        "options": [],
        "defaults": []
    },
    "68": {
        "class": "Isotope",
        "ID": 68,
        "element": "X",
        "infexes": [],
        "freedom": 0,
        "max_count": 14,
        "options": [],
        "defaults": []
    },
    "69": {
        "class": "Isotope",
        "ID": 69,
        "element": "X",
        "infexes": [],
        "freedom": 0,
        "max_count": 141,
        "options": [],
        "defaults": []
    },
    "70": {
        "class": "Isotope",
        "ID": 70,
        "element": "X",
        "infexes": [],
        "freedom": 0,
        "max_count": 7,
        "options": [],
        "defaults": []
    },
    "71": {
        "class": "Isotope",
        "ID": 71,
        "element": "X",
        "infexes": [],
        "freedom": 0,
        "max_count": 6,
        "options": [],
        "defaults": []
    },
    "72": {
        "class": "Isotope",
        "ID": 72,
        "element": "X",
        "infexes": [],
        "freedom": 0,
        "max_count": 1,
        "options": [],
        "defaults": []
    },
    "73": {
        "class": "Isotope",
        "ID": 73,
        "element": "X",
        "infexes": [],
        "freedom": 0,
        "max_count": 27,
        "options": [],
        "defaults": []
    },
    "74": {
        "class": "Isotope",
        "ID": 74,
        "element": "X",
        "infexes": [],
        "freedom": 0,
        "max_count": 10,
        "options": [],
        "defaults": []
    },
    "75": {
        "class": "Isotope",
        "ID": 75,
        "element": "X",
        "infexes": [],
        "freedom": 0,
        "max_count": 35,
        "options": [],
        "defaults": []
    },
    "76": {
        "class": "Isotope",
        "ID": 76,
        "element": "X",
        "infexes": [],
        "freedom": 0,
        "max_count": 22,
        "options": [],
        "defaults": []
    },
    "77": {
        "class": "Isotope",
        "ID": 77,
        "element": "X",
        "infexes": [],
        "freedom": 0,
        "max_count": 1,
        "options": [],
        "defaults": []
    },
    "78": {
        "class": "Isotope",
        "ID": 78,
        "element": "X",
        "infexes": [],
        "freedom": 0,
        "max_count": 33,
        "options": [],
        "defaults": []
    },
    "79": {
        "class": "Isotope",
        "ID": 79,
        "element": "X",
        "infexes": [],
        "freedom": 0,
        "max_count": 23,
        "options": [],
        "defaults": []
    },
    "80": {
        "class": "Isotope",
        "ID": 80,
        "element": "X",
        "infexes": [],
        "freedom": 0,
        "max_count": 19,
        "options": [],
        "defaults": []
    },
    "81": {
        "class": "Isotope",
        "ID": 81,
        "element": "X",
        "infexes": [],
        "freedom": 0,
        "max_count": 26,
        "options": [],
        "defaults": []
    },
    "82": {
        "class": "Isotope",
        "ID": 82,
        "element": "X",
        "infexes": [],
        "freedom": 0,
        "max_count": 9,
        "options": [],
        "defaults": []
    },
    "83": {
        "class": "Isotope",
        "ID": 83,
        "element": "X",
        "infexes": [],
        "freedom": 0,
        "max_count": 5,
        "options": [],
        "defaults": []
    },
    "84": {
        "class": "Isotope",
        "ID": 84,
        "element": "X",
        "infexes": [],
        "freedom": 0,
        "max_count": 14,
        "options": [],
        "defaults": []
    },
    "85": {
        "class": "Isotope",
        "ID": 85,
        "element": "X",
        "infexes": [],
        "freedom": 0,
        "max_count": 6,
        "options": [],
        "defaults": []
    },
    "86": {
        "class": "Isotope",
        "ID": 86,
        "element": "X",
        "infexes": [],
        "freedom": 0,
        "max_count": 138,
        "options": [],
        "defaults": []
    },
    "87": {
        "class": "Isotope",
        "ID": 87,
        "element": "X",
        "infexes": [],
        "freedom": 0,
        "max_count": 7,
        "options": [],
        "defaults": []
    },
    "88": {
        "class": "Isotope",
        "ID": 88,
        "element": "X",
        "infexes": [],
        "freedom": 0,
        "max_count": 106,
        "options": [],
        "defaults": []
    },
    "89": {
        "class": "Isotope",
        "ID": 89,
        "element": "X",
        "infexes": [],
        "freedom": 0,
        "max_count": 34,
        "options": [],
        "defaults": []
    },
    "90": {
        "class": "Isotope",
        "ID": 90,
        "element": "X",
        "infexes": [],
        "freedom": 0,
        "max_count": 36,
        "options": [],
        "defaults": []
    },
    "91": {
        "class": "Isotope",
        "ID": 91,
        "element": "X",
        "infexes": [],
        "freedom": 0,
        "max_count": 3,
        "options": [],
        "defaults": []
    },
    "92": {
        "class": "Isotope",
        "ID": 92,
        "element": "X",
        "infexes": [],
        "freedom": 0,
        "max_count": 9,
        "options": [],
        "defaults": []
    },
    "93": {
        "class": "Isotope",
        "ID": 93,
        "element": "X",
        "infexes": [],
        "freedom": 0,
        "max_count": 6,
        "options": [],
        "defaults": []
    },
    "94": {
        "class": "Isotope",
        "ID": 94,
        "element": "X",
        "infexes": [],
        "freedom": 0,
        "max_count": 8,
        "options": [],
        "defaults": []
    },
    "95": {
        "class": "Isotope",
        "ID": 95,
        "element": "X",
        "infexes": [],
        "freedom": 0,
        "max_count": 14,
        "options": [],
        "defaults": []
    },
    "96": {
        "class": "Isotope",
        "ID": 96,
        "element": "X",
        "infexes": [],
        "freedom": 0,
        "max_count": 11,
        "options": [],
        "defaults": []
    },
    "97": {
        "class": "Isotope",
        "ID": 97,
        "element": "X",
        "infexes": [],
        "freedom": 0,
        "max_count": 18,
        "options": [],
        "defaults": []
    },
    "98": {
        "class": "Isotope",
        "ID": 98,
        "element": "X",
        "infexes": [],
        "freedom": 0,
        "max_count": 6,
        "options": [],
        "defaults": []
    },
    "99": {
        "class": "Isotope",
        "ID": 99,
        "element": "X",
        "infexes": [],
        "freedom": 0,
        "max_count": 24,
        "options": [],
        "defaults": []
    },
    "100": {
        "class": "Isotope",
        "ID": 100,
        "element": "X",
        "infexes": [],
        "freedom": 0,
        "max_count": 4,
        "options": [],
        "defaults": []
    },
    "101": {
        "class": "Isotope",
        "ID": 101,
        "element": "X",
        "infexes": [],
        "freedom": 0,
        "max_count": 62,
        "options": [],
        "defaults": []
    },
    "102": {
        "class": "Isotope",
        "ID": 102,
        "element": "X",
        "infexes": [],
        "freedom": 0,
        "max_count": 10,
        "options": [],
        "defaults": []
    },
    "103": {
        "class": "Isotope",
        "ID": 103,
        "element": "X",
        "infexes": [],
        "freedom": 0,
        "max_count": 30,
        "options": [],
        "defaults": []
    },
    "104": {
        "class": "Isotope",
        "ID": 104,
        "element": "X",
        "infexes": [],
        "freedom": 0,
        "max_count": 32,
        "options": [],
        "defaults": []
    },
    "105": {
        "class": "Isotope",
        "ID": 105,
        "element": "X",
        "infexes": [],
        "freedom": 0,
        "max_count": 31,
        "options": [],
        "defaults": []
    },
    "106": {
        "class": "Isotope",
        "ID": 106,
        "element": "X",
        "infexes": [],
        "freedom": 0,
        "max_count": 16,
        "options": [],
        "defaults": []
    },
    "107": {
        "class": "Isotope",
        "ID": 107,
        "element": "X",
        "infexes": [],
        "freedom": 0,
        "max_count": 20,
        "options": [],
        "defaults": []
    },
    "108": {
        "class": "Isotope",
        "ID": 108,
        "element": "X",
        "infexes": [],
        "freedom": 0,
        "max_count": 19,
        "options": [],
        "defaults": []
    },
    "109": {
        "class": "Isotope",
        "ID": 109,
        "element": "X",
        "infexes": [],
        "freedom": 0,
        "max_count": 13,
        "options": [],
        "defaults": []
    },
    "110": {
        "class": "Isotope",
        "ID": 110,
        "element": "X",
        "infexes": [],
        "freedom": 0,
        "max_count": 63,
        "options": [],
        "defaults": []
    },
    "111": {
        "class": "Isotope",
        "ID": 111,
        "element": "X",
        "infexes": [],
        "freedom": 0,
        "max_count": 24,
        "options": [],
        "defaults": []
    },
    "112": {
        "class": "Isotope",
        "ID": 112,
        "element": "X",
        "infexes": [],
        "freedom": 0,
        "max_count": 6,
        "options": [],
        "defaults": []
    },
    "113": {
        "class": "Isotope",
        "ID": 113,
        "element": "X",
        "infexes": [],
        "freedom": 0,
        "max_count": 30,
        "options": [],
        "defaults": []
    },
    "114": {
        "class": "Isotope",
        "ID": 114,
        "element": "X",
        "infexes": [],
        "freedom": 0,
        "max_count": 13,
        "options": [],
        "defaults": []
    },
    "115": {
        "class": "Isotope",
        "ID": 115,
        "element": "X",
        "infexes": [],
        "freedom": 0,
        "max_count": 3,
        "options": [],
        "defaults": []
    },
    "116": {
        "class": "Isotope",
        "ID": 116,
        "element": "X",
        "infexes": [],
        "freedom": 0,
        "max_count": 2,
        "options": [],
        "defaults": []
    },
    "117": {
        "class": "Isotope",
        "ID": 117,
        "element": "X",
        "infexes": [],
        "freedom": 0,
        "max_count": 4,
        "options": [],
        "defaults": []
    },
    "118": {
        "class": "Isotope",
        "ID": 118,
        "element": "X",
        "infexes": [],
        "freedom": 0,
        "max_count": 27,
        "options": [],
        "defaults": []
    },
    "119": {
        "class": "Isotope",
        "ID": 119,
        "element": "X",
        "infexes": [],
        "freedom": 0,
        "max_count": 48,
        "options": [],
        "defaults": []
    },
    "120": {
        "class": "Isotope",
        "ID": 120,
        "element": "X",
        "infexes": [],
        "freedom": 0,
        "max_count": 19,
        "options": [],
        "defaults": []
    },
    "121": {
        "class": "Isotope",
        "ID": 121,
        "element": "X",
        "infexes": [],
        "freedom": 0,
        "max_count": 7,
        "options": [],
        "defaults": []
    },
    "122": {
        "class": "Isotope",
        "ID": 122,
        "element": "X",
        "infexes": [],
        "freedom": 0,
        "max_count": 17,
        "options": [],
        "defaults": []
    },
    "123": {
        "class": "Isotope",
        "ID": 123,
        "element": "X",
        "infexes": [],
        "freedom": 0,
        "max_count": 136,
        "options": [],
        "defaults": []
    },
    "124": {
        "class": "Isotope",
        "ID": 124,
        "element": "X",
        "infexes": [],
        "freedom": 0,
        "max_count": 18,
        "options": [],
        "defaults": []
    },
    "125": {
        "class": "Isotope",
        "ID": 125,
        "element": "X",
        "infexes": [],
        "freedom": 0,
        "max_count": 9,
        "options": [],
        "defaults": []
    },
    "126": {
        "class": "Isotope",
        "ID": 126,
        "element": "X",
        "infexes": [],
        "freedom": 0,
        "max_count": 16,
        "options": [],
        "defaults": []
    },
    "127": {
        "class": "Isotope",
        "ID": 127,
        "element": "X",
        "infexes": [],
        "freedom": 0,
        "max_count": 10,
        "options": [],
        "defaults": []
    },
    "128": {
        "class": "Isotope",
        "ID": 128,
        "element": "X",
        "infexes": [],
        "freedom": 0,
        "max_count": 34,
        "options": [],
        "defaults": []
    },
    "129": {
        "class": "Isotope",
        "ID": 129,
        "element": "X",
        "infexes": [],
        "freedom": 0,
        "max_count": 20,
        "options": [],
        "defaults": []
    },
    "130": {
        "class": "Isotope",
        "ID": 130,
        "element": "X",
        "infexes": [],
        "freedom": 0,
        "max_count": 34,
        "options": [],
        "defaults": []
    },
    "131": {
        "class": "Isotope",
        "ID": 131,
        "element": "X",
        "infexes": [],
        "freedom": 0,
        "max_count": 6,
        "options": [],
        "defaults": []
    },
    "132": {
        "class": "Isotope",
        "ID": 132,
        "element": "X",
        "infexes": [],
        "freedom": 0,
        "max_count": 147,
        "options": [],
        "defaults": []
    },
    "133": {
        "class": "Isotope",
        "ID": 133,
        "element": "X",
        "infexes": [],
        "freedom": 0,
        "max_count": 8,
        "options": [],
        "defaults": []
    },
    "134": {
        "class": "Isotope",
        "ID": 134,
        "element": "X",
        "infexes": [],
        "freedom": 0,
        "max_count": 10,
        "options": [],
        "defaults": []
    },
    "135": {
        "class": "Isotope",
        "ID": 135,
        "element": "X",
        "infexes": [],
        "freedom": 0,
        "max_count": 19,
        "options": [],
        "defaults": []
    },
    "136": {
        "class": "Isotope",
        "ID": 136,
        "element": "X",
        "infexes": [],
        "freedom": 0,
        "max_count": 24,
        "options": [],
        "defaults": []
    },
    "137": {
        "class": "Isotope",
        "ID": 137,
        "element": "X",
        "infexes": [],
        "freedom": 0,
        "max_count": 102,
        "options": [],
        "defaults": []
    },
    "138": {
        "class": "Isotope",
        "ID": 138,
        "element": "X",
        "infexes": [],
        "freedom": 0,
        "max_count": 4,
        "options": [],
        "defaults": []
    },
    "139": {
        "class": "Isotope",
        "ID": 139,
        "element": "X",
        "infexes": [],
        "freedom": 0,
        "max_count": 17,
        "options": [],
        "defaults": []
    },
    "140": {
        "class": "Isotope",
        "ID": 140,
        "element": "X",
        "infexes": [],
        "freedom": 0,
        "max_count": 110,
        "options": [],
        "defaults": []
    },
    "141": {
        "class": "Isotope",
        "ID": 141,
        "element": "X",
        "infexes": [],
        "freedom": 0,
        "max_count": 5,
        "options": [],
        "defaults": []
    },
    "142": {
        "class": "Isotope",
        "ID": 142,
        "element": "X",
        "infexes": [],
        "freedom": 0,
        "max_count": 31,
        "options": [],
        "defaults": []
    },
    "143": {
        "class": "Isotope",
        "ID": 143,
        "element": "X",
        "infexes": [],
        "freedom": 0,
        "max_count": 37,
        "options": [],
        "defaults": []
    },
    "144": {
        "class": "Isotope",
        "ID": 144,
        "element": "Y",
        "infexes": [],
        "freedom": 0,
        "max_count": 21,
        "options": [],
        "defaults": []
    },
    "145": {
        "class": "Isotope",
        "ID": 145,
        "element": "Y",
        "infexes": [],
        "freedom": 0,
        "max_count": 8,
        "options": [],
        "defaults": []
    },
    "146": {
        "class": "Isotope",
        "ID": 146,
        "element": "Y",
        "infexes": [],
        "freedom": 0,
        "max_count": 31,
        "options": [],
        "defaults": []
    },
    "147": {
        "class": "Isotope",
        "ID": 147,
        "element": "Y",
        "infexes": [],
        "freedom": 0,
        "max_count": 22,
        "options": [],
        "defaults": []
    },
    "148": {
        "class": "Isotope",
        "ID": 148,
        "element": "Y",
        "infexes": [],
        "freedom": 0,
        "max_count": 6,
        "options": [],
        "defaults": []
    },
    "149": {
        "class": "Isotope",
        "ID": 149,
        "element": "Y",
        "infexes": [],
        "freedom": 0,
        "max_count": 42,
        "options": [],
        "defaults": []
    },
    "150": {
        "class": "Isotope",
        "ID": 150,
        "element": "Y",
        "infexes": [],
        "freedom": 0,
        "max_count": 17,
        "options": [],
        "defaults": []
    },
    "151": {
        "class": "Isotope",
        "ID": 151,
        "element": "Y",
        "infexes": [],
        "freedom": 0,
        "max_count": 28,
        "options": [],
        "defaults": []
    },
    "152": {
        "class": "Isotope",
        "ID": 152,
        "element": "Y",
        "infexes": [],
        "freedom": 0,
        "max_count": 20,
        "options": [],
        "defaults": []
    },
    "153": {
        "class": "Isotope",
        "ID": 153,
        "element": "Y",
        "infexes": [],
        "freedom": 0,
        "max_count": 8,
        "options": [],
        "defaults": []
    },
    "154": {
        "class": "Isotope",
        "ID": 154,
        "element": "Y",
        "infexes": [],
        "freedom": 0,
        "max_count": 9,
        "options": [],
        "defaults": []
    },
    "155": {
        "class": "Isotope",
        "ID": 155,
        "element": "Y",
        "infexes": [],
        "freedom": 0,
        "max_count": 2,
        "options": [],
        "defaults": []
    },
    "156": {
        "class": "Isotope",
        "ID": 156,
        "element": "Y",
        "infexes": [],
        "freedom": 0,
        "max_count": 7,
        "options": [],
        "defaults": []
    },
    "157": {
        "class": "Isotope",
        "ID": 157,
        "element": "Y",
        "infexes": [],
        "freedom": 0,
        "max_count": 8,
        "options": [],
        "defaults": []
    },
    "158": {
        "class": "Isotope",
        "ID": 158,
        "element": "Y",
        "infexes": [],
        "freedom": 0,
        "max_count": 30,
        "options": [],
        "defaults": []
    },
    "159": {
        "class": "Isotope",
        "ID": 159,
        "element": "Y",
        "infexes": [],
        "freedom": 0,
        "max_count": 11,
        "options": [],
        "defaults": []
    },
    "160": {
        "class": "Isotope",
        "ID": 160,
        "element": "Y",
        "infexes": [],
        "freedom": 0,
        "max_count": 57,
        "options": [],
        "defaults": []
    },
    "161": {
        "class": "Isotope",
        "ID": 161,
        "element": "Y",
        "infexes": [],
        "freedom": 0,
        "max_count": 2,
        "options": [],
        "defaults": []
    },
    "162": {
        "class": "Isotope",
        "ID": 162,
        "element": "Y",
        "infexes": [],
        "freedom": 0,
        "max_count": 15,
        "options": [],
        "defaults": []
    },
    "163": {
        "class": "Isotope",
        "ID": 163,
        "element": "Y",
        "infexes": [],
        "freedom": 0,
        "max_count": 42,
        "options": [],
        "defaults": []
    },
    "164": {
        "class": "Isotope",
        "ID": 164,
        "element": "Y",
        "infexes": [],
        "freedom": 0,
        "max_count": 2,
        "options": [],
        "defaults": []
    },
    "165": {
        "class": "Isotope",
        "ID": 165,
        "element": "Y",
        "infexes": [],
        "freedom": 0,
        "max_count": 1,
        "options": [],
        "defaults": []
    },
    "166": {
        "class": "Isotope",
        "ID": 166,
        "element": "Y",
        "infexes": [],
        "freedom": 0,
        "max_count": 34,
        "options": [],
        "defaults": []
    },
    "167": {
        "class": "Isotope",
        "ID": 167,
        "element": "Y",
        "infexes": [],
        "freedom": 0,
        "max_count": 19,
        "options": [],
        "defaults": []
    },
    "168": {
        "class": "Isotope",
        "ID": 168,
        "element": "Y",
        "infexes": [],
        "freedom": 0,
        "max_count": 4,
        "options": [],
        "defaults": []
    },
    "169": {
        "class": "Isotope",
        "ID": 169,
        "element": "Y",
        "infexes": [],
        "freedom": 0,
        "max_count": 30,
        "options": [],
        "defaults": []
    },
    "170": {
        "class": "Isotope",
        "ID": 170,
        "element": "Y",
        "infexes": [],
        "freedom": 0,
        "max_count": 26,
        "options": [],
        "defaults": []
    },
    "171": {
        "class": "Isotope",
        "ID": 171,
        "element": "Y",
        "infexes": [],
        "freedom": 0,
        "max_count": 3,
        "options": [],
        "defaults": []
    },
    "172": {
        "class": "Isotope",
        "ID": 172,
        "element": "Y",
        "infexes": [],
        "freedom": 0,
        "max_count": 64,
        "options": [],
        "defaults": []
    },
    "173": {
        "class": "Isotope",
        "ID": 173,
        "element": "Y",
        "infexes": [],
        "freedom": 0,
        "max_count": 102,
        "options": [],
        "defaults": []
    },
    "174": {
        "class": "Isotope",
        "ID": 174,
        "element": "Y",
        "infexes": [],
        "freedom": 0,
        "max_count": 16,
        "options": [],
        "defaults": []
    },
    "175": {
        "class": "Isotope",
        "ID": 175,
        "element": "Y",
        "infexes": [],
        "freedom": 0,
        "max_count": 10,
        "options": [],
        "defaults": []
    },
    "176": {
        "class": "Isotope",
        "ID": 176,
        "element": "Y",
        "infexes": [],
        "freedom": 0,
        "max_count": 27,
        "options": [],
        "defaults": []
    },
    "177": {
        "class": "Isotope",
        "ID": 177,
        "element": "Y",
        "infexes": [],
        "freedom": 0,
        "max_count": 9,
        "options": [],
        "defaults": []
    },
    "178": {
        "class": "Isotope",
        "ID": 178,
        "element": "Y",
        "infexes": [],
        "freedom": 0,
        "max_count": 11,
        "options": [],
        "defaults": []
    },
    "179": {
        "class": "Isotope",
        "ID": 179,
        "element": "Y",
        "infexes": [],
        "freedom": 0,
        "max_count": 57,
        "options": [],
        "defaults": []
    },
    "180": {
        "class": "Isotope",
        "ID": 180,
        "element": "Y",
        "infexes": [],
        "freedom": 0,
        "max_count": 91,
        "options": [],
        "defaults": []
    },
    "181": {
        "class": "Isotope",
        "ID": 181,
        "element": "Y",
        "infexes": [],
        "freedom": 0,
        "max_count": 42,
        "options": [],
        "defaults": []
    },
    "182": {
        "class": "Isotope",
        "ID": 182,
        "element": "Y",
        "infexes": [],
        "freedom": 0,
        "max_count": 1,
        "options": [],
        "defaults": []
    },
    "183": {
        "class": "Isotope",
        "ID": 183,
        "element": "ARCFAN",
        "infexes": [],
        "freedom": 0,
        "max_count": 66,
        "options": [
            [
                71,
                66
            ]
        ],
        "defaults": [
            [
                71,
                66
            ]
        ]
    },
    "184": {
        "class": "Isotope",
        "ID": 184,
        "element": "SPIN",
        "infexes": [],
        "freedom": 0,
        "max_count": 24,
        "options": [
            [
                93,
                10,
                149
            ]
        ],
        "defaults": [
            [
                93,
                10,
                149
            ]
        ]
    },
    "185": {
        "class": "Isotope",
        "ID": 185,
        "element": "IT",
        "infexes": [],
        "freedom": 0.3938297312899512,
        "max_count": 14,
        "options": [
            [
                124,
                170,
                71,
                230,
                80
            ],
            [
                124,
                170,
                92,
                14,
                187
            ]
        ],
        "defaults": [
            [
                124,
                170,
                71,
                230,
                80
            ]
        ]
    },
    "186": {
        "class": "Isotope",
        "ID": 186,
        "element": "SPIN",
        "infexes": [],
        "freedom": 0,
        "max_count": 45,
        "options": [
            [
                78,
                68,
                33
            ]
        ],
        "defaults": [
            [
                78,
                68,
                33
            ]
        ]
    },
    "187": {
        "class": "Isotope",
        "ID": 187,
        "element": "MINX",
        "infexes": [
            2,
            20
        ],
        "freedom": 0.12930270447830852,
        "max_count": 1,
        "options": [
            [
                14,
                143,
                56,
                116,
                40,
                103,
                39,
                129,
                149,
                92,
                18,
                105,
                23,
                194,
                204,
                195,
                15,
                230,
                230
            ],
            [
                11,
                231,
                136,
                50,
                12,
                62,
                43,
                227,
                191,
                77,
                124,
                9,
                128,
                185,
                137,
                210,
                6,
                51,
                169,
                218
            ]
        ],
        "defaults": [
            [
                14,
                143,
                56,
                116,
                40,
                103,
                39,
                129,
                149,
                92,
                18,
                105,
                23,
                194,
                204,
                195,
                15,
                230,
                230
            ]
        ]
    },
    "188": {
        "class": "Isotope",
        "ID": 188,
        "element": "GMEAN",
        "infexes": [
            2,
            2
        ],
        "freedom": 0,
        "max_count": 10,
        "options": [
            [
                131,
                34
            ]
        ],
        "defaults": [
            [
                131,
                34
            ]
        ]
    },
    "189": {
        "class": "Isotope",
        "ID": 189,
        "element": "MINX",
        "infexes": [
            6,
            8
        ],
        "freedom": 0.24183518105255045,
        "max_count": 61,
        "options": [
            [
                89,
                59,
                137,
                78,
                62,
                195,
                29,
                60
            ],
            [
                155,
                224,
                85,
                79,
                103,
                45,
                63,
                134
            ]
        ],
        "defaults": [
            [
                89,
                59,
                137,
                78,
                62,
                195,
                29,
                60
            ],
            [
                155,
                224,
                85,
                79,
                103,
                45,
                63,
                134
            ]
        ]
    },
    "190": {
        "class": "Isotope",
        "ID": 190,
        "element": "IT",
        "infexes": [],
        "freedom": 0.04616655733546602,
        "max_count": 14,
        "options": [
            [
                71,
                155,
                174,
                25,
                52
            ],
            [
                71,
                155,
                154,
                63,
                87
            ],
            [
                71,
                155,
                173,
                102,
                41
            ],
            [
                71,
                155,
                93,
                181,
                10
            ],
            [
                71,
                155,
                114,
                21,
                71
            ],
            [
                71,
                155,
                119,
                82,
                31
            ],
            [
                71,
                155,
                122,
                98,
                108
            ],
            [
                71,
                155,
                12,
                91,
                61
            ]
        ],
        "defaults": [
            [
                71,
                155,
                174,
                25,
                52
            ],
            [
                71,
                155,
                154,
                63,
                87
            ],
            [
                71,
                155,
                173,
                102,
                41
            ],
            [
                71,
                155,
                93,
                181,
                10
            ],
            [
                71,
                155,
                114,
                21,
                71
            ],
            [
                71,
                155,
                119,
                82,
                31
            ],
            [
                71,
                155,
                122,
                98,
                108
            ],
            [
                71,
                155,
                12,
                91,
                61
            ]
        ]
    },
    "191": {
        "class": "Isotope",
        "ID": 191,
        "element": "POW",
        "infexes": [],
        "freedom": 0,
        "max_count": 12,
        "options": [
            [
                6
            ]
        ],
        "defaults": [
            [
                6
            ]
        ]
    },
    "192": {
        "class": "Isotope",
        "ID": 192,
        "element": "MINX",
        "infexes": [
            3,
            5
        ],
        "freedom": 0,
        "max_count": 5,
        "options": [
            [
                145,
                169,
                112,
                36,
                136
            ]
        ],
        "defaults": [
            [
                145,
                169,
                112,
                36,
                136
            ]
        ]
    },
    "193": {
        "class": "Isotope",
        "ID": 193,
        "element": "GMEAN",
        "infexes": [
            2,
            3
        ],
        "freedom": 0.7162713731839685,
        "max_count": 13,
        "options": [
            [
                96,
                144,
                46
            ],
            [
                197,
                187,
                75
            ],
            [
                188,
                169,
                111
            ],
            [
                148,
                81
            ]
        ],
        "defaults": [
            [
                148,
                81
            ]
        ]
    },
    "194": {
        "class": "Isotope",
        "ID": 194,
        "element": "POW",
        "infexes": [],
        "freedom": 0.29338023310818634,
        "max_count": 125,
        "options": [
            [
                158
            ],
            [
                154
            ]
        ],
        "defaults": [
            [
                158
            ],
            [
                154
            ]
        ]
    },
    "195": {
        "class": "Isotope",
        "ID": 195,
        "element": "POWER",
        "infexes": [],
        "freedom": 0,
        "max_count": 35,
        "options": [
            [
                153,
                152
            ]
        ],
        "defaults": [
            [
                153,
                152
            ]
        ]
    },
    "196": {
        "class": "Isotope",
        "ID": 196,
        "element": "POWER",
        "infexes": [],
        "freedom": 0,
        "max_count": 160,
        "options": [
            [
                123,
                152
            ]
        ],
        "defaults": [
            [
                123,
                152
            ]
        ]
    },
    "197": {
        "class": "Isotope",
        "ID": 197,
        "element": "GMEAN",
        "infexes": [
            3,
            5
        ],
        "freedom": 0,
        "max_count": 11,
        "options": [
            [
                192,
                104,
                67,
                17,
                184
            ]
        ],
        "defaults": [
            [
                192,
                104,
                67,
                17,
                184
            ]
        ]
    },
    "198": {
        "class": "Isotope",
        "ID": 198,
        "element": "SPIN",
        "infexes": [],
        "freedom": 0,
        "max_count": 16,
        "options": [
            [
                165,
                10,
                159
            ]
        ],
        "defaults": [
            [
                165,
                10,
                159
            ]
        ]
    },
    "199": {
        "class": "Isotope",
        "ID": 199,
        "element": "SPIN",
        "infexes": [],
        "freedom": 0,
        "max_count": 10,
        "options": [
            [
                10,
                141,
                150
            ]
        ],
        "defaults": [
            [
                10,
                141,
                150
            ]
        ]
    },
    "200": {
        "class": "Isotope",
        "ID": 200,
        "element": "SPIN",
        "infexes": [],
        "freedom": 0.07581210305974656,
        "max_count": 17,
        "options": [
            [
                119,
                44,
                174
            ],
            [
                39,
                58,
                180
            ]
        ],
        "defaults": [
            [
                119,
                44,
                174
            ],
            [
                39,
                58,
                180
            ]
        ]
    },
    "201": {
        "class": "Isotope",
        "ID": 201,
        "element": "GMEAN",
        "infexes": [
            2,
            2
        ],
        "freedom": 0,
        "max_count": 68,
        "options": [
            [
                94,
                180
            ]
        ],
        "defaults": [
            [
                94,
                180
            ]
        ]
    },
    "202": {
        "class": "Isotope",
        "ID": 202,
        "element": "IT",
        "infexes": [],
        "freedom": 0,
        "max_count": 18,
        "options": [
            [
                103,
                170,
                16,
                132,
                174
            ]
        ],
        "defaults": [
            [
                103,
                170,
                16,
                132,
                174
            ]
        ]
    },
    "203": {
        "class": "Isotope",
        "ID": 203,
        "element": "AMEAN",
        "infexes": [
            4,
            5
        ],
        "freedom": 0,
        "max_count": 45,
        "options": [
            [
                23,
                171,
                229,
                99,
                122
            ]
        ],
        "defaults": [
            [
                23,
                171,
                229,
                99,
                122
            ]
        ]
    },
    "204": {
        "class": "Isotope",
        "ID": 204,
        "element": "SPIN",
        "infexes": [],
        "freedom": 0,
        "max_count": 32,
        "options": [
            [
                164,
                72,
                31
            ]
        ],
        "defaults": [
            [
                164,
                72,
                31
            ]
        ]
    },
    "205": {
        "class": "Isotope",
        "ID": 205,
        "element": "AMEAN",
        "infexes": [
            2,
            9
        ],
        "freedom": 0.39286340606914366,
        "max_count": 21,
        "options": [
            [
                223,
                48,
                229,
                111,
                161,
                163,
                105,
                216,
                47
            ],
            [
                88,
                145,
                149,
                64,
                49,
                151,
                7,
                96,
                194
            ],
            [
                49,
                19,
                95,
                156,
                160,
                93,
                103,
                29,
                196
            ],
            [
                100,
                28,
                126,
                214,
                193,
                202,
                125,
                158,
                162
            ],
            [
                44,
                230,
                120,
                230,
                182,
                13,
                226,
                226,
                20
            ],
            [
                109,
                170,
                190,
                136,
                70,
                99
            ],
            [
                141,
                197,
                156,
                33,
                131,
                22,
                90,
                162,
                63
            ],
            [
                75,
                133,
                82,
                172,
                37,
                152,
                85,
                177,
                65
            ],
            [
                166,
                147,
                54,
                138,
                183,
                130,
                47,
                78,
                179
            ],
            [
                157,
                62,
                40,
                116,
                167,
                40,
                41,
                97,
                33
            ]
        ],
        "defaults": [
            [
                109,
                170,
                190,
                136,
                70,
                99
            ]
        ]
    },
    "206": {
        "class": "Isotope",
        "ID": 206,
        "element": "SPIN",
        "infexes": [],
        "freedom": 0.4977222412101859,
        "max_count": 16,
        "options": [
            [
                83,
                155,
                19
            ],
            [
                186,
                167,
                129
            ]
        ],
        "defaults": [
            [
                83,
                155,
                19
            ],
            [
                186,
                167,
                129
            ]
        ]
    },
    "207": {
        "class": "Isotope",
        "ID": 207,
        "element": "SPIN",
        "infexes": [],
        "freedom": 0,
        "max_count": 12,
        "options": [
            [
                55,
                152,
                101
            ]
        ],
        "defaults": [
            [
                55,
                152,
                101
            ]
        ]
    },
    "208": {
        "class": "Isotope",
        "ID": 208,
        "element": "IT",
        "infexes": [],
        "freedom": 0,
        "max_count": 22,
        "options": [
            [
                134,
                149,
                149,
                213,
                53
            ]
        ],
        "defaults": [
            [
                134,
                149,
                149,
                213,
                53
            ]
        ]
    },
    "209": {
        "class": "Isotope",
        "ID": 209,
        "element": "SPIN",
        "infexes": [],
        "freedom": 0.10792739857550138,
        "max_count": 6,
        "options": [
            [
                117,
                18,
                179
            ],
            [
                194,
                145,
                134
            ],
            [
                208,
                145,
                140
            ],
            [
                176,
                166,
                143
            ],
            [
                198,
                58,
                86
            ],
            [
                26,
                107,
                152
            ],
            [
                10,
                38,
                170
            ],
            [
                163,
                180,
                67
            ],
            [
                199,
                168,
                118
            ],
            [
                83,
                146,
                6
            ],
            [
                158,
                84,
                122
            ],
            [
                30,
                68,
                179
            ],
            [
                50,
                110,
                196
            ]
        ],
        "defaults": [
            [
                117,
                18,
                179
            ],
            [
                194,
                145,
                134
            ],
            [
                208,
                145,
                140
            ],
            [
                176,
                166,
                143
            ],
            [
                198,
                58,
                86
            ],
            [
                26,
                107,
                152
            ],
            [
                10,
                38,
                170
            ],
            [
                163,
                180,
                67
            ],
            [
                199,
                168,
                118
            ],
            [
                83,
                146,
                6
            ],
            [
                158,
                84,
                122
            ],
            [
                30,
                68,
                179
            ],
            [
                50,
                110,
                196
            ]
        ]
    },
    "210": {
        "class": "Isotope",
        "ID": 210,
        "element": "INV",
        "infexes": [],
        "freedom": 0.32121361134785187,
        "max_count": 108,
        "options": [
            [
                211
            ],
            [
                202
            ]
        ],
        "defaults": [
            [
                211
            ],
            [
                202
            ]
        ]
    },
    "211": {
        "class": "Isotope",
        "ID": 211,
        "element": "MINX",
        "infexes": [
            3,
            5
        ],
        "freedom": 0,
        "max_count": 15,
        "options": [
            [
                222,
                230,
                24,
                216,
                113
            ]
        ],
        "defaults": [
            [
                222,
                230,
                24,
                216,
                113
            ]
        ]
    },
    "212": {
        "class": "Isotope",
        "ID": 212,
        "element": "SIN",
        "infexes": [],
        "freedom": 0,
        "max_count": 25,
        "options": [
            [
                204
            ]
        ],
        "defaults": [
            [
                204
            ]
        ]
    },
    "213": {
        "class": "Isotope",
        "ID": 213,
        "element": "SIN",
        "infexes": [],
        "freedom": 0,
        "max_count": 4,
        "options": [
            [
                206
            ]
        ],
        "defaults": [
            [
                206
            ]
        ]
    },
    "214": {
        "class": "Isotope",
        "ID": 214,
        "element": "SPIN",
        "infexes": [],
        "freedom": 0.43103737071228926,
        "max_count": 6,
        "options": [
            [
                60,
                173,
                217
            ],
            [
                220,
                36,
                33
            ],
            [
                201,
                29,
                112
            ],
            [
                208,
                96,
                224
            ]
        ],
        "defaults": [
            [
                201,
                29,
                112
            ]
        ]
    },
    "215": {
        "class": "Isotope",
        "ID": 215,
        "element": "SPIN",
        "infexes": [],
        "freedom": 0.09622419161387034,
        "max_count": 13,
        "options": [
            [
                212,
                106,
                119
            ],
            [
                93,
                160,
                225
            ]
        ],
        "defaults": [
            [
                212,
                106,
                119
            ]
        ]
    },
    "216": {
        "class": "Isotope",
        "ID": 216,
        "element": "AMEAN",
        "infexes": [
            2,
            3
        ],
        "freedom": 0,
        "max_count": 8,
        "options": [
            [
                219,
                101,
                139
            ]
        ],
        "defaults": [
            [
                219,
                101,
                139
            ]
        ]
    },
    "217": {
        "class": "Isotope",
        "ID": 217,
        "element": "SPIN",
        "infexes": [],
        "freedom": 0,
        "max_count": 16,
        "options": [
            [
                224,
                48,
                44
            ]
        ],
        "defaults": [
            [
                224,
                48,
                44
            ]
        ]
    },
    "218": {
        "class": "Isotope",
        "ID": 218,
        "element": "GMEAN",
        "infexes": [
            4,
            4
        ],
        "freedom": 0,
        "max_count": 35,
        "options": [
            [
                221,
                165,
                131,
                39
            ]
        ],
        "defaults": [
            [
                221,
                165,
                131,
                39
            ]
        ]
    },
    "219": {
        "class": "Isotope",
        "ID": 219,
        "element": "SIN",
        "infexes": [],
        "freedom": 0,
        "max_count": 25,
        "options": [
            [
                212
            ]
        ],
        "defaults": [
            [
                212
            ]
        ]
    },
    "220": {
        "class": "Isotope",
        "ID": 220,
        "element": "MINX",
        "infexes": [
            2,
            7
        ],
        "freedom": 0.7417804380136571,
        "max_count": 121,
        "options": [
            [
                205,
                127,
                60,
                32,
                78,
                164,
                124
            ],
            [
                221,
                35,
                76,
                142,
                163,
                200,
                132
            ]
        ],
        "defaults": [
            [
                221,
                35,
                76,
                142,
                163,
                200,
                132
            ]
        ]
    },
    "221": {
        "class": "Isotope",
        "ID": 221,
        "element": "SPIN",
        "infexes": [],
        "freedom": 0.36282488462496176,
        "max_count": 6,
        "options": [
            [
                224,
                209,
                189
            ],
            [
                87,
                100,
                209
            ]
        ],
        "defaults": [
            [
                224,
                209,
                189
            ],
            [
                87,
                100,
                209
            ]
        ]
    },
    "222": {
        "class": "Isotope",
        "ID": 222,
        "element": "POWER",
        "infexes": [],
        "freedom": 0,
        "max_count": 3,
        "options": [
            [
                124,
                213
            ]
        ],
        "defaults": [
            [
                124,
                213
            ]
        ]
    },
    "223": {
        "class": "Isotope",
        "ID": 223,
        "element": "MINX",
        "infexes": [
            2,
            4
        ],
        "freedom": 0,
        "max_count": 15,
        "options": [
            [
                221,
                169,
                146,
                75
            ]
        ],
        "defaults": [
            [
                221,
                169,
                146,
                75
            ]
        ]
    },
    "224": {
        "class": "Isotope",
        "ID": 224,
        "element": "MINX",
        "infexes": [
            3,
            4
        ],
        "freedom": 0,
        "max_count": 90,
        "options": [
            [
                202,
                8,
                115,
                149
            ]
        ],
        "defaults": [
            [
                202,
                8,
                115,
                149
            ]
        ]
    },
    "225": {
        "class": "Isotope",
        "ID": 225,
        "element": "SIN",
        "infexes": [],
        "freedom": 0.06610555201565463,
        "max_count": 1,
        "options": [
            [
                205
            ],
            [
                221
            ],
            [
                206
            ]
        ],
        "defaults": [
            [
                221
            ]
        ]
    },
    "226": {
        "class": "Isotope",
        "ID": 226,
        "element": "SIN",
        "infexes": [],
        "freedom": 0.2168796759165102,
        "max_count": 1,
        "options": [
            [
                218
            ],
            [
                205
            ]
        ],
        "defaults": [
            [
                218
            ]
        ]
    },
    "227": {
        "class": "Isotope",
        "ID": 227,
        "element": "POWER",
        "infexes": [],
        "freedom": 0,
        "max_count": 12,
        "options": [
            [
                67,
                222
            ]
        ],
        "defaults": [
            [
                67,
                222
            ]
        ]
    },
    "228": {
        "class": "Isotope",
        "ID": 228,
        "element": "SIGMOID",
        "infexes": [],
        "freedom": 0,
        "max_count": 74,
        "options": [
            [
                194
            ]
        ],
        "defaults": [
            [
                194
            ]
        ]
    },
    "229": {
        "class": "Isotope",
        "ID": 229,
        "element": "GMEAN",
        "infexes": [
            2,
            7
        ],
        "freedom": 0.3397779842860377,
        "max_count": 1,
        "options": [
            [
                183,
                40,
                146,
                17,
                100,
                64,
                109
            ],
            [
                57,
                73,
                228,
                37,
                175,
                191,
                42
            ]
        ],
        "defaults": [
            [
                183,
                40,
                146,
                17,
                100,
                64,
                109
            ],
            [
                57,
                73,
                228,
                37,
                175,
                191,
                42
            ]
        ]
    },
    "230": {
        "class": "Isotope",
        "ID": 230,
        "element": "GMEAN",
        "infexes": [
            2,
            2
        ],
        "freedom": 0,
        "max_count": 7,
        "options": [
            [
                7,
                98
            ]
        ],
        "defaults": [
            [
                7,
                98
            ]
        ]
    },
    "231": {
        "class": "Isotope",
        "ID": 231,
        "element": "GMEAN",
        "infexes": [
            2,
            5
        ],
        "freedom": 0.24326962989029494,
        "max_count": 48,
        "options": [
            [
                94,
                74,
                170,
                178,
                121
            ],
            [
                69,
                27,
                202,
                171,
                135
            ]
        ],
        "defaults": [
            [
                94,
                74,
                170,
                178,
                121
            ],
            [
                69,
                27,
                202,
                171,
                135
            ]
        ]
    },
    "232": {
        "class": "Isotope",
        "ID": 232,
        "element": "ROOT_TARGET",
        "infexes": [],
        "freedom": 0.15372124541080712,
        "max_count": 1,
        "options": [
            [
                29
            ],
            [
                43
            ]
        ],
        "defaults": []
    },
    "233": {
        "class": "Isotope",
        "ID": 233,
        "element": "ROOT_AIM",
        "infexes": [],
        "freedom": 0.9967444386191483,
        "max_count": 1,
        "options": [
            [
                204
            ],
            [
                75
            ]
        ],
        "defaults": []
    }
}