{
    "0": {
        "class": "Isotope",
        "ID": 0,
        "element": "ROOT_MAIN",
        "infexes": [],
        "freedom": 0.1504724403438518,
        "max_count": 1,
        "options": [
            [
                84
            ],
            [
                76
            ],
            [
                85
            ]
        ],
        "defaults": [
            [
                76
            ]
        ]
    },
    "1": {
        "class": "Isotope",
        "ID": 1,
        "element": "ROOT_HUE",
        "infexes": [],
        "freedom": 0.5524740371612118,
        "max_count": 1,
        "options": [
            [
                81
            ],
            [
                78
            ],
            [
                78
            ]
        ],
        "defaults": [
            [
                78
            ]
        ]
    },
    "2": {
        "class": "Isotope",
        "ID": 2,
        "element": "ROOT_SAT",
        "infexes": [],
        "freedom": 0.31975309193420304,
        "max_count": 1,
        "options": [
            [
                79
            ],
            [
                78
            ]
        ],
        "defaults": [
            [
                79
            ]
        ]
    },
    "3": {
        "class": "Isotope",
        "ID": 3,
        "element": "ROOT_VAL",
        "infexes": [],
        "freedom": 0.2706525172713934,
        "max_count": 1,
        "options": [
            [
                76
            ],
            [
                71
            ],
            [
                77
            ],
            [
                73
            ],
            [
                79
            ],
            [
                80
            ],
            [
                85
            ],
            [
                78
            ]
        ],
        "defaults": [
            [
                76
            ]
        ]
    },
    "4": {
        "class": "Isotope",
        "ID": 4,
        "element": "ROOT_PAL",
        "infexes": [],
        "freedom": 0.07332774085024892,
        "max_count": 1,
        "options": [
            [
                84
            ],
            [
                80
            ],
            [
                71
            ]
        ],
        "defaults": [
            [
                84
            ]
        ]
    },
    "5": {
        "class": "Isotope",
        "ID": 5,
        "element": "ROOT_GRAD",
        "infexes": [],
        "freedom": 0.10581577275690988,
        "max_count": 1,
        "options": [
            [
                69
            ],
            [
                78
            ]
        ],
        "defaults": [
            [
                78
            ]
        ]
    },
    "6": {
        "class": "Isotope",
        "ID": 6,
        "element": "X",
        "infexes": [],
        "freedom": 0,
        "max_count": 75,
        "options": [],
        "defaults": []
    },
    "7": {
        "class": "Isotope",
        "ID": 7,
        "element": "X",
        "infexes": [],
        "freedom": 0,
        "max_count": 29,
        "options": [],
        "defaults": []
    },
    "8": {
        "class": "Isotope",
        "ID": 8,
        "element": "X",
        "infexes": [],
        "freedom": 0,
        "max_count": 33,
        "options": [],
        "defaults": []
    },
    "9": {
        "class": "Isotope",
        "ID": 9,
        "element": "X",
        "infexes": [],
        "freedom": 0,
        "max_count": 14,
        "options": [],
        "defaults": []
    },
    "10": {
        "class": "Isotope",
        "ID": 10,
        "element": "X",
        "infexes": [],
        "freedom": 0,
        "max_count": 47,
        "options": [],
        "defaults": []
    },
    "11": {
        "class": "Isotope",
        "ID": 11,
        "element": "X",
        "infexes": [],
        "freedom": 0,
        "max_count": 19,
        "options": [],
        "defaults": []
    },
    "12": {
        "class": "Isotope",
        "ID": 12,
        "element": "X",
        "infexes": [],
        "freedom": 0,
        "max_count": 21,
        "options": [],
        "defaults": []
    },
    "13": {
        "class": "Isotope",
        "ID": 13,
        "element": "X",
        "infexes": [],
        "freedom": 0,
        "max_count": 11,
        "options": [],
        "defaults": []
    },
    "14": {
        "class": "Isotope",
        "ID": 14,
        "element": "X",
        "infexes": [],
        "freedom": 0,
        "max_count": 11,
        "options": [],
        "defaults": []
    },
    "15": {
        "class": "Isotope",
        "ID": 15,
        "element": "X",
        "infexes": [],
        "freedom": 0,
        "max_count": 1,
        "options": [],
        "defaults": []
    },
    "16": {
        "class": "Isotope",
        "ID": 16,
        "element": "X",
        "infexes": [],
        "freedom": 0,
        "max_count": 40,
        "options": [],
        "defaults": []
    },
    "17": {
        "class": "Isotope",
        "ID": 17,
        "element": "X",
        "infexes": [],
        "freedom": 0,
        "max_count": 27,
        "options": [],
        "defaults": []
    },
    "18": {
        "class": "Isotope",
        "ID": 18,
        "element": "X",
        "infexes": [],
        "freedom": 0,
        "max_count": 32,
        "options": [],
        "defaults": []
    },
    "19": {
        "class": "Isotope",
        "ID": 19,
        "element": "X",
        "infexes": [],
        "freedom": 0,
        "max_count": 29,
        "options": [],
        "defaults": []
    },
    "20": {
        "class": "Isotope",
        "ID": 20,
        "element": "X",
        "infexes": [],
        "freedom": 0,
        "max_count": 23,
        "options": [],
        "defaults": []
    },
    "21": {
        "class": "Isotope",
        "ID": 21,
        "element": "X",
        "infexes": [],
        "freedom": 0,
        "max_count": 40,
        "options": [],
        "defaults": []
    },
    "22": {
        "class": "Isotope",
        "ID": 22,
        "element": "X",
        "infexes": [],
        "freedom": 0,
        "max_count": 49,
        "options": [],
        "defaults": []
    },
    "23": {
        "class": "Isotope",
        "ID": 23,
        "element": "X",
        "infexes": [],
        "freedom": 0,
        "max_count": 31,
        "options": [],
        "defaults": []
    },
    "24": {
        "class": "Isotope",
        "ID": 24,
        "element": "Y",
        "infexes": [],
        "freedom": 0,
        "max_count": 43,
        "options": [],
        "defaults": []
    },
    "25": {
        "class": "Isotope",
        "ID": 25,
        "element": "Y",
        "infexes": [],
        "freedom": 0,
        "max_count": 85,
        "options": [],
        "defaults": []
    },
    "26": {
        "class": "Isotope",
        "ID": 26,
        "element": "Y",
        "infexes": [],
        "freedom": 0,
        "max_count": 29,
        "options": [],
        "defaults": []
    },
    "27": {
        "class": "Isotope",
        "ID": 27,
        "element": "Y",
        "infexes": [],
        "freedom": 0,
        "max_count": 22,
        "options": [],
        "defaults": []
    },
    "28": {
        "class": "Isotope",
        "ID": 28,
        "element": "Y",
        "infexes": [],
        "freedom": 0,
        "max_count": 32,
        "options": [],
        "defaults": []
    },
    "29": {
        "class": "Isotope",
        "ID": 29,
        "element": "Y",
        "infexes": [],
        "freedom": 0,
        "max_count": 30,
        "options": [],
        "defaults": []
    },
    "30": {
        "class": "Isotope",
        "ID": 30,
        "element": "Y",
        "infexes": [],
        "freedom": 0,
        "max_count": 55,
        "options": [],
        "defaults": []
    },
    "31": {
        "class": "Isotope",
        "ID": 31,
        "element": "Y",
        "infexes": [],
        "freedom": 0,
        "max_count": 4,
        "options": [],
        "defaults": []
    },
    "32": {
        "class": "Isotope",
        "ID": 32,
        "element": "Y",
        "infexes": [],
        "freedom": 0,
        "max_count": 23,
        "options": [],
        "defaults": []
    },
    "33": {
        "class": "Isotope",
        "ID": 33,
        "element": "Y",
        "infexes": [],
        "freedom": 0,
        "max_count": 25,
        "options": [],
        "defaults": []
    },
    "34": {
        "class": "Isotope",
        "ID": 34,
        "element": "Y",
        "infexes": [],
        "freedom": 0,
        "max_count": 11,
        "options": [],
        "defaults": []
    },
    "35": {
        "class": "Isotope",
        "ID": 35,
        "element": "Y",
        "infexes": [],
        "freedom": 0,
        "max_count": 43,
        "options": [],
        "defaults": []
    },
    "36": {
        "class": "Isotope",
        "ID": 36,
        "element": "Y",
        "infexes": [],
        "freedom": 0,
        "max_count": 25,
        "options": [],
        "defaults": []
    },
    "37": {
        "class": "Isotope",
        "ID": 37,
        "element": "Y",
        "infexes": [],
        "freedom": 0,
        "max_count": 16,
        "options": [],
        "defaults": []
    },
    "38": {
        "class": "Isotope",
        "ID": 38,
        "element": "Y",
        "infexes": [],
        "freedom": 0,
        "max_count": 9,
        "options": [],
        "defaults": []
    },
    "39": {
        "class": "Isotope",
        "ID": 39,
        "element": "Y",
        "infexes": [],
        "freedom": 0,
        "max_count": 29,
        "options": [],
        "defaults": []
    },
    "40": {
        "class": "Isotope",
        "ID": 40,
        "element": "Y",
        "infexes": [],
        "freedom": 0,
        "max_count": 23,
        "options": [],
        "defaults": []
    },
    "41": {
        "class": "Isotope",
        "ID": 41,
        "element": "Y",
        "infexes": [],
        "freedom": 0,
        "max_count": 17,
        "options": [],
        "defaults": []
    },
    "42": {
        "class": "Isotope",
        "ID": 42,
        "element": "INV",
        "infexes": [],
        "freedom": 0.24229752454743197,
        "max_count": 49,
        "options": [
            [
                95
            ],
            [
                47
            ],
            [
                95
            ],
            [
                95
            ]
        ],
        "defaults": [
            [
                95
            ]
        ]
    },
    "43": {
        "class": "Isotope",
        "ID": 43,
        "element": "ARCFAN",
        "infexes": [],
        "freedom": 0.24523344699460786,
        "max_count": 37,
        "options": [
            [
                80,
                95
            ],
            [
                95,
                96
            ]
        ],
        "defaults": [
            [
                95,
                96
            ]
        ]
    },
    "44": {
        "class": "Isotope",
        "ID": 44,
        "element": "AMEAN",
        "infexes": [
            2,
            2
        ],
        "freedom": 0.5230378553672741,
        "max_count": 37,
        "options": [
            [
                95,
                95
            ],
            [
                54,
                47
            ]
        ],
        "defaults": [
            [
                95,
                95
            ]
        ]
    },
    "45": {
        "class": "Isotope",
        "ID": 45,
        "element": "POWER",
        "infexes": [],
        "freedom": 0,
        "max_count": 3,
        "options": [
            [
                77,
                95
            ]
        ],
        "defaults": [
            [
                77,
                95
            ]
        ]
    },
    "46": {
        "class": "Isotope",
        "ID": 46,
        "element": "MINX",
        "infexes": [
            2,
            3
        ],
        "freedom": 0.2674929335187983,
        "max_count": 5,
        "options": [
            [
                50,
                95,
                95
            ],
            [
                61,
                83,
                48
            ]
        ],
        "defaults": [
            [
                50,
                95,
                95
            ]
        ]
    },
    "47": {
        "class": "Isotope",
        "ID": 47,
        "element": "POWER",
        "infexes": [],
        "freedom": 0.03818761394032652,
        "max_count": 12,
        "options": [
            [
                57,
                95
            ],
            [
                47,
                95
            ],
            [
                95,
                60
            ]
        ],
        "defaults": [
            [
                95,
                60
            ]
        ]
    },
    "48": {
        "class": "Isotope",
        "ID": 48,
        "element": "INV",
        "infexes": [],
        "freedom": 0,
        "max_count": 2,
        "options": [
            [
                95
            ]
        ],
        "defaults": [
            [
                95
            ]
        ]
    },
    "49": {
        "class": "Isotope",
        "ID": 49,
        "element": "GMEAN",
        "infexes": [
            3,
            40
        ],
        "freedom": 0.24725111022942112,
        "max_count": 37,
        "options": [
            [
                95,
                96,
                77,
                96,
                95,
                62,
                96,
                60,
                96
            ],
            [
                66,
                95,
                48,
                70,
                90,
                95,
                45,
                59,
                67,
                70,
                67,
                55,
                95,
                46,
                96,
                96,
                59,
                96,
                96,
                66,
                55,
                96,
                95,
                96,
                91,
                50,
                95,
                95,
                96,
                78,
                50,
                88,
                42,
                61,
                70,
                70,
                95,
                61,
                51,
                43
            ],
            [
                71,
                57,
                73,
                95,
                95,
                59,
                86,
                49,
                42,
                96,
                76,
                96,
                72,
                90,
                96,
                89,
                95,
                96,
                96,
                95,
                89,
                48,
                88,
                81,
                96,
                52,
                68,
                53,
                96,
                74,
                70,
                95,
                95,
                68,
                50,
                95,
                95,
                64,
                96,
                96
            ]
        ],
        "defaults": [
            [
                95,
                96,
                77,
                96,
                95,
                62,
                96,
                60,
                96
            ]
        ]
    },
    "50": {
        "class": "Isotope",
        "ID": 50,
        "element": "SIGMOID",
        "infexes": [],
        "freedom": 0,
        "max_count": 9,
        "options": [
            [
                95
            ]
        ],
        "defaults": [
            [
                95
            ]
        ]
    },
    "51": {
        "class": "Isotope",
        "ID": 51,
        "element": "POWER",
        "infexes": [],
        "freedom": 0.5943837471466119,
        "max_count": 49,
        "options": [
            [
                55,
                73
            ],
            [
                95,
                95
            ]
        ],
        "defaults": [
            [
                95,
                95
            ]
        ]
    },
    "52": {
        "class": "Isotope",
        "ID": 52,
        "element": "ARCFAN",
        "infexes": [],
        "freedom": 0.08853273779093679,
        "max_count": 92,
        "options": [
            [
                44,
                67
            ],
            [
                48,
                95
            ]
        ],
        "defaults": [
            [
                48,
                95
            ]
        ]
    },
    "53": {
        "class": "Isotope",
        "ID": 53,
        "element": "INV",
        "infexes": [],
        "freedom": 0.13696613110582836,
        "max_count": 15,
        "options": [
            [
                95
            ],
            [
                55
            ]
        ],
        "defaults": [
            [
                95
            ]
        ]
    },
    "54": {
        "class": "Isotope",
        "ID": 54,
        "element": "SPIN",
        "infexes": [],
        "freedom": 0.3361992474084668,
        "max_count": 25,
        "options": [
            [
                96,
                95,
                95
            ],
            [
                96,
                95,
                95
            ]
        ],
        "defaults": [
            [
                96,
                95,
                95
            ],
            [
                96,
                95,
                95
            ]
        ]
    },
    "55": {
        "class": "Isotope",
        "ID": 55,
        "element": "SPIN",
        "infexes": [],
        "freedom": 0.18497291085367856,
        "max_count": 2,
        "options": [
            [
                96,
                59,
                95
            ],
            [
                72,
                53,
                78
            ],
            [
                95,
                95,
                96
            ]
        ],
        "defaults": [
            [
                95,
                95,
                96
            ]
        ]
    },
    "56": {
        "class": "Isotope",
        "ID": 56,
        "element": "POWER",
        "infexes": [],
        "freedom": 0.29030150794197535,
        "max_count": 39,
        "options": [
            [
                96,
                96
            ],
            [
                56,
                55
            ]
        ],
        "defaults": [
            [
                96,
                96
            ]
        ]
    },
    "57": {
        "class": "Isotope",
        "ID": 57,
        "element": "MINX",
        "infexes": [
            2,
            4
        ],
        "freedom": 0.28859421765612997,
        "max_count": 66,
        "options": [
            [
                96,
                67,
                90,
                67
            ],
            [
                60,
                46,
                95,
                64
            ]
        ],
        "defaults": [
            [
                96,
                67,
                90,
                67
            ]
        ]
    },
    "58": {
        "class": "Isotope",
        "ID": 58,
        "element": "POW",
        "infexes": [],
        "freedom": 0,
        "max_count": 17,
        "options": [
            [
                96
            ]
        ],
        "defaults": [
            [
                96
            ]
        ]
    },
    "59": {
        "class": "Isotope",
        "ID": 59,
        "element": "MINX",
        "infexes": [
            5,
            46
        ],
        "freedom": 0.6109019092305329,
        "max_count": 40,
        "options": [
            [
                47,
                89,
                59,
                55,
                96,
                96,
                95,
                45,
                95,
                96,
                81,
                54,
                82,
                65,
                92,
                96,
                95,
                66,
                96,
                87,
                90,
                79,
                47,
                44,
                91,
                96,
                72,
                95,
                50,
                95,
                96,
                82,
                96,
                92,
                95,
                42,
                83,
                91,
                75,
                96,
                95,
                69,
                95,
                95,
                80,
                67
            ],
            [
                68,
                96,
                96,
                96,
                78,
                96,
                95,
                95,
                69,
                48,
                96,
                95,
                62,
                77,
                95,
                95,
                96,
                92,
                62,
                95,
                96,
                95,
                95,
                95,
                95,
                50,
                95,
                95,
                95,
                61,
                90,
                95,
                92,
                96,
                95,
                95,
                96,
                95,
                69,
                87,
                96,
                95,
                96,
                79
            ]
        ],
        "defaults": [
            [
                68,
                96,
                96,
                96,
                78,
                96,
                95,
                95,
                69,
                48,
                96,
                95,
                62,
                77,
                95,
                95,
                96,
                92,
                62,
                95,
                96,
                95,
                95,
                95,
                95,
                50,
                95,
                95,
                95,
                61,
                90,
                95,
                92,
                96,
                95,
                95,
                96,
                95,
                69,
                87,
                96,
                95,
                96,
                79
            ]
        ]
    },
    "60": {
        "class": "Isotope",
        "ID": 60,
        "element": "INV",
        "infexes": [],
        "freedom": 0.08608321107494248,
        "max_count": 24,
        "options": [
            [
                58
            ],
            [
                96
            ]
        ],
        "defaults": [
            [
                58
            ],
            [
                96
            ]
        ]
    },
    "61": {
        "class": "Isotope",
        "ID": 61,
        "element": "SIN",
        "infexes": [],
        "freedom": 0,
        "max_count": 46,
        "options": [
            [
                96
            ]
        ],
        "defaults": [
            [
                96
            ]
        ]
    },
    "62": {
        "class": "Isotope",
        "ID": 62,
        "element": "SIN",
        "infexes": [],
        "freedom": 0,
        "max_count": 42,
        "options": [
            [
                96
            ]
        ],
        "defaults": [
            [
                96
            ]
        ]
    },
    "63": {
        "class": "Isotope",
        "ID": 63,
        "element": "ARCFAN",
        "infexes": [],
        "freedom": 0.29114131721681763,
        "max_count": 16,
        "options": [
            [
                96,
                83
            ],
            [
                68,
                95
            ]
        ],
        "defaults": [
            [
                68,
                95
            ]
        ]
    },
    "64": {
        "class": "Isotope",
        "ID": 64,
        "element": "POWER",
        "infexes": [],
        "freedom": 0,
        "max_count": 3,
        "options": [
            [
                67,
                86
            ]
        ],
        "defaults": [
            [
                67,
                86
            ]
        ]
    },
    "65": {
        "class": "Isotope",
        "ID": 65,
        "element": "SIN",
        "infexes": [],
        "freedom": 0.4182773839272375,
        "max_count": 28,
        "options": [
            [
                96
            ],
            [
                62
            ],
            [
                96
            ],
            [
                61
            ],
            [
                65
            ]
        ],
        "defaults": [
            [
                96
            ]
        ]
    },
    "66": {
        "class": "Isotope",
        "ID": 66,
        "element": "GMEAN",
        "infexes": [
            3,
            5
        ],
        "freedom": 0.25578020985812505,
        "max_count": 20,
        "options": [
            [
                96,
                47,
                95,
                95,
                96
            ],
            [
                96,
                45,
                87,
                45
            ]
        ],
        "defaults": [
            [
                96,
                45,
                87,
                45
            ]
        ]
    },
    "67": {
        "class": "Isotope",
        "ID": 67,
        "element": "ARCFAN",
        "infexes": [],
        "freedom": 0,
        "max_count": 35,
        "options": [
            [
                96,
                96
            ]
        ],
        "defaults": [
            [
                96,
                96
            ]
        ]
    },
    "68": {
        "class": "Isotope",
        "ID": 68,
        "element": "GMEAN",
        "infexes": [
            2,
            2
        ],
        "freedom": 0,
        "max_count": 1,
        "options": [
            [
                58,
                96
            ]
        ],
        "defaults": [
            [
                58,
                96
            ]
        ]
    },
    "69": {
        "class": "Isotope",
        "ID": 69,
        "element": "GMEAN",
        "infexes": [
            2,
            15
        ],
        "freedom": 0,
        "max_count": 75,
        "options": [
            [
                95,
                96,
                96,
                95,
                96,
                95,
                96,
                95,
                96,
                96,
                95,
                95,
                96,
                96,
                95
            ]
        ],
        "defaults": [
            [
                95,
                96,
                96,
                95,
                96,
                95,
                96,
                95,
                96,
                96,
                95,
                95,
                96,
                96,
                95
            ]
        ]
    },
    "70": {
        "class": "Isotope",
        "ID": 70,
        "element": "GMEAN",
        "infexes": [
            2,
            4
        ],
        "freedom": 0.4700196165320054,
        "max_count": 10,
        "options": [
            [
                95,
                95,
                96,
                95
            ],
            [
                45,
                84,
                96,
                95
            ]
        ],
        "defaults": [
            [
                95,
                95,
                96,
                95
            ],
            [
                45,
                84,
                96,
                95
            ]
        ]
    },
    "71": {
        "class": "Isotope",
        "ID": 71,
        "element": "ARCFAN",
        "infexes": [],
        "freedom": 0.20268033899915722,
        "max_count": 49,
        "options": [
            [
                95,
                96
            ],
            [
                54,
                57
            ]
        ],
        "defaults": [
            [
                95,
                96
            ]
        ]
    },
    "72": {
        "class": "Isotope",
        "ID": 72,
        "element": "MINX",
        "infexes": [
            2,
            4
        ],
        "freedom": 0.21938232555351492,
        "max_count": 82,
        "options": [
            [
                95,
                96,
                95,
                87
            ],
            [
                60,
                57,
                95,
                49
            ]
        ],
        "defaults": [
            [
                95,
                96,
                95,
                87
            ]
        ]
    },
    "73": {
        "class": "Isotope",
        "ID": 73,
        "element": "SPIN",
        "infexes": [],
        "freedom": 0.4112121276707788,
        "max_count": 2,
        "options": [
            [
                95,
                61,
                96
            ],
            [
                96,
                44,
                96
            ]
        ],
        "defaults": [
            [
                95,
                61,
                96
            ]
        ]
    },
    "74": {
        "class": "Isotope",
        "ID": 74,
        "element": "AMEAN",
        "infexes": [
            5,
            5
        ],
        "freedom": 0.2313070682177571,
        "max_count": 15,
        "options": [
            [
                63,
                95,
                60,
                96,
                95
            ],
            [
                95,
                63,
                93,
                96,
                45
            ],
            [
                48,
                96,
                96,
                64,
                50
            ]
        ],
        "defaults": [
            [
                48,
                96,
                96,
                64,
                50
            ]
        ]
    },
    "75": {
        "class": "Isotope",
        "ID": 75,
        "element": "GMEAN",
        "infexes": [
            2,
            6
        ],
        "freedom": 0.21551952625475945,
        "max_count": 30,
        "options": [
            [
                95,
                71,
                52,
                96,
                70,
                55
            ],
            [
                95,
                96,
                96,
                45
            ]
        ],
        "defaults": [
            [
                95,
                96,
                96,
                45
            ]
        ]
    },
    "76": {
        "class": "Isotope",
        "ID": 76,
        "element": "ARCFAN",
        "infexes": [],
        "freedom": 0,
        "max_count": 73,
        "options": [
            [
                95,
                96
            ]
        ],
        "defaults": [
            [
                95,
                96
            ]
        ]
    },
    "77": {
        "class": "Isotope",
        "ID": 77,
        "element": "SPIN",
        "infexes": [],
        "freedom": 0,
        "max_count": 61,
        "options": [
            [
                69,
                78,
                96
            ]
        ],
        "defaults": [
            [
                69,
                78,
                96
            ]
        ]
    },
    "78": {
        "class": "Isotope",
        "ID": 78,
        "element": "SIN",
        "infexes": [],
        "freedom": 0,
        "max_count": 23,
        "options": [
            [
                76
            ]
        ],
        "defaults": [
            [
                76
            ]
        ]
    },
    "79": {
        "class": "Isotope",
        "ID": 79,
        "element": "GMEAN",
        "infexes": [
            3,
            3
        ],
        "freedom": 0,
        "max_count": 12,
        "options": [
            [
                78,
                96,
                69
            ]
        ],
        "defaults": [
            [
                78,
                96,
                69
            ]
        ]
    },
    "80": {
        "class": "Isotope",
        "ID": 80,
        "element": "GMEAN",
        "infexes": [
            4,
            4
        ],
        "freedom": 0.2112369670863099,
        "max_count": 6,
        "options": [
            [
                77,
                90,
                96,
                76
            ],
            [
                70,
                52,
                96,
                50
            ]
        ],
        "defaults": [
            [
                77,
                90,
                96,
                76
            ]
        ]
    },
    "81": {
        "class": "Isotope",
        "ID": 81,
        "element": "SIGMOID",
        "infexes": [],
        "freedom": 0.42628974991429164,
        "max_count": 15,
        "options": [
            [
                82
            ],
            [
                74
            ],
            [
                72
            ],
            [
                74
            ],
            [
                78
            ],
            [
                72
            ],
            [
                79
            ],
            [
                74
            ],
            [
                84
            ]
        ],
        "defaults": [
            [
                79
            ]
        ]
    },
    "82": {
        "class": "Isotope",
        "ID": 82,
        "element": "POW",
        "infexes": [],
        "freedom": 0.3701177920622545,
        "max_count": 39,
        "options": [
            [
                83
            ],
            [
                78
            ]
        ],
        "defaults": [
            [
                78
            ]
        ]
    },
    "83": {
        "class": "Isotope",
        "ID": 83,
        "element": "SPIN",
        "infexes": [],
        "freedom": 0.23406693726576136,
        "max_count": 4,
        "options": [
            [
                78,
                76,
                96
            ],
            [
                95,
                70,
                81
            ]
        ],
        "defaults": [
            [
                78,
                76,
                96
            ]
        ]
    },
    "84": {
        "class": "Isotope",
        "ID": 84,
        "element": "RAND",
        "infexes": [],
        "freedom": 0.1959740941912175,
        "max_count": 65,
        "options": [
            [
                79
            ],
            [
                79
            ]
        ],
        "defaults": [
            [
                79
            ],
            [
                79
            ]
        ]
    },
    "85": {
        "class": "Isotope",
        "ID": 85,
        "element": "RAND",
        "infexes": [],
        "freedom": 0.1913375833785083,
        "max_count": 10,
        "options": [
            [
                78
            ],
            [
                71
            ],
            [
                78
            ]
        ],
        "defaults": [
            [
                78
            ]
        ]
    },
    "86": {
        "class": "Isotope",
        "ID": 86,
        "element": "GMEAN",
        "infexes": [
            2,
            2
        ],
        "freedom": 0,
        "max_count": 1,
        "options": [
            [
                84,
                96
            ]
        ],
        "defaults": [
            [
                84,
                96
            ]
        ]
    },
    "87": {
        "class": "Isotope",
        "ID": 87,
        "element": "SIGMOID",
        "infexes": [],
        "freedom": 0,
        "max_count": 80,
        "options": [
            [
                58
            ]
        ],
        "defaults": [
            [
                58
            ]
        ]
    },
    "88": {
        "class": "Isotope",
        "ID": 88,
        "element": "INV",
        "infexes": [],
        "freedom": 0.4886575563431323,
        "max_count": 7,
        "options": [
            [
                96
            ],
            [
                46
            ]
        ],
        "defaults": [
            [
                96
            ]
        ]
    },
    "89": {
        "class": "Isotope",
        "ID": 89,
        "element": "SIN",
        "infexes": [],
        "freedom": 0.3539164312586443,
        "max_count": 83,
        "options": [
            [
                42
            ],
            [
                96
            ],
            [
                83
            ]
        ],
        "defaults": [
            [
                96
            ]
        ]
    },
    "90": {
        "class": "Isotope",
        "ID": 90,
        "element": "SIN",
        "infexes": [],
        "freedom": 0,
        "max_count": 84,
        "options": [
            [
                95
            ]
        ],
        "defaults": [
            [
                95
            ]
        ]
    },
    "91": {
        "class": "Isotope",
        "ID": 91,
        "element": "GMEAN",
        "infexes": [
            2,
            8
        ],
        "freedom": 0.3906382913427128,
        "max_count": 38,
        "options": [
            [
                91,
                96,
                43,
                89,
                54,
                56,
                96,
                95
            ],
            [
                95,
                73,
                72,
                48,
                81,
                95,
                80,
                82
            ],
            [
                68,
                87,
                95,
                96,
                60,
                96,
                54,
                95
            ]
        ],
        "defaults": [
            [
                68,
                87,
                95,
                96,
                60,
                96,
                54,
                95
            ]
        ]
    },
    "92": {
        "class": "Isotope",
        "ID": 92,
        "element": "INV",
        "infexes": [],
        "freedom": 0,
        "max_count": 20,
        "options": [
            [
                96
            ]
        ],
        "defaults": [
            [
                96
            ]
        ]
    },
    "93": {
        "class": "Isotope",
        "ID": 93,
        "element": "SIN",
        "infexes": [],
        "freedom": 0.33729688151119147,
        "max_count": 18,
        "options": [
            [
                95
            ],
            [
                63
            ],
            [
                64
            ]
        ],
        "defaults": [
            [
                95
            ]
        ]
    },
    "95": {
        "class": "Isotope",
        "ID": 95,
        "element": "IT",
        "infexes": null,
        "freedom": 0,
        "max_count": 1,
        "options": [
            [
                103,
                126,
                181,
                166,
                166
            ],
            [
                103,
                126,
                182,
                175,
                175
            ]
        ],
        "defaults": [
            [
                103,
                126,
                181,
                166,
                166
            ],
            [
                103,
                126,
                182,
                175,
                175
            ]
        ]
    },
    "96": {
        "class": "Isotope",
        "ID": 96,
        "element": "IT",
        "infexes": null,
        "freedom": 0,
        "max_count": 1,
        "options": [
            [
                114,
                35,
                181,
                166,
                166
            ],
            [
                114,
                35,
                182,
                175,
                175
            ]
        ],
        "defaults": [
            [
                114,
                35,
                181,
                166,
                166
            ],
            [
                114,
                35,
                182,
                175,
                175
            ]
        ]
    },
    "103": {
        "class": "Isotope",
        "ID": 103,
        "element": "X",
        "infexes": [],
        "freedom": 0,
        "max_count": 75,
        "options": [],
        "defaults": []
    },
    "104": {
        "class": "Isotope",
        "ID": 104,
        "element": "X",
        "infexes": [],
        "freedom": 0,
        "max_count": 29,
        "options": [],
        "defaults": []
    },
    "105": {
        "class": "Isotope",
        "ID": 105,
        "element": "X",
        "infexes": [],
        "freedom": 0,
        "max_count": 33,
        "options": [],
        "defaults": []
    },
    "106": {
        "class": "Isotope",
        "ID": 106,
        "element": "X",
        "infexes": [],
        "freedom": 0,
        "max_count": 14,
        "options": [],
        "defaults": []
    },
    "107": {
        "class": "Isotope",
        "ID": 107,
        "element": "X",
        "infexes": [],
        "freedom": 0,
        "max_count": 47,
        "options": [],
        "defaults": []
    },
    "108": {
        "class": "Isotope",
        "ID": 108,
        "element": "X",
        "infexes": [],
        "freedom": 0,
        "max_count": 19,
        "options": [],
        "defaults": []
    },
    "109": {
        "class": "Isotope",
        "ID": 109,
        "element": "X",
        "infexes": [],
        "freedom": 0,
        "max_count": 21,
        "options": [],
        "defaults": []
    },
    "110": {
        "class": "Isotope",
        "ID": 110,
        "element": "X",
        "infexes": [],
        "freedom": 0,
        "max_count": 11,
        "options": [],
        "defaults": []
    },
    "111": {
        "class": "Isotope",
        "ID": 111,
        "element": "X",
        "infexes": [],
        "freedom": 0,
        "max_count": 11,
        "options": [],
        "defaults": []
    },
    "112": {
        "class": "Isotope",
        "ID": 112,
        "element": "X",
        "infexes": [],
        "freedom": 0,
        "max_count": 1,
        "options": [],
        "defaults": []
    },
    "113": {
        "class": "Isotope",
        "ID": 113,
        "element": "X",
        "infexes": [],
        "freedom": 0,
        "max_count": 40,
        "options": [],
        "defaults": []
    },
    "114": {
        "class": "Isotope",
        "ID": 114,
        "element": "X",
        "infexes": [],
        "freedom": 0,
        "max_count": 27,
        "options": [],
        "defaults": []
    },
    "115": {
        "class": "Isotope",
        "ID": 115,
        "element": "X",
        "infexes": [],
        "freedom": 0,
        "max_count": 32,
        "options": [],
        "defaults": []
    },
    "116": {
        "class": "Isotope",
        "ID": 116,
        "element": "X",
        "infexes": [],
        "freedom": 0,
        "max_count": 29,
        "options": [],
        "defaults": []
    },
    "117": {
        "class": "Isotope",
        "ID": 117,
        "element": "X",
        "infexes": [],
        "freedom": 0,
        "max_count": 23,
        "options": [],
        "defaults": []
    },
    "118": {
        "class": "Isotope",
        "ID": 118,
        "element": "X",
        "infexes": [],
        "freedom": 0,
        "max_count": 40,
        "options": [],
        "defaults": []
    },
    "119": {
        "class": "Isotope",
        "ID": 119,
        "element": "X",
        "infexes": [],
        "freedom": 0,
        "max_count": 49,
        "options": [],
        "defaults": []
    },
    "120": {
        "class": "Isotope",
        "ID": 120,
        "element": "X",
        "infexes": [],
        "freedom": 0,
        "max_count": 31,
        "options": [],
        "defaults": []
    },
    "121": {
        "class": "Isotope",
        "ID": 121,
        "element": "Y",
        "infexes": [],
        "freedom": 0,
        "max_count": 43,
        "options": [],
        "defaults": []
    },
    "122": {
        "class": "Isotope",
        "ID": 122,
        "element": "Y",
        "infexes": [],
        "freedom": 0,
        "max_count": 85,
        "options": [],
        "defaults": []
    },
    "123": {
        "class": "Isotope",
        "ID": 123,
        "element": "Y",
        "infexes": [],
        "freedom": 0,
        "max_count": 29,
        "options": [],
        "defaults": []
    },
    "124": {
        "class": "Isotope",
        "ID": 124,
        "element": "Y",
        "infexes": [],
        "freedom": 0,
        "max_count": 22,
        "options": [],
        "defaults": []
    },
    "125": {
        "class": "Isotope",
        "ID": 125,
        "element": "Y",
        "infexes": [],
        "freedom": 0,
        "max_count": 32,
        "options": [],
        "defaults": []
    },
    "126": {
        "class": "Isotope",
        "ID": 126,
        "element": "Y",
        "infexes": [],
        "freedom": 0,
        "max_count": 30,
        "options": [],
        "defaults": []
    },
    "127": {
        "class": "Isotope",
        "ID": 127,
        "element": "Y",
        "infexes": [],
        "freedom": 0,
        "max_count": 55,
        "options": [],
        "defaults": []
    },
    "128": {
        "class": "Isotope",
        "ID": 128,
        "element": "Y",
        "infexes": [],
        "freedom": 0,
        "max_count": 4,
        "options": [],
        "defaults": []
    },
    "129": {
        "class": "Isotope",
        "ID": 129,
        "element": "Y",
        "infexes": [],
        "freedom": 0,
        "max_count": 23,
        "options": [],
        "defaults": []
    },
    "130": {
        "class": "Isotope",
        "ID": 130,
        "element": "Y",
        "infexes": [],
        "freedom": 0,
        "max_count": 25,
        "options": [],
        "defaults": []
    },
    "131": {
        "class": "Isotope",
        "ID": 131,
        "element": "Y",
        "infexes": [],
        "freedom": 0,
        "max_count": 11,
        "options": [],
        "defaults": []
    },
    "132": {
        "class": "Isotope",
        "ID": 132,
        "element": "Y",
        "infexes": [],
        "freedom": 0,
        "max_count": 43,
        "options": [],
        "defaults": []
    },
    "133": {
        "class": "Isotope",
        "ID": 133,
        "element": "Y",
        "infexes": [],
        "freedom": 0,
        "max_count": 25,
        "options": [],
        "defaults": []
    },
    "134": {
        "class": "Isotope",
        "ID": 134,
        "element": "Y",
        "infexes": [],
        "freedom": 0,
        "max_count": 16,
        "options": [],
        "defaults": []
    },
    "135": {
        "class": "Isotope",
        "ID": 135,
        "element": "Y",
        "infexes": [],
        "freedom": 0,
        "max_count": 9,
        "options": [],
        "defaults": []
    },
    "136": {
        "class": "Isotope",
        "ID": 136,
        "element": "Y",
        "infexes": [],
        "freedom": 0,
        "max_count": 29,
        "options": [],
        "defaults": []
    },
    "137": {
        "class": "Isotope",
        "ID": 137,
        "element": "Y",
        "infexes": [],
        "freedom": 0,
        "max_count": 23,
        "options": [],
        "defaults": []
    },
    "138": {
        "class": "Isotope",
        "ID": 138,
        "element": "Y",
        "infexes": [],
        "freedom": 0,
        "max_count": 17,
        "options": [],
        "defaults": []
    },
    "139": {
        "class": "Isotope",
        "ID": 139,
        "element": "INV",
        "infexes": [],
        "freedom": 0.24229752454743197,
        "max_count": 49,
        "options": [
            [
                106
            ],
            [
                144
            ],
            [
                118
            ],
            [
                107
            ]
        ],
        "defaults": [
            [
                118
            ]
        ]
    },
    "140": {
        "class": "Isotope",
        "ID": 140,
        "element": "ARCFAN",
        "infexes": [],
        "freedom": 0.24523344699460786,
        "max_count": 37,
        "options": [
            [
                177,
                108
            ],
            [
                111,
                133
            ]
        ],
        "defaults": [
            [
                111,
                133
            ]
        ]
    },
    "141": {
        "class": "Isotope",
        "ID": 141,
        "element": "AMEAN",
        "infexes": [
            2,
            2
        ],
        "freedom": 0.5230378553672741,
        "max_count": 37,
        "options": [
            [
                116,
                109
            ],
            [
                151,
                144
            ]
        ],
        "defaults": [
            [
                116,
                109
            ]
        ]
    },
    "142": {
        "class": "Isotope",
        "ID": 142,
        "element": "POWER",
        "infexes": [],
        "freedom": 0,
        "max_count": 3,
        "options": [
            [
                174,
                106
            ]
        ],
        "defaults": [
            [
                174,
                106
            ]
        ]
    },
    "143": {
        "class": "Isotope",
        "ID": 143,
        "element": "MINX",
        "infexes": [
            2,
            3
        ],
        "freedom": 0.2674929335187983,
        "max_count": 5,
        "options": [
            [
                147,
                104,
                119
            ],
            [
                158,
                180,
                145
            ]
        ],
        "defaults": [
            [
                147,
                104,
                119
            ]
        ]
    },
    "144": {
        "class": "Isotope",
        "ID": 144,
        "element": "POWER",
        "infexes": [],
        "freedom": 0.03818761394032652,
        "max_count": 12,
        "options": [
            [
                154,
                116
            ],
            [
                144,
                119
            ],
            [
                118,
                157
            ]
        ],
        "defaults": [
            [
                118,
                157
            ]
        ]
    },
    "145": {
        "class": "Isotope",
        "ID": 145,
        "element": "INV",
        "infexes": [],
        "freedom": 0,
        "max_count": 2,
        "options": [
            [
                110
            ]
        ],
        "defaults": [
            [
                110
            ]
        ]
    },
    "146": {
        "class": "Isotope",
        "ID": 146,
        "element": "GMEAN",
        "infexes": [
            3,
            40
        ],
        "freedom": 0.24725111022942112,
        "max_count": 37,
        "options": [
            [
                111,
                129,
                174,
                135,
                113,
                159,
                128,
                157,
                132
            ],
            [
                163,
                119,
                145,
                167,
                187,
                109,
                142,
                156,
                164,
                167,
                164,
                152,
                119,
                143,
                121,
                123,
                156,
                121,
                129,
                163,
                152,
                123,
                117,
                131,
                188,
                147,
                116,
                109,
                134,
                175,
                147,
                185,
                139,
                158,
                167,
                167,
                113,
                158,
                148,
                140
            ],
            [
                168,
                154,
                170,
                119,
                114,
                156,
                183,
                146,
                139,
                131,
                173,
                125,
                169,
                187,
                122,
                186,
                105,
                125,
                123,
                114,
                186,
                145,
                185,
                178,
                121,
                149,
                165,
                150,
                134,
                171,
                167,
                114,
                110,
                165,
                147,
                110,
                104,
                161,
                122,
                124
            ]
        ],
        "defaults": [
            [
                111,
                129,
                174,
                135,
                113,
                159,
                128,
                157,
                132
            ]
        ]
    },
    "147": {
        "class": "Isotope",
        "ID": 147,
        "element": "SIGMOID",
        "infexes": [],
        "freedom": 0,
        "max_count": 9,
        "options": [
            [
                104
            ]
        ],
        "defaults": [
            [
                104
            ]
        ]
    },
    "148": {
        "class": "Isotope",
        "ID": 148,
        "element": "POWER",
        "infexes": [],
        "freedom": 0.5943837471466119,
        "max_count": 49,
        "options": [
            [
                152,
                170
            ],
            [
                120,
                107
            ]
        ],
        "defaults": [
            [
                120,
                107
            ]
        ]
    },
    "149": {
        "class": "Isotope",
        "ID": 149,
        "element": "ARCFAN",
        "infexes": [],
        "freedom": 0.08853273779093679,
        "max_count": 92,
        "options": [
            [
                141,
                164
            ],
            [
                145,
                117
            ]
        ],
        "defaults": [
            [
                145,
                117
            ]
        ]
    },
    "150": {
        "class": "Isotope",
        "ID": 150,
        "element": "INV",
        "infexes": [],
        "freedom": 0.13696613110582836,
        "max_count": 15,
        "options": [
            [
                119
            ],
            [
                152
            ]
        ],
        "defaults": [
            [
                119
            ]
        ]
    },
    "151": {
        "class": "Isotope",
        "ID": 151,
        "element": "SPIN",
        "infexes": [],
        "freedom": 0.3361992474084668,
        "max_count": 25,
        "options": [
            [
                134,
                120,
                109
            ],
            [
                128,
                114,
                118
            ]
        ],
        "defaults": [
            [
                134,
                120,
                109
            ],
            [
                128,
                114,
                118
            ]
        ]
    },
    "152": {
        "class": "Isotope",
        "ID": 152,
        "element": "SPIN",
        "infexes": [],
        "freedom": 0.18497291085367856,
        "max_count": 2,
        "options": [
            [
                130,
                156,
                105
            ],
            [
                169,
                150,
                175
            ],
            [
                105,
                114,
                124
            ]
        ],
        "defaults": [
            [
                105,
                114,
                124
            ]
        ]
    },
    "153": {
        "class": "Isotope",
        "ID": 153,
        "element": "POWER",
        "infexes": [],
        "freedom": 0.29030150794197535,
        "max_count": 39,
        "options": [
            [
                133,
                135
            ],
            [
                153,
                152
            ]
        ],
        "defaults": [
            [
                133,
                135
            ]
        ]
    },
    "154": {
        "class": "Isotope",
        "ID": 154,
        "element": "MINX",
        "infexes": [
            2,
            4
        ],
        "freedom": 0.28859421765612997,
        "max_count": 66,
        "options": [
            [
                125,
                164,
                187,
                164
            ],
            [
                157,
                143,
                109,
                161
            ]
        ],
        "defaults": [
            [
                125,
                164,
                187,
                164
            ]
        ]
    },
    "155": {
        "class": "Isotope",
        "ID": 155,
        "element": "POW",
        "infexes": [],
        "freedom": 0,
        "max_count": 17,
        "options": [
            [
                126
            ]
        ],
        "defaults": [
            [
                126
            ]
        ]
    },
    "156": {
        "class": "Isotope",
        "ID": 156,
        "element": "MINX",
        "infexes": [
            5,
            46
        ],
        "freedom": 0.6109019092305329,
        "max_count": 40,
        "options": [
            [
                144,
                186,
                156,
                152,
                133,
                121,
                105,
                142,
                111,
                131,
                178,
                151,
                179,
                162,
                189,
                134,
                118,
                163,
                132,
                184,
                187,
                176,
                144,
                141,
                188,
                128,
                169,
                118,
                147,
                106,
                130,
                179,
                136,
                189,
                120,
                139,
                180,
                188,
                172,
                123,
                105,
                166,
                114,
                103,
                177,
                164
            ],
            [
                165,
                121,
                121,
                137,
                175,
                135,
                110,
                103,
                166,
                145,
                131,
                110,
                159,
                174,
                105,
                112,
                126,
                189,
                159,
                111,
                135,
                115,
                112,
                116,
                120,
                147,
                117,
                112,
                113,
                158,
                187,
                116,
                189,
                131,
                117,
                107,
                127,
                104,
                166,
                184,
                128,
                108,
                129,
                176
            ]
        ],
        "defaults": [
            [
                165,
                121,
                121,
                137,
                175,
                135,
                110,
                103,
                166,
                145,
                131,
                110,
                159,
                174,
                105,
                112,
                126,
                189,
                159,
                111,
                135,
                115,
                112,
                116,
                120,
                147,
                117,
                112,
                113,
                158,
                187,
                116,
                189,
                131,
                117,
                107,
                127,
                104,
                166,
                184,
                128,
                108,
                129,
                176
            ]
        ]
    },
    "157": {
        "class": "Isotope",
        "ID": 157,
        "element": "INV",
        "infexes": [],
        "freedom": 0.08608321107494248,
        "max_count": 24,
        "options": [
            [
                155
            ],
            [
                130
            ]
        ],
        "defaults": [
            [
                155
            ],
            [
                130
            ]
        ]
    },
    "158": {
        "class": "Isotope",
        "ID": 158,
        "element": "SIN",
        "infexes": [],
        "freedom": 0,
        "max_count": 46,
        "options": [
            [
                121
            ]
        ],
        "defaults": [
            [
                121
            ]
        ]
    },
    "159": {
        "class": "Isotope",
        "ID": 159,
        "element": "SIN",
        "infexes": [],
        "freedom": 0,
        "max_count": 42,
        "options": [
            [
                122
            ]
        ],
        "defaults": [
            [
                122
            ]
        ]
    },
    "160": {
        "class": "Isotope",
        "ID": 160,
        "element": "ARCFAN",
        "infexes": [],
        "freedom": 0.29114131721681763,
        "max_count": 16,
        "options": [
            [
                137,
                180
            ],
            [
                165,
                111
            ]
        ],
        "defaults": [
            [
                165,
                111
            ]
        ]
    },
    "161": {
        "class": "Isotope",
        "ID": 161,
        "element": "POWER",
        "infexes": [],
        "freedom": 0,
        "max_count": 3,
        "options": [
            [
                164,
                183
            ]
        ],
        "defaults": [
            [
                164,
                183
            ]
        ]
    },
    "162": {
        "class": "Isotope",
        "ID": 162,
        "element": "SIN",
        "infexes": [],
        "freedom": 0.4182773839272375,
        "max_count": 28,
        "options": [
            [
                134
            ],
            [
                159
            ],
            [
                123
            ],
            [
                158
            ],
            [
                162
            ]
        ],
        "defaults": [
            [
                134
            ]
        ]
    },
    "163": {
        "class": "Isotope",
        "ID": 163,
        "element": "GMEAN",
        "infexes": [
            3,
            5
        ],
        "freedom": 0.25578020985812505,
        "max_count": 20,
        "options": [
            [
                136,
                144,
                119,
                113,
                128
            ],
            [
                126,
                142,
                184,
                142
            ]
        ],
        "defaults": [
            [
                126,
                142,
                184,
                142
            ]
        ]
    },
    "164": {
        "class": "Isotope",
        "ID": 164,
        "element": "ARCFAN",
        "infexes": [],
        "freedom": 0,
        "max_count": 35,
        "options": [
            [
                124,
                126
            ]
        ],
        "defaults": [
            [
                124,
                126
            ]
        ]
    },
    "165": {
        "class": "Isotope",
        "ID": 165,
        "element": "GMEAN",
        "infexes": [
            2,
            2
        ],
        "freedom": 0,
        "max_count": 1,
        "options": [
            [
                155,
                122
            ]
        ],
        "defaults": [
            [
                155,
                122
            ]
        ]
    },
    "166": {
        "class": "Isotope",
        "ID": 166,
        "element": "GMEAN",
        "infexes": [
            2,
            15
        ],
        "freedom": 0,
        "max_count": 75,
        "options": [
            [
                109,
                122,
                134,
                105,
                130,
                108,
                123,
                107,
                124,
                121,
                116,
                115,
                126,
                138,
                115
            ]
        ],
        "defaults": [
            [
                109,
                122,
                134,
                105,
                130,
                108,
                123,
                107,
                124,
                121,
                116,
                115,
                126,
                138,
                115
            ]
        ]
    },
    "167": {
        "class": "Isotope",
        "ID": 167,
        "element": "GMEAN",
        "infexes": [
            2,
            4
        ],
        "freedom": 0.4700196165320054,
        "max_count": 10,
        "options": [
            [
                103,
                117,
                122,
                107
            ],
            [
                142,
                181,
                129,
                115
            ]
        ],
        "defaults": [
            [
                103,
                117,
                122,
                107
            ],
            [
                142,
                181,
                129,
                115
            ]
        ]
    },
    "168": {
        "class": "Isotope",
        "ID": 168,
        "element": "ARCFAN",
        "infexes": [],
        "freedom": 0.20268033899915722,
        "max_count": 49,
        "options": [
            [
                109,
                129
            ],
            [
                151,
                154
            ]
        ],
        "defaults": [
            [
                109,
                129
            ]
        ]
    },
    "169": {
        "class": "Isotope",
        "ID": 169,
        "element": "MINX",
        "infexes": [
            2,
            4
        ],
        "freedom": 0.21938232555351492,
        "max_count": 82,
        "options": [
            [
                113,
                137,
                108,
                184
            ],
            [
                157,
                154,
                107,
                146
            ]
        ],
        "defaults": [
            [
                113,
                137,
                108,
                184
            ]
        ]
    },
    "170": {
        "class": "Isotope",
        "ID": 170,
        "element": "SPIN",
        "infexes": [],
        "freedom": 0.4112121276707788,
        "max_count": 2,
        "options": [
            [
                108,
                158,
                135
            ],
            [
                133,
                141,
                137
            ]
        ],
        "defaults": [
            [
                108,
                158,
                135
            ]
        ]
    },
    "171": {
        "class": "Isotope",
        "ID": 171,
        "element": "AMEAN",
        "infexes": [
            5,
            5
        ],
        "freedom": 0.2313070682177571,
        "max_count": 15,
        "options": [
            [
                160,
                104,
                157,
                124,
                115
            ],
            [
                115,
                160,
                190,
                130,
                142
            ],
            [
                145,
                129,
                128,
                161,
                147
            ]
        ],
        "defaults": [
            [
                145,
                129,
                128,
                161,
                147
            ]
        ]
    },
    "172": {
        "class": "Isotope",
        "ID": 172,
        "element": "GMEAN",
        "infexes": [
            2,
            6
        ],
        "freedom": 0.21551952625475945,
        "max_count": 30,
        "options": [
            [
                110,
                168,
                149,
                130,
                167,
                152
            ],
            [
                110,
                127,
                130,
                142
            ]
        ],
        "defaults": [
            [
                110,
                127,
                130,
                142
            ]
        ]
    },
    "173": {
        "class": "Isotope",
        "ID": 173,
        "element": "ARCFAN",
        "infexes": [],
        "freedom": 0,
        "max_count": 73,
        "options": [
            [
                108,
                131
            ]
        ],
        "defaults": [
            [
                108,
                131
            ]
        ]
    },
    "174": {
        "class": "Isotope",
        "ID": 174,
        "element": "SPIN",
        "infexes": [],
        "freedom": 0,
        "max_count": 61,
        "options": [
            [
                166,
                175,
                126
            ]
        ],
        "defaults": [
            [
                166,
                175,
                126
            ]
        ]
    },
    "175": {
        "class": "Isotope",
        "ID": 175,
        "element": "SIN",
        "infexes": [],
        "freedom": 0,
        "max_count": 23,
        "options": [
            [
                173
            ]
        ],
        "defaults": [
            [
                173
            ]
        ]
    },
    "176": {
        "class": "Isotope",
        "ID": 176,
        "element": "GMEAN",
        "infexes": [
            3,
            3
        ],
        "freedom": 0,
        "max_count": 12,
        "options": [
            [
                175,
                121,
                166
            ]
        ],
        "defaults": [
            [
                175,
                121,
                166
            ]
        ]
    },
    "177": {
        "class": "Isotope",
        "ID": 177,
        "element": "GMEAN",
        "infexes": [
            4,
            4
        ],
        "freedom": 0.2112369670863099,
        "max_count": 6,
        "options": [
            [
                174,
                187,
                129,
                173
            ],
            [
                167,
                149,
                126,
                147
            ]
        ],
        "defaults": [
            [
                174,
                187,
                129,
                173
            ]
        ]
    },
    "178": {
        "class": "Isotope",
        "ID": 178,
        "element": "SIGMOID",
        "infexes": [],
        "freedom": 0.42628974991429164,
        "max_count": 15,
        "options": [
            [
                179
            ],
            [
                171
            ],
            [
                169
            ],
            [
                171
            ],
            [
                175
            ],
            [
                169
            ],
            [
                176
            ],
            [
                171
            ],
            [
                181
            ]
        ],
        "defaults": [
            [
                176
            ]
        ]
    },
    "179": {
        "class": "Isotope",
        "ID": 179,
        "element": "POW",
        "infexes": [],
        "freedom": 0.3701177920622545,
        "max_count": 39,
        "options": [
            [
                180
            ],
            [
                175
            ]
        ],
        "defaults": [
            [
                175
            ]
        ]
    },
    "180": {
        "class": "Isotope",
        "ID": 180,
        "element": "SPIN",
        "infexes": [],
        "freedom": 0.23406693726576136,
        "max_count": 4,
        "options": [
            [
                175,
                173,
                125
            ],
            [
                118,
                167,
                178
            ]
        ],
        "defaults": [
            [
                175,
                173,
                125
            ]
        ]
    },
    "181": {
        "class": "Isotope",
        "ID": 181,
        "element": "RAND",
        "infexes": [],
        "freedom": 0.1959740941912175,
        "max_count": 65,
        "options": [
            [
                176
            ],
            [
                176
            ]
        ],
        "defaults": [
            [
                176
            ],
            [
                176
            ]
        ]
    },
    "182": {
        "class": "Isotope",
        "ID": 182,
        "element": "RAND",
        "infexes": [],
        "freedom": 0.1913375833785083,
        "max_count": 10,
        "options": [
            [
                175
            ],
            [
                168
            ],
            [
                175
            ]
        ],
        "defaults": [
            [
                175
            ]
        ]
    },
    "183": {
        "class": "Isotope",
        "ID": 183,
        "element": "GMEAN",
        "infexes": [
            2,
            2
        ],
        "freedom": 0,
        "max_count": 1,
        "options": [
            [
                181,
                132
            ]
        ],
        "defaults": [
            [
                181,
                132
            ]
        ]
    },
    "184": {
        "class": "Isotope",
        "ID": 184,
        "element": "SIGMOID",
        "infexes": [],
        "freedom": 0,
        "max_count": 80,
        "options": [
            [
                155
            ]
        ],
        "defaults": [
            [
                155
            ]
        ]
    },
    "185": {
        "class": "Isotope",
        "ID": 185,
        "element": "INV",
        "infexes": [],
        "freedom": 0.4886575563431323,
        "max_count": 7,
        "options": [
            [
                138
            ],
            [
                143
            ]
        ],
        "defaults": [
            [
                138
            ]
        ]
    },
    "186": {
        "class": "Isotope",
        "ID": 186,
        "element": "SIN",
        "infexes": [],
        "freedom": 0.3539164312586443,
        "max_count": 83,
        "options": [
            [
                139
            ],
            [
                128
            ],
            [
                180
            ]
        ],
        "defaults": [
            [
                128
            ]
        ]
    },
    "187": {
        "class": "Isotope",
        "ID": 187,
        "element": "SIN",
        "infexes": [],
        "freedom": 0,
        "max_count": 84,
        "options": [
            [
                112
            ]
        ],
        "defaults": [
            [
                112
            ]
        ]
    },
    "188": {
        "class": "Isotope",
        "ID": 188,
        "element": "GMEAN",
        "infexes": [
            2,
            8
        ],
        "freedom": 0.3906382913427128,
        "max_count": 38,
        "options": [
            [
                188,
                122,
                140,
                186,
                151,
                153,
                122,
                103
            ],
            [
                106,
                170,
                169,
                145,
                178,
                106,
                177,
                179
            ],
            [
                165,
                184,
                111,
                128,
                157,
                121,
                151,
                115
            ]
        ],
        "defaults": [
            [
                165,
                184,
                111,
                128,
                157,
                121,
                151,
                115
            ]
        ]
    },
    "189": {
        "class": "Isotope",
        "ID": 189,
        "element": "INV",
        "infexes": [],
        "freedom": 0,
        "max_count": 20,
        "options": [
            [
                123
            ]
        ],
        "defaults": [
            [
                123
            ]
        ]
    },
    "190": {
        "class": "Isotope",
        "ID": 190,
        "element": "SIN",
        "infexes": [],
        "freedom": 0.33729688151119147,
        "max_count": 18,
        "options": [
            [
                107
            ],
            [
                160
            ],
            [
                161
            ]
        ],
        "defaults": [
            [
                107
            ]
        ]
    },
    "191": {
        "class": "Isotope",
        "ID": 191,
        "element": "ROOT_TARGET",
        "infexes": [],
        "freedom": 0.3005747214447333,
        "max_count": 1,
        "options": [
            [
                56
            ],
            [
                40
            ]
        ],
        "defaults": []
    },
    "192": {
        "class": "Isotope",
        "ID": 192,
        "element": "ROOT_AIM",
        "infexes": [],
        "freedom": 0.20818301878208534,
        "max_count": 1,
        "options": [
            [
                142
            ],
            [
                28
            ]
        ],
        "defaults": []
    }
}