{
    "0": {
        "class": "Isotope",
        "ID": 0,
        "element": "ROOT_MAIN",
        "infexes": [],
        "freedom": 0.4884821672342587,
        "max_count": 1,
        "options": [
            [
                94
            ],
            [
                94
            ]
        ],
        "defaults": [
            [
                94
            ]
        ]
    },
    "1": {
        "class": "Isotope",
        "ID": 1,
        "element": "ROOT_HUE",
        "infexes": [],
        "freedom": 0.4485904660091541,
        "max_count": 1,
        "options": [
            [
                96
            ],
            [
                94
            ]
        ],
        "defaults": [
            [
                94
            ]
        ]
    },
    "2": {
        "class": "Isotope",
        "ID": 2,
        "element": "ROOT_SAT",
        "infexes": [],
        "freedom": 0.44940380827937837,
        "max_count": 1,
        "options": [
            [
                89
            ],
            [
                89
            ]
        ],
        "defaults": [
            [
                89
            ]
        ]
    },
    "3": {
        "class": "Isotope",
        "ID": 3,
        "element": "ROOT_VAL",
        "infexes": [],
        "freedom": 0.15056497591348764,
        "max_count": 1,
        "options": [
            [
                89
            ],
            [
                92
            ]
        ],
        "defaults": [
            [
                89
            ]
        ]
    },
    "4": {
        "class": "Isotope",
        "ID": 4,
        "element": "ROOT_PAL",
        "infexes": [],
        "freedom": 0.29290523026603843,
        "max_count": 1,
        "options": [
            [
                85
            ],
            [
                94
            ],
            [
                103
            ]
        ],
        "defaults": [
            [
                94
            ]
        ]
    },
    "5": {
        "class": "Isotope",
        "ID": 5,
        "element": "ROOT_GRAD",
        "infexes": [],
        "freedom": 0.44069233451966733,
        "max_count": 1,
        "options": [
            [
                102
            ],
            [
                92
            ],
            [
                84
            ],
            [
                106
            ],
            [
                88
            ],
            [
                96
            ],
            [
                87
            ],
            [
                96
            ],
            [
                86
            ],
            [
                86
            ],
            [
                90
            ],
            [
                86
            ],
            [
                99
            ],
            [
                105
            ],
            [
                89
            ],
            [
                85
            ],
            [
                84
            ]
        ],
        "defaults": [
            [
                84
            ]
        ]
    },
    "6": {
        "class": "Isotope",
        "ID": 6,
        "element": "X",
        "infexes": [],
        "freedom": 0,
        "max_count": 15,
        "options": [],
        "defaults": []
    },
    "7": {
        "class": "Isotope",
        "ID": 7,
        "element": "X",
        "infexes": [],
        "freedom": 0,
        "max_count": 31,
        "options": [],
        "defaults": []
    },
    "8": {
        "class": "Isotope",
        "ID": 8,
        "element": "X",
        "infexes": [],
        "freedom": 0,
        "max_count": 26,
        "options": [],
        "defaults": []
    },
    "9": {
        "class": "Isotope",
        "ID": 9,
        "element": "X",
        "infexes": [],
        "freedom": 0,
        "max_count": 20,
        "options": [],
        "defaults": []
    },
    "10": {
        "class": "Isotope",
        "ID": 10,
        "element": "X",
        "infexes": [],
        "freedom": 0,
        "max_count": 14,
        "options": [],
        "defaults": []
    },
    "11": {
        "class": "Isotope",
        "ID": 11,
        "element": "X",
        "infexes": [],
        "freedom": 0,
        "max_count": 7,
        "options": [],
        "defaults": []
    },
    "12": {
        "class": "Isotope",
        "ID": 12,
        "element": "X",
        "infexes": [],
        "freedom": 0,
        "max_count": 10,
        "options": [],
        "defaults": []
    },
    "13": {
        "class": "Isotope",
        "ID": 13,
        "element": "X",
        "infexes": [],
        "freedom": 0,
        "max_count": 18,
        "options": [],
        "defaults": []
    },
    "14": {
        "class": "Isotope",
        "ID": 14,
        "element": "X",
        "infexes": [],
        "freedom": 0,
        "max_count": 50,
        "options": [],
        "defaults": []
    },
    "15": {
        "class": "Isotope",
        "ID": 15,
        "element": "X",
        "infexes": [],
        "freedom": 0,
        "max_count": 42,
        "options": [],
        "defaults": []
    },
    "16": {
        "class": "Isotope",
        "ID": 16,
        "element": "X",
        "infexes": [],
        "freedom": 0,
        "max_count": 7,
        "options": [],
        "defaults": []
    },
    "17": {
        "class": "Isotope",
        "ID": 17,
        "element": "X",
        "infexes": [],
        "freedom": 0,
        "max_count": 10,
        "options": [],
        "defaults": []
    },
    "18": {
        "class": "Isotope",
        "ID": 18,
        "element": "X",
        "infexes": [],
        "freedom": 0,
        "max_count": 44,
        "options": [],
        "defaults": []
    },
    "19": {
        "class": "Isotope",
        "ID": 19,
        "element": "X",
        "infexes": [],
        "freedom": 0,
        "max_count": 23,
        "options": [],
        "defaults": []
    },
    "20": {
        "class": "Isotope",
        "ID": 20,
        "element": "X",
        "infexes": [],
        "freedom": 0,
        "max_count": 8,
        "options": [],
        "defaults": []
    },
    "21": {
        "class": "Isotope",
        "ID": 21,
        "element": "X",
        "infexes": [],
        "freedom": 0,
        "max_count": 29,
        "options": [],
        "defaults": []
    },
    "22": {
        "class": "Isotope",
        "ID": 22,
        "element": "X",
        "infexes": [],
        "freedom": 0,
        "max_count": 12,
        "options": [],
        "defaults": []
    },
    "23": {
        "class": "Isotope",
        "ID": 23,
        "element": "X",
        "infexes": [],
        "freedom": 0,
        "max_count": 41,
        "options": [],
        "defaults": []
    },
    "24": {
        "class": "Isotope",
        "ID": 24,
        "element": "X",
        "infexes": [],
        "freedom": 0,
        "max_count": 3,
        "options": [],
        "defaults": []
    },
    "25": {
        "class": "Isotope",
        "ID": 25,
        "element": "X",
        "infexes": [],
        "freedom": 0,
        "max_count": 1,
        "options": [],
        "defaults": []
    },
    "26": {
        "class": "Isotope",
        "ID": 26,
        "element": "X",
        "infexes": [],
        "freedom": 0,
        "max_count": 42,
        "options": [],
        "defaults": []
    },
    "27": {
        "class": "Isotope",
        "ID": 27,
        "element": "X",
        "infexes": [],
        "freedom": 0,
        "max_count": 15,
        "options": [],
        "defaults": []
    },
    "28": {
        "class": "Isotope",
        "ID": 28,
        "element": "X",
        "infexes": [],
        "freedom": 0,
        "max_count": 21,
        "options": [],
        "defaults": []
    },
    "29": {
        "class": "Isotope",
        "ID": 29,
        "element": "X",
        "infexes": [],
        "freedom": 0,
        "max_count": 10,
        "options": [],
        "defaults": []
    },
    "30": {
        "class": "Isotope",
        "ID": 30,
        "element": "Y",
        "infexes": [],
        "freedom": 0,
        "max_count": 4,
        "options": [],
        "defaults": []
    },
    "31": {
        "class": "Isotope",
        "ID": 31,
        "element": "Y",
        "infexes": [],
        "freedom": 0,
        "max_count": 22,
        "options": [],
        "defaults": []
    },
    "32": {
        "class": "Isotope",
        "ID": 32,
        "element": "Y",
        "infexes": [],
        "freedom": 0,
        "max_count": 10,
        "options": [],
        "defaults": []
    },
    "33": {
        "class": "Isotope",
        "ID": 33,
        "element": "Y",
        "infexes": [],
        "freedom": 0,
        "max_count": 21,
        "options": [],
        "defaults": []
    },
    "34": {
        "class": "Isotope",
        "ID": 34,
        "element": "Y",
        "infexes": [],
        "freedom": 0,
        "max_count": 24,
        "options": [],
        "defaults": []
    },
    "35": {
        "class": "Isotope",
        "ID": 35,
        "element": "Y",
        "infexes": [],
        "freedom": 0,
        "max_count": 21,
        "options": [],
        "defaults": []
    },
    "36": {
        "class": "Isotope",
        "ID": 36,
        "element": "Y",
        "infexes": [],
        "freedom": 0,
        "max_count": 58,
        "options": [],
        "defaults": []
    },
    "37": {
        "class": "Isotope",
        "ID": 37,
        "element": "Y",
        "infexes": [],
        "freedom": 0,
        "max_count": 19,
        "options": [],
        "defaults": []
    },
    "38": {
        "class": "Isotope",
        "ID": 38,
        "element": "Y",
        "infexes": [],
        "freedom": 0,
        "max_count": 39,
        "options": [],
        "defaults": []
    },
    "39": {
        "class": "Isotope",
        "ID": 39,
        "element": "Y",
        "infexes": [],
        "freedom": 0,
        "max_count": 25,
        "options": [],
        "defaults": []
    },
    "40": {
        "class": "Isotope",
        "ID": 40,
        "element": "Y",
        "infexes": [],
        "freedom": 0,
        "max_count": 27,
        "options": [],
        "defaults": []
    },
    "41": {
        "class": "Isotope",
        "ID": 41,
        "element": "Y",
        "infexes": [],
        "freedom": 0,
        "max_count": 14,
        "options": [],
        "defaults": []
    },
    "42": {
        "class": "Isotope",
        "ID": 42,
        "element": "Y",
        "infexes": [],
        "freedom": 0,
        "max_count": 62,
        "options": [],
        "defaults": []
    },
    "43": {
        "class": "Isotope",
        "ID": 43,
        "element": "Y",
        "infexes": [],
        "freedom": 0,
        "max_count": 119,
        "options": [],
        "defaults": []
    },
    "44": {
        "class": "Isotope",
        "ID": 44,
        "element": "Y",
        "infexes": [],
        "freedom": 0,
        "max_count": 6,
        "options": [],
        "defaults": []
    },
    "45": {
        "class": "Isotope",
        "ID": 45,
        "element": "Y",
        "infexes": [],
        "freedom": 0,
        "max_count": 9,
        "options": [],
        "defaults": []
    },
    "46": {
        "class": "Isotope",
        "ID": 46,
        "element": "Y",
        "infexes": [],
        "freedom": 0,
        "max_count": 115,
        "options": [],
        "defaults": []
    },
    "47": {
        "class": "Isotope",
        "ID": 47,
        "element": "Y",
        "infexes": [],
        "freedom": 0,
        "max_count": 37,
        "options": [],
        "defaults": []
    },
    "48": {
        "class": "Isotope",
        "ID": 48,
        "element": "Y",
        "infexes": [],
        "freedom": 0,
        "max_count": 74,
        "options": [],
        "defaults": []
    },
    "49": {
        "class": "Isotope",
        "ID": 49,
        "element": "Y",
        "infexes": [],
        "freedom": 0,
        "max_count": 98,
        "options": [],
        "defaults": []
    },
    "50": {
        "class": "Isotope",
        "ID": 50,
        "element": "Y",
        "infexes": [],
        "freedom": 0,
        "max_count": 28,
        "options": [],
        "defaults": []
    },
    "51": {
        "class": "Isotope",
        "ID": 51,
        "element": "Y",
        "infexes": [],
        "freedom": 0,
        "max_count": 2,
        "options": [],
        "defaults": []
    },
    "52": {
        "class": "Isotope",
        "ID": 52,
        "element": "Y",
        "infexes": [],
        "freedom": 0,
        "max_count": 8,
        "options": [],
        "defaults": []
    },
    "53": {
        "class": "Isotope",
        "ID": 53,
        "element": "Y",
        "infexes": [],
        "freedom": 0,
        "max_count": 75,
        "options": [],
        "defaults": []
    },
    "54": {
        "class": "Isotope",
        "ID": 54,
        "element": "POW",
        "infexes": [],
        "freedom": 0,
        "max_count": 68,
        "options": [
            [
                28
            ]
        ],
        "defaults": [
            [
                28
            ]
        ]
    },
    "55": {
        "class": "Isotope",
        "ID": 55,
        "element": "IT",
        "infexes": [],
        "freedom": 0.3114734130847672,
        "max_count": 2,
        "options": [
            [
                22,
                33,
                9,
                29,
                26
            ],
            [
                22,
                33,
                121,
                15,
                93
            ]
        ],
        "defaults": [
            [
                22,
                33,
                9,
                29,
                26
            ]
        ]
    },
    "56": {
        "class": "Isotope",
        "ID": 56,
        "element": "INV",
        "infexes": [],
        "freedom": 0,
        "max_count": 17,
        "options": [
            [
                16
            ]
        ],
        "defaults": [
            [
                16
            ]
        ]
    },
    "57": {
        "class": "Isotope",
        "ID": 57,
        "element": "MINX",
        "infexes": [
            2,
            3
        ],
        "freedom": 0.1951634199081237,
        "max_count": 2,
        "options": [
            [
                17,
                11,
                50
            ],
            [
                44,
                21,
                63
            ]
        ],
        "defaults": [
            [
                17,
                11,
                50
            ]
        ]
    },
    "58": {
        "class": "Isotope",
        "ID": 58,
        "element": "MINX",
        "infexes": [
            2,
            4
        ],
        "freedom": 0.3143755442782211,
        "max_count": 4,
        "options": [
            [
                109,
                105,
                64,
                20
            ],
            [
                27,
                12,
                41,
                29
            ],
            [
                94,
                58,
                47,
                122
            ],
            [
                59,
                87,
                116,
                59
            ],
            [
                38,
                68,
                95,
                41
            ],
            [
                76,
                54,
                42,
                84
            ],
            [
                63,
                65,
                52,
                39
            ],
            [
                94,
                74,
                48,
                19
            ],
            [
                67,
                66,
                70,
                54
            ]
        ],
        "defaults": [
            [
                27,
                12,
                41,
                29
            ]
        ]
    },
    "59": {
        "class": "Isotope",
        "ID": 59,
        "element": "SIGMOID",
        "infexes": [],
        "freedom": 0.2263982538899103,
        "max_count": 146,
        "options": [
            [
                16
            ],
            [
                61
            ]
        ],
        "defaults": [
            [
                16
            ]
        ]
    },
    "60": {
        "class": "Isotope",
        "ID": 60,
        "element": "POWER",
        "infexes": [],
        "freedom": 0.2664085400505073,
        "max_count": 66,
        "options": [
            [
                29,
                53
            ],
            [
                66,
                79
            ]
        ],
        "defaults": [
            [
                29,
                53
            ]
        ]
    },
    "61": {
        "class": "Isotope",
        "ID": 61,
        "element": "IT",
        "infexes": [],
        "freedom": 0.43530904212531835,
        "max_count": 12,
        "options": [
            [
                6,
                30,
                64,
                103,
                70
            ],
            [
                6,
                30,
                12,
                106,
                42
            ],
            [
                6,
                30,
                58,
                98,
                71
            ],
            [
                6,
                30,
                21,
                103,
                110
            ],
            [
                6,
                30,
                8,
                21,
                30
            ],
            [
                6,
                30,
                29,
                63,
                85
            ],
            [
                6,
                30,
                60,
                65,
                66
            ],
            [
                6,
                30,
                119,
                65,
                90
            ],
            [
                6,
                30,
                28,
                16,
                37
            ],
            [
                6,
                30,
                16,
                117,
                15
            ],
            [
                6,
                30,
                70,
                44,
                85
            ],
            [
                6,
                30,
                11,
                54,
                67
            ],
            [
                6,
                30,
                13,
                121,
                62
            ],
            [
                6,
                30,
                39,
                6,
                98
            ],
            [
                6,
                30,
                118,
                20,
                124
            ],
            [
                6,
                30,
                83,
                122,
                26
            ],
            [
                6,
                30,
                37,
                113,
                20
            ]
        ],
        "defaults": [
            [
                6,
                30,
                8,
                21,
                30
            ]
        ]
    },
    "62": {
        "class": "Isotope",
        "ID": 62,
        "element": "SPIN",
        "infexes": [],
        "freedom": 0.3078835531623272,
        "max_count": 10,
        "options": [
            [
                56,
                33,
                13
            ],
            [
                14,
                122,
                13
            ]
        ],
        "defaults": [
            [
                56,
                33,
                13
            ]
        ]
    },
    "63": {
        "class": "Isotope",
        "ID": 63,
        "element": "IT",
        "infexes": [],
        "freedom": 0.08402150513399145,
        "max_count": 8,
        "options": [
            [
                22,
                51,
                7,
                25,
                82
            ],
            [
                22,
                51,
                81,
                57,
                11
            ],
            [
                22,
                51,
                66,
                33,
                119
            ]
        ],
        "defaults": [
            [
                22,
                51,
                7,
                25,
                82
            ]
        ]
    },
    "64": {
        "class": "Isotope",
        "ID": 64,
        "element": "IT",
        "infexes": [],
        "freedom": 0.14560364039317475,
        "max_count": 2,
        "options": [
            [
                10,
                40,
                57,
                48,
                20
            ],
            [
                10,
                40,
                24,
                77,
                14
            ]
        ],
        "defaults": [
            [
                10,
                40,
                24,
                77,
                14
            ]
        ]
    },
    "65": {
        "class": "Isotope",
        "ID": 65,
        "element": "POWER",
        "infexes": [],
        "freedom": 0.241763431585565,
        "max_count": 6,
        "options": [
            [
                71,
                101
            ],
            [
                10,
                77
            ]
        ],
        "defaults": [
            [
                10,
                77
            ]
        ]
    },
    "66": {
        "class": "Isotope",
        "ID": 66,
        "element": "INV",
        "infexes": [],
        "freedom": 0.28192368245389154,
        "max_count": 11,
        "options": [
            [
                14
            ],
            [
                68
            ]
        ],
        "defaults": [
            [
                14
            ]
        ]
    },
    "67": {
        "class": "Isotope",
        "ID": 67,
        "element": "SPIN",
        "infexes": [],
        "freedom": 0.20582489802586698,
        "max_count": 3,
        "options": [
            [
                54,
                69,
                91
            ],
            [
                25,
                30,
                118
            ]
        ],
        "defaults": [
            [
                25,
                30,
                118
            ]
        ]
    },
    "68": {
        "class": "Isotope",
        "ID": 68,
        "element": "POWER",
        "infexes": [],
        "freedom": 0.47947921222202716,
        "max_count": 20,
        "options": [
            [
                20,
                94
            ],
            [
                66,
                71
            ]
        ],
        "defaults": [
            [
                20,
                94
            ]
        ]
    },
    "69": {
        "class": "Isotope",
        "ID": 69,
        "element": "ARCFAN",
        "infexes": [],
        "freedom": 0,
        "max_count": 35,
        "options": [
            [
                22,
                104
            ]
        ],
        "defaults": [
            [
                22,
                104
            ]
        ]
    },
    "70": {
        "class": "Isotope",
        "ID": 70,
        "element": "IT",
        "infexes": [],
        "freedom": 0.8226753324768796,
        "max_count": 7,
        "options": [
            [
                26,
                36,
                15,
                113,
                6
            ],
            [
                26,
                36,
                71,
                57,
                107
            ],
            [
                26,
                36,
                121,
                72,
                69
            ],
            [
                26,
                36,
                14,
                37,
                21
            ]
        ],
        "defaults": [
            [
                26,
                36,
                14,
                37,
                21
            ]
        ]
    },
    "71": {
        "class": "Isotope",
        "ID": 71,
        "element": "POWER",
        "infexes": [],
        "freedom": 0.16310134623711592,
        "max_count": 4,
        "options": [
            [
                22,
                29
            ],
            [
                61,
                41
            ]
        ],
        "defaults": [
            [
                22,
                29
            ]
        ]
    },
    "72": {
        "class": "Isotope",
        "ID": 72,
        "element": "IT",
        "infexes": [],
        "freedom": 0,
        "max_count": 34,
        "options": [
            [
                26,
                45,
                43,
                104,
                41
            ]
        ],
        "defaults": [
            [
                26,
                45,
                43,
                104,
                41
            ]
        ]
    },
    "73": {
        "class": "Isotope",
        "ID": 73,
        "element": "AMEAN",
        "infexes": [
            2,
            2
        ],
        "freedom": 0,
        "max_count": 32,
        "options": [
            [
                45,
                49
            ]
        ],
        "defaults": [
            [
                45,
                49
            ]
        ]
    },
    "74": {
        "class": "Isotope",
        "ID": 74,
        "element": "POWER",
        "infexes": [],
        "freedom": 0.4220629896157105,
        "max_count": 43,
        "options": [
            [
                46,
                34
            ],
            [
                78,
                34
            ]
        ],
        "defaults": [
            [
                46,
                34
            ]
        ]
    },
    "75": {
        "class": "Isotope",
        "ID": 75,
        "element": "IT",
        "infexes": [],
        "freedom": 0,
        "max_count": 20,
        "options": [
            [
                29,
                52,
                73,
                112,
                9
            ]
        ],
        "defaults": [
            [
                29,
                52,
                73,
                112,
                9
            ]
        ]
    },
    "76": {
        "class": "Isotope",
        "ID": 76,
        "element": "SPIN",
        "infexes": [],
        "freedom": 0.2976474522825762,
        "max_count": 24,
        "options": [
            [
                75,
                66,
                38
            ],
            [
                50,
                47,
                36
            ],
            [
                81,
                50,
                83
            ]
        ],
        "defaults": [
            [
                50,
                47,
                36
            ]
        ]
    },
    "77": {
        "class": "Isotope",
        "ID": 77,
        "element": "SIGMOID",
        "infexes": [],
        "freedom": 0.107860260044086,
        "max_count": 7,
        "options": [
            [
                82
            ],
            [
                36
            ]
        ],
        "defaults": [
            [
                82
            ],
            [
                36
            ]
        ]
    },
    "78": {
        "class": "Isotope",
        "ID": 78,
        "element": "AMEAN",
        "infexes": [
            3,
            6
        ],
        "freedom": 0.3423022875030703,
        "max_count": 10,
        "options": [
            [
                38,
                115,
                20,
                109,
                53,
                89
            ],
            [
                75,
                77,
                104
            ]
        ],
        "defaults": [
            [
                75,
                77,
                104
            ]
        ]
    },
    "79": {
        "class": "Isotope",
        "ID": 79,
        "element": "SPIN",
        "infexes": [],
        "freedom": 0.26054594899552286,
        "max_count": 9,
        "options": [
            [
                73,
                107,
                91
            ],
            [
                73,
                28,
                9
            ],
            [
                112,
                72,
                40
            ],
            [
                101,
                50,
                30
            ]
        ],
        "defaults": [
            [
                73,
                28,
                9
            ]
        ]
    },
    "80": {
        "class": "Isotope",
        "ID": 80,
        "element": "POWER",
        "infexes": [],
        "freedom": 0,
        "max_count": 27,
        "options": [
            [
                46,
                112
            ]
        ],
        "defaults": [
            [
                46,
                112
            ]
        ]
    },
    "81": {
        "class": "Isotope",
        "ID": 81,
        "element": "AMEAN",
        "infexes": [
            5,
            6
        ],
        "freedom": 0.3412565774054327,
        "max_count": 9,
        "options": [
            [
                49,
                72,
                113,
                52,
                113,
                34
            ],
            [
                7,
                26,
                14,
                79,
                41,
                102
            ]
        ],
        "defaults": [
            [
                49,
                72,
                113,
                52,
                113,
                34
            ]
        ]
    },
    "82": {
        "class": "Isotope",
        "ID": 82,
        "element": "INV",
        "infexes": [],
        "freedom": 0,
        "max_count": 32,
        "options": [
            [
                51
            ]
        ],
        "defaults": [
            [
                51
            ]
        ]
    },
    "83": {
        "class": "Isotope",
        "ID": 83,
        "element": "MINX",
        "infexes": [
            2,
            2
        ],
        "freedom": 0.30483858443605555,
        "max_count": 55,
        "options": [
            [
                83,
                109
            ],
            [
                50,
                46
            ],
            [
                95,
                31
            ],
            [
                50,
                48
            ],
            [
                37,
                71
            ],
            [
                109,
                31
            ],
            [
                23,
                42
            ],
            [
                124,
                35
            ],
            [
                76,
                40
            ],
            [
                50,
                56
            ],
            [
                44,
                25
            ],
            [
                50,
                120
            ]
        ],
        "defaults": [
            [
                44,
                25
            ]
        ]
    },
    "84": {
        "class": "Isotope",
        "ID": 84,
        "element": "POWER",
        "infexes": [],
        "freedom": 0,
        "max_count": 35,
        "options": [
            [
                43,
                25
            ]
        ],
        "defaults": [
            [
                43,
                25
            ]
        ]
    },
    "85": {
        "class": "Isotope",
        "ID": 85,
        "element": "POWER",
        "infexes": [],
        "freedom": 0.47852016915674567,
        "max_count": 3,
        "options": [
            [
                9,
                74
            ],
            [
                19,
                80
            ]
        ],
        "defaults": [
            [
                19,
                80
            ]
        ]
    },
    "86": {
        "class": "Isotope",
        "ID": 86,
        "element": "IT",
        "infexes": [],
        "freedom": 0.32459983814131954,
        "max_count": 36,
        "options": [
            [
                8,
                33,
                19,
                43,
                89
            ],
            [
                8,
                33,
                50,
                10,
                98
            ]
        ],
        "defaults": [
            [
                8,
                33,
                19,
                43,
                89
            ]
        ]
    },
    "87": {
        "class": "Isotope",
        "ID": 87,
        "element": "IT",
        "infexes": [],
        "freedom": 0.09760395222583905,
        "max_count": 3,
        "options": [
            [
                10,
                42,
                34,
                68,
                64
            ],
            [
                10,
                42,
                14,
                72,
                48
            ]
        ],
        "defaults": [
            [
                10,
                42,
                14,
                72,
                48
            ]
        ]
    },
    "88": {
        "class": "Isotope",
        "ID": 88,
        "element": "ARCFAN",
        "infexes": [],
        "freedom": 0.5498378948805713,
        "max_count": 7,
        "options": [
            [
                18,
                46
            ],
            [
                25,
                81
            ]
        ],
        "defaults": [
            [
                18,
                46
            ]
        ]
    },
    "89": {
        "class": "Isotope",
        "ID": 89,
        "element": "SPIN",
        "infexes": [],
        "freedom": 0,
        "max_count": 9,
        "options": [
            [
                25,
                22,
                37
            ]
        ],
        "defaults": [
            [
                25,
                22,
                37
            ]
        ]
    },
    "90": {
        "class": "Isotope",
        "ID": 90,
        "element": "MINX",
        "infexes": [
            5,
            34
        ],
        "freedom": 0.31959477529834895,
        "max_count": 3,
        "options": [
            [
                38,
                61,
                85,
                119,
                52,
                40,
                92,
                123,
                116,
                58,
                91,
                80,
                68,
                115,
                63,
                12,
                118,
                109,
                19,
                74,
                64,
                124,
                106,
                95,
                88,
                111,
                31,
                33,
                46,
                68,
                58,
                17,
                12,
                24
            ],
            [
                120,
                10,
                93,
                34,
                30,
                19,
                34,
                79,
                83,
                6,
                107,
                37,
                17,
                60,
                11,
                76,
                17,
                108,
                93,
                67,
                89,
                120,
                84,
                10,
                39,
                6,
                122,
                80,
                22,
                53,
                50,
                95,
                39,
                15
            ],
            [
                16,
                41,
                28,
                27,
                16,
                46,
                34,
                104,
                28,
                45,
                36,
                23
            ]
        ],
        "defaults": [
            [
                16,
                41,
                28,
                27,
                16,
                46,
                34,
                104,
                28,
                45,
                36,
                23
            ]
        ]
    },
    "91": {
        "class": "Isotope",
        "ID": 91,
        "element": "POWER",
        "infexes": [],
        "freedom": 0.20942622333255845,
        "max_count": 42,
        "options": [
            [
                18,
                50
            ],
            [
                82,
                19
            ],
            [
                83,
                6
            ]
        ],
        "defaults": [
            [
                18,
                50
            ]
        ]
    },
    "92": {
        "class": "Isotope",
        "ID": 92,
        "element": "IT",
        "infexes": [],
        "freedom": 0.11593930268417682,
        "max_count": 52,
        "options": [
            [
                28,
                35,
                23,
                50,
                53
            ],
            [
                28,
                35,
                34,
                106,
                24
            ]
        ],
        "defaults": [
            [
                28,
                35,
                23,
                50,
                53
            ]
        ]
    },
    "93": {
        "class": "Isotope",
        "ID": 93,
        "element": "AMEAN",
        "infexes": [
            2,
            6
        ],
        "freedom": 0.15721223711785046,
        "max_count": 3,
        "options": [
            [
                56,
                29,
                107,
                6,
                39,
                69
            ],
            [
                70,
                55,
                21,
                116,
                35,
                98
            ],
            [
                12,
                49,
                10
            ]
        ],
        "defaults": [
            [
                12,
                49,
                10
            ]
        ]
    },
    "94": {
        "class": "Isotope",
        "ID": 94,
        "element": "IT",
        "infexes": [],
        "freedom": 0,
        "max_count": 117,
        "options": [
            [
                24,
                45,
                82,
                104,
                6
            ]
        ],
        "defaults": [
            [
                24,
                45,
                82,
                104,
                6
            ]
        ]
    },
    "95": {
        "class": "Isotope",
        "ID": 95,
        "element": "SPIN",
        "infexes": [],
        "freedom": 0.17237108310474988,
        "max_count": 46,
        "options": [
            [
                9,
                94,
                106
            ],
            [
                104,
                84,
                12
            ]
        ],
        "defaults": [
            [
                104,
                84,
                12
            ]
        ]
    },
    "96": {
        "class": "Isotope",
        "ID": 96,
        "element": "GMEAN",
        "infexes": [
            3,
            4
        ],
        "freedom": 0.408214318484469,
        "max_count": 51,
        "options": [
            [
                56,
                98,
                97,
                39
            ],
            [
                84,
                51,
                84,
                16
            ]
        ],
        "defaults": [
            [
                84,
                51,
                84,
                16
            ]
        ]
    },
    "97": {
        "class": "Isotope",
        "ID": 97,
        "element": "IT",
        "infexes": [],
        "freedom": 0.4607850805526681,
        "max_count": 19,
        "options": [
            [
                18,
                52,
                36,
                87,
                103
            ],
            [
                18,
                52,
                84,
                17,
                77
            ]
        ],
        "defaults": [
            [
                18,
                52,
                84,
                17,
                77
            ]
        ]
    },
    "98": {
        "class": "Isotope",
        "ID": 98,
        "element": "IT",
        "infexes": [],
        "freedom": 0.12238048026731661,
        "max_count": 8,
        "options": [
            [
                16,
                36,
                89,
                42,
                38
            ],
            [
                16,
                36,
                57,
                114,
                96
            ]
        ],
        "defaults": [
            [
                16,
                36,
                89,
                42,
                38
            ]
        ]
    },
    "99": {
        "class": "Isotope",
        "ID": 99,
        "element": "POWER",
        "infexes": [],
        "freedom": 0.13004954133292412,
        "max_count": 32,
        "options": [
            [
                84,
                73
            ],
            [
                88,
                57
            ]
        ],
        "defaults": [
            [
                84,
                73
            ]
        ]
    },
    "100": {
        "class": "Isotope",
        "ID": 100,
        "element": "POWER",
        "infexes": [],
        "freedom": 0.18906321041476168,
        "max_count": 6,
        "options": [
            [
                41,
                84
            ],
            [
                89,
                39
            ],
            [
                102,
                58
            ]
        ],
        "defaults": [
            [
                89,
                39
            ]
        ]
    },
    "101": {
        "class": "Isotope",
        "ID": 101,
        "element": "IT",
        "infexes": [],
        "freedom": 0.30660637810860014,
        "max_count": 26,
        "options": [
            [
                7,
                33,
                104,
                36,
                33
            ],
            [
                7,
                33,
                87,
                57,
                105
            ]
        ],
        "defaults": [
            [
                7,
                33,
                104,
                36,
                33
            ]
        ]
    },
    "102": {
        "class": "Isotope",
        "ID": 102,
        "element": "IT",
        "infexes": [],
        "freedom": 0.25300443705057535,
        "max_count": 4,
        "options": [
            [
                27,
                35,
                104,
                11,
                50
            ],
            [
                27,
                35,
                25,
                96,
                7
            ]
        ],
        "defaults": [
            [
                27,
                35,
                104,
                11,
                50
            ]
        ]
    },
    "103": {
        "class": "Isotope",
        "ID": 103,
        "element": "GMEAN",
        "infexes": [
            3,
            4
        ],
        "freedom": 0.39788296668437767,
        "max_count": 3,
        "options": [
            [
                89,
                49,
                56,
                100
            ],
            [
                94,
                33,
                51
            ]
        ],
        "defaults": [
            [
                94,
                33,
                51
            ]
        ]
    },
    "104": {
        "class": "Isotope",
        "ID": 104,
        "element": "INV",
        "infexes": [],
        "freedom": 0,
        "max_count": 13,
        "options": [
            [
                89
            ]
        ],
        "defaults": [
            [
                89
            ]
        ]
    },
    "105": {
        "class": "Isotope",
        "ID": 105,
        "element": "IT",
        "infexes": [],
        "freedom": 0.7170514030039589,
        "max_count": 48,
        "options": [
            [
                29,
                31,
                70,
                85,
                87
            ],
            [
                29,
                31,
                75,
                108,
                87
            ],
            [
                29,
                31,
                90,
                60,
                101
            ],
            [
                29,
                31,
                39,
                92,
                39
            ],
            [
                29,
                31,
                97,
                96,
                79
            ],
            [
                29,
                31,
                84,
                49,
                92
            ],
            [
                29,
                31,
                11,
                84,
                111
            ],
            [
                29,
                31,
                27,
                103,
                36
            ],
            [
                29,
                31,
                100,
                69,
                84
            ],
            [
                29,
                31,
                104,
                45,
                56
            ],
            [
                29,
                31,
                106,
                12,
                120
            ],
            [
                29,
                31,
                10,
                109,
                95
            ],
            [
                29,
                31,
                119,
                97,
                112
            ],
            [
                29,
                31,
                58,
                115,
                95
            ],
            [
                29,
                31,
                28,
                102,
                79
            ],
            [
                29,
                31,
                8,
                109,
                86
            ],
            [
                29,
                31,
                119,
                109,
                104
            ],
            [
                29,
                31,
                44,
                86,
                113
            ],
            [
                29,
                31,
                31,
                87,
                41
            ],
            [
                29,
                31,
                89,
                88,
                105
            ]
        ],
        "defaults": [
            [
                29,
                31,
                104,
                45,
                56
            ]
        ]
    },
    "106": {
        "class": "Isotope",
        "ID": 106,
        "element": "IT",
        "infexes": [],
        "freedom": 0.19377717322891483,
        "max_count": 15,
        "options": [
            [
                18,
                33,
                94,
                124,
                105
            ],
            [
                18,
                33,
                94,
                28,
                22
            ]
        ],
        "defaults": [
            [
                18,
                33,
                94,
                28,
                22
            ]
        ]
    },
    "107": {
        "class": "Isotope",
        "ID": 107,
        "element": "GMEAN",
        "infexes": [
            3,
            10
        ],
        "freedom": 0.27320217774065486,
        "max_count": 30,
        "options": [
            [
                27,
                15,
                102,
                59,
                71,
                96,
                37,
                12,
                47,
                94
            ],
            [
                32,
                29,
                42,
                63,
                72,
                55,
                64,
                27,
                58,
                106
            ],
            [
                50,
                11,
                53,
                72,
                22,
                47
            ]
        ],
        "defaults": [
            [
                50,
                11,
                53,
                72,
                22,
                47
            ]
        ]
    },
    "108": {
        "class": "Isotope",
        "ID": 108,
        "element": "POWER",
        "infexes": [],
        "freedom": 0.2829908728021437,
        "max_count": 94,
        "options": [
            [
                29,
                55
            ],
            [
                19,
                43
            ]
        ],
        "defaults": [
            [
                19,
                43
            ]
        ]
    },
    "109": {
        "class": "Isotope",
        "ID": 109,
        "element": "SPIN",
        "infexes": [],
        "freedom": 0.15627627760258037,
        "max_count": 47,
        "options": [
            [
                110,
                96,
                63
            ],
            [
                9,
                13,
                35
            ]
        ],
        "defaults": [
            [
                9,
                13,
                35
            ]
        ]
    },
    "110": {
        "class": "Isotope",
        "ID": 110,
        "element": "IT",
        "infexes": [],
        "freedom": 0.5673666266304673,
        "max_count": 21,
        "options": [
            [
                27,
                35,
                36,
                6,
                121
            ],
            [
                27,
                35,
                36,
                9,
                11
            ]
        ],
        "defaults": [
            [
                27,
                35,
                36,
                9,
                11
            ]
        ]
    },
    "111": {
        "class": "Isotope",
        "ID": 111,
        "element": "IT",
        "infexes": [],
        "freedom": 0.3674938849212131,
        "max_count": 5,
        "options": [
            [
                10,
                42,
                41,
                123,
                52
            ],
            [
                10,
                42,
                94,
                103,
                87
            ],
            [
                10,
                42,
                48,
                50,
                43
            ]
        ],
        "defaults": [
            [
                10,
                42,
                48,
                50,
                43
            ]
        ]
    },
    "112": {
        "class": "Isotope",
        "ID": 112,
        "element": "POW",
        "infexes": [],
        "freedom": 0,
        "max_count": 3,
        "options": [
            [
                48
            ]
        ],
        "defaults": [
            [
                48
            ]
        ]
    },
    "113": {
        "class": "Isotope",
        "ID": 113,
        "element": "POWER",
        "infexes": [],
        "freedom": 0,
        "max_count": 1,
        "options": [
            [
                23,
                82
            ]
        ],
        "defaults": [
            [
                23,
                82
            ]
        ]
    },
    "114": {
        "class": "Isotope",
        "ID": 114,
        "element": "IT",
        "infexes": [],
        "freedom": 0.2750849112127317,
        "max_count": 47,
        "options": [
            [
                18,
                50,
                66,
                78,
                53
            ],
            [
                18,
                50,
                116,
                56,
                41
            ],
            [
                18,
                50,
                95,
                17,
                123
            ],
            [
                18,
                50,
                84,
                25,
                118
            ],
            [
                18,
                50,
                8,
                38,
                9
            ],
            [
                18,
                50,
                122,
                120,
                98
            ],
            [
                18,
                50,
                70,
                6,
                47
            ],
            [
                18,
                50,
                61,
                96,
                123
            ],
            [
                18,
                50,
                27,
                97,
                104
            ],
            [
                18,
                50,
                35,
                33,
                115
            ],
            [
                18,
                50,
                65,
                92,
                35
            ],
            [
                18,
                50,
                97,
                115,
                16
            ],
            [
                18,
                50,
                121,
                79,
                13
            ],
            [
                18,
                50,
                25,
                32,
                14
            ],
            [
                18,
                50,
                51,
                80,
                22
            ],
            [
                18,
                50,
                101,
                88,
                104
            ],
            [
                18,
                50,
                43,
                103,
                28
            ],
            [
                18,
                50,
                9,
                12,
                19
            ]
        ],
        "defaults": [
            [
                18,
                50,
                51,
                80,
                22
            ]
        ]
    },
    "115": {
        "class": "Isotope",
        "ID": 115,
        "element": "AMEAN",
        "infexes": [
            3,
            3
        ],
        "freedom": 0.33717935031433777,
        "max_count": 21,
        "options": [
            [
                53,
                47,
                30
            ],
            [
                16,
                70,
                119
            ]
        ],
        "defaults": [
            [
                53,
                47,
                30
            ]
        ]
    },
    "116": {
        "class": "Isotope",
        "ID": 116,
        "element": "GMEAN",
        "infexes": [
            3,
            7
        ],
        "freedom": 0.2352428719862374,
        "max_count": 2,
        "options": [
            [
                117,
                91,
                110,
                103,
                109,
                72,
                27
            ],
            [
                45,
                15,
                25,
                72,
                26
            ],
            [
                97,
                68,
                74,
                34,
                20,
                13,
                102
            ]
        ],
        "defaults": [
            [
                45,
                15,
                25,
                72,
                26
            ]
        ]
    },
    "117": {
        "class": "Isotope",
        "ID": 117,
        "element": "POWER",
        "infexes": [],
        "freedom": 0.36367640284005215,
        "max_count": 3,
        "options": [
            [
                58,
                16
            ],
            [
                104,
                41
            ],
            [
                43,
                123
            ],
            [
                88,
                12
            ]
        ],
        "defaults": [
            [
                104,
                41
            ]
        ]
    },
    "118": {
        "class": "Isotope",
        "ID": 118,
        "element": "SPIN",
        "infexes": [],
        "freedom": 0,
        "max_count": 15,
        "options": [
            [
                30,
                49,
                9
            ]
        ],
        "defaults": [
            [
                30,
                49,
                9
            ]
        ]
    },
    "119": {
        "class": "Isotope",
        "ID": 119,
        "element": "INV",
        "infexes": [],
        "freedom": 0.3490974876416419,
        "max_count": 80,
        "options": [
            [
                38
            ],
            [
                113
            ],
            [
                49
            ],
            [
                102
            ],
            [
                83
            ],
            [
                16
            ],
            [
                16
            ],
            [
                64
            ]
        ],
        "defaults": [
            [
                16
            ]
        ]
    },
    "120": {
        "class": "Isotope",
        "ID": 120,
        "element": "AMEAN",
        "infexes": [
            2,
            2
        ],
        "freedom": 0.0706737570765384,
        "max_count": 12,
        "options": [
            [
                124,
                42
            ],
            [
                44,
                72
            ]
        ],
        "defaults": [
            [
                44,
                72
            ]
        ]
    },
    "121": {
        "class": "Isotope",
        "ID": 121,
        "element": "IT",
        "infexes": [],
        "freedom": 0.07458548091966832,
        "max_count": 27,
        "options": [
            [
                26,
                45,
                66,
                90,
                18
            ],
            [
                26,
                45,
                118,
                84,
                9
            ]
        ],
        "defaults": [
            [
                26,
                45,
                118,
                84,
                9
            ]
        ]
    },
    "122": {
        "class": "Isotope",
        "ID": 122,
        "element": "IT",
        "infexes": [],
        "freedom": 0.21189607880274705,
        "max_count": 19,
        "options": [
            [
                27,
                33,
                90,
                38,
                72
            ],
            [
                27,
                33,
                13,
                17,
                34
            ],
            [
                27,
                33,
                74,
                122,
                17
            ]
        ],
        "defaults": [
            [
                27,
                33,
                13,
                17,
                34
            ]
        ]
    },
    "123": {
        "class": "Isotope",
        "ID": 123,
        "element": "SPIN",
        "infexes": [],
        "freedom": 0.37539717894779445,
        "max_count": 23,
        "options": [
            [
                18,
                13,
                36
            ],
            [
                108,
                21,
                79
            ],
            [
                15,
                33,
                84
            ]
        ],
        "defaults": [
            [
                18,
                13,
                36
            ]
        ]
    },
    "124": {
        "class": "Isotope",
        "ID": 124,
        "element": "MINX",
        "infexes": [
            2,
            28
        ],
        "freedom": 0.15179243498842881,
        "max_count": 2,
        "options": [
            [
                104,
                119,
                61,
                17,
                23,
                49,
                42,
                115,
                81,
                42,
                32,
                59,
                80,
                89,
                120,
                93,
                15,
                87,
                21,
                52,
                89,
                69,
                75,
                48,
                118,
                53,
                124,
                9
            ],
            [
                37,
                75,
                22,
                82,
                75,
                89,
                39
            ]
        ],
        "defaults": [
            [
                37,
                75,
                22,
                82,
                75,
                89,
                39
            ]
        ]
    },
    "125": {
        "class": "Isotope",
        "ID": 125,
        "element": "ROOT_TARGET",
        "infexes": [],
        "freedom": 0.8129754653649082,
        "max_count": 1,
        "options": [
            [
                35
            ],
            [
                90
            ]
        ],
        "defaults": []
    },
    "126": {
        "class": "Isotope",
        "ID": 126,
        "element": "ROOT_AIM",
        "infexes": [],
        "freedom": 0.9459873635498371,
        "max_count": 1,
        "options": [
            [
                40
            ],
            [
                43
            ]
        ],
        "defaults": []
    }
}