{
    "0": {
        "class": "Isotope",
        "ID": 0,
        "element": "ROOT_MAIN",
        "infexes": [],
        "freedom": 0.20829459202578957,
        "max_count": 1,
        "options": [
            [
                73
            ],
            [
                65
            ]
        ],
        "defaults": [
            [
                65
            ]
        ]
    },
    "1": {
        "class": "Isotope",
        "ID": 1,
        "element": "ROOT_HUE",
        "infexes": [],
        "freedom": 0.5123342420412977,
        "max_count": 1,
        "options": [
            [
                61
            ],
            [
                71
            ]
        ],
        "defaults": [
            [
                71
            ]
        ]
    },
    "2": {
        "class": "Isotope",
        "ID": 2,
        "element": "ROOT_SAT",
        "infexes": [],
        "freedom": 0.24495882022577686,
        "max_count": 1,
        "options": [
            [
                59
            ],
            [
                68
            ],
            [
                65
            ]
        ],
        "defaults": [
            [
                65
            ]
        ]
    },
    "3": {
        "class": "Isotope",
        "ID": 3,
        "element": "ROOT_VAL",
        "infexes": [],
        "freedom": 0.19815409083010693,
        "max_count": 1,
        "options": [
            [
                71
            ],
            [
                64
            ]
        ],
        "defaults": [
            [
                71
            ]
        ]
    },
    "4": {
        "class": "Isotope",
        "ID": 4,
        "element": "ROOT_PAL",
        "infexes": [],
        "freedom": 0.20488883296867227,
        "max_count": 1,
        "options": [
            [
                71
            ],
            [
                67
            ],
            [
                58
            ]
        ],
        "defaults": [
            [
                58
            ]
        ]
    },
    "5": {
        "class": "Isotope",
        "ID": 5,
        "element": "ROOT_GRAD",
        "infexes": [],
        "freedom": 0.1525614445621414,
        "max_count": 1,
        "options": [
            [
                66
            ],
            [
                71
            ]
        ],
        "defaults": [
            [
                71
            ]
        ]
    },
    "6": {
        "class": "Isotope",
        "ID": 6,
        "element": "X",
        "infexes": [],
        "freedom": 0,
        "max_count": 67,
        "options": [],
        "defaults": []
    },
    "7": {
        "class": "Isotope",
        "ID": 7,
        "element": "X",
        "infexes": [],
        "freedom": 0,
        "max_count": 60,
        "options": [],
        "defaults": []
    },
    "8": {
        "class": "Isotope",
        "ID": 8,
        "element": "X",
        "infexes": [],
        "freedom": 0,
        "max_count": 13,
        "options": [],
        "defaults": []
    },
    "9": {
        "class": "Isotope",
        "ID": 9,
        "element": "X",
        "infexes": [],
        "freedom": 0,
        "max_count": 68,
        "options": [],
        "defaults": []
    },
    "10": {
        "class": "Isotope",
        "ID": 10,
        "element": "X",
        "infexes": [],
        "freedom": 0,
        "max_count": 31,
        "options": [],
        "defaults": []
    },
    "11": {
        "class": "Isotope",
        "ID": 11,
        "element": "X",
        "infexes": [],
        "freedom": 0,
        "max_count": 38,
        "options": [],
        "defaults": []
    },
    "12": {
        "class": "Isotope",
        "ID": 12,
        "element": "X",
        "infexes": [],
        "freedom": 0,
        "max_count": 48,
        "options": [],
        "defaults": []
    },
    "13": {
        "class": "Isotope",
        "ID": 13,
        "element": "X",
        "infexes": [],
        "freedom": 0,
        "max_count": 54,
        "options": [],
        "defaults": []
    },
    "14": {
        "class": "Isotope",
        "ID": 14,
        "element": "X",
        "infexes": [],
        "freedom": 0,
        "max_count": 1,
        "options": [],
        "defaults": []
    },
    "15": {
        "class": "Isotope",
        "ID": 15,
        "element": "X",
        "infexes": [],
        "freedom": 0,
        "max_count": 12,
        "options": [],
        "defaults": []
    },
    "16": {
        "class": "Isotope",
        "ID": 16,
        "element": "X",
        "infexes": [],
        "freedom": 0,
        "max_count": 36,
        "options": [],
        "defaults": []
    },
    "17": {
        "class": "Isotope",
        "ID": 17,
        "element": "X",
        "infexes": [],
        "freedom": 0,
        "max_count": 57,
        "options": [],
        "defaults": []
    },
    "18": {
        "class": "Isotope",
        "ID": 18,
        "element": "X",
        "infexes": [],
        "freedom": 0,
        "max_count": 46,
        "options": [],
        "defaults": []
    },
    "19": {
        "class": "Isotope",
        "ID": 19,
        "element": "X",
        "infexes": [],
        "freedom": 0,
        "max_count": 25,
        "options": [],
        "defaults": []
    },
    "20": {
        "class": "Isotope",
        "ID": 20,
        "element": "X",
        "infexes": [],
        "freedom": 0,
        "max_count": 48,
        "options": [],
        "defaults": []
    },
    "21": {
        "class": "Isotope",
        "ID": 21,
        "element": "X",
        "infexes": [],
        "freedom": 0,
        "max_count": 57,
        "options": [],
        "defaults": []
    },
    "22": {
        "class": "Isotope",
        "ID": 22,
        "element": "Y",
        "infexes": [],
        "freedom": 0,
        "max_count": 30,
        "options": [],
        "defaults": []
    },
    "23": {
        "class": "Isotope",
        "ID": 23,
        "element": "Y",
        "infexes": [],
        "freedom": 0,
        "max_count": 25,
        "options": [],
        "defaults": []
    },
    "24": {
        "class": "Isotope",
        "ID": 24,
        "element": "Y",
        "infexes": [],
        "freedom": 0,
        "max_count": 49,
        "options": [],
        "defaults": []
    },
    "25": {
        "class": "Isotope",
        "ID": 25,
        "element": "Y",
        "infexes": [],
        "freedom": 0,
        "max_count": 19,
        "options": [],
        "defaults": []
    },
    "26": {
        "class": "Isotope",
        "ID": 26,
        "element": "Y",
        "infexes": [],
        "freedom": 0,
        "max_count": 2,
        "options": [],
        "defaults": []
    },
    "27": {
        "class": "Isotope",
        "ID": 27,
        "element": "Y",
        "infexes": [],
        "freedom": 0,
        "max_count": 10,
        "options": [],
        "defaults": []
    },
    "28": {
        "class": "Isotope",
        "ID": 28,
        "element": "Y",
        "infexes": [],
        "freedom": 0,
        "max_count": 39,
        "options": [],
        "defaults": []
    },
    "29": {
        "class": "Isotope",
        "ID": 29,
        "element": "Y",
        "infexes": [],
        "freedom": 0,
        "max_count": 48,
        "options": [],
        "defaults": []
    },
    "30": {
        "class": "Isotope",
        "ID": 30,
        "element": "Y",
        "infexes": [],
        "freedom": 0,
        "max_count": 8,
        "options": [],
        "defaults": []
    },
    "31": {
        "class": "Isotope",
        "ID": 31,
        "element": "Y",
        "infexes": [],
        "freedom": 0,
        "max_count": 12,
        "options": [],
        "defaults": []
    },
    "32": {
        "class": "Isotope",
        "ID": 32,
        "element": "Y",
        "infexes": [],
        "freedom": 0,
        "max_count": 78,
        "options": [],
        "defaults": []
    },
    "33": {
        "class": "Isotope",
        "ID": 33,
        "element": "Y",
        "infexes": [],
        "freedom": 0,
        "max_count": 20,
        "options": [],
        "defaults": []
    },
    "34": {
        "class": "Isotope",
        "ID": 34,
        "element": "Y",
        "infexes": [],
        "freedom": 0,
        "max_count": 52,
        "options": [],
        "defaults": []
    },
    "35": {
        "class": "Isotope",
        "ID": 35,
        "element": "Y",
        "infexes": [],
        "freedom": 0,
        "max_count": 57,
        "options": [],
        "defaults": []
    },
    "36": {
        "class": "Isotope",
        "ID": 36,
        "element": "Y",
        "infexes": [],
        "freedom": 0,
        "max_count": 70,
        "options": [],
        "defaults": []
    },
    "37": {
        "class": "Isotope",
        "ID": 37,
        "element": "Y",
        "infexes": [],
        "freedom": 0,
        "max_count": 8,
        "options": [],
        "defaults": []
    },
    "38": {
        "class": "Isotope",
        "ID": 38,
        "element": "MINX",
        "infexes": [
            4,
            4
        ],
        "freedom": 0.3227225470166671,
        "max_count": 8,
        "options": [
            [
                88,
                70,
                87,
                87
            ],
            [
                87,
                87,
                87,
                88
            ]
        ],
        "defaults": [
            [
                87,
                87,
                87,
                88
            ]
        ]
    },
    "39": {
        "class": "Isotope",
        "ID": 39,
        "element": "POW",
        "infexes": [],
        "freedom": 0,
        "max_count": 33,
        "options": [
            [
                87
            ]
        ],
        "defaults": [
            [
                87
            ]
        ]
    },
    "40": {
        "class": "Isotope",
        "ID": 40,
        "element": "SIGMOID",
        "infexes": [],
        "freedom": 0.06002134068478937,
        "max_count": 4,
        "options": [
            [
                45
            ],
            [
                87
            ],
            [
                47
            ],
            [
                40
            ],
            [
                87
            ],
            [
                87
            ],
            [
                87
            ],
            [
                87
            ],
            [
                87
            ],
            [
                87
            ]
        ],
        "defaults": [
            [
                87
            ]
        ]
    },
    "41": {
        "class": "Isotope",
        "ID": 41,
        "element": "GMEAN",
        "infexes": [
            9,
            48
        ],
        "freedom": 0.6476639199149337,
        "max_count": 48,
        "options": [
            [
                84,
                61,
                73,
                56,
                55,
                88,
                82,
                76,
                88,
                88,
                69,
                81,
                87,
                85,
                60,
                87,
                87,
                87,
                60,
                87,
                71,
                88,
                87,
                79,
                87,
                77,
                48,
                84,
                50,
                87,
                87,
                43,
                88,
                69,
                68,
                44,
                44,
                52,
                82,
                64,
                82,
                61,
                81,
                65,
                87,
                88,
                41,
                79
            ],
            [
                87,
                56,
                48,
                87,
                88,
                87,
                51,
                78,
                56,
                88,
                88,
                39,
                87,
                78,
                87,
                87,
                85,
                87,
                85,
                87,
                88,
                88,
                48,
                78,
                58,
                87
            ]
        ],
        "defaults": [
            [
                87,
                56,
                48,
                87,
                88,
                87,
                51,
                78,
                56,
                88,
                88,
                39,
                87,
                78,
                87,
                87,
                85,
                87,
                85,
                87,
                88,
                88,
                48,
                78,
                58,
                87
            ]
        ]
    },
    "42": {
        "class": "Isotope",
        "ID": 42,
        "element": "SIN",
        "infexes": [],
        "freedom": 0,
        "max_count": 12,
        "options": [
            [
                87
            ]
        ],
        "defaults": [
            [
                87
            ]
        ]
    },
    "43": {
        "class": "Isotope",
        "ID": 43,
        "element": "SIN",
        "infexes": [],
        "freedom": 0,
        "max_count": 9,
        "options": [
            [
                87
            ]
        ],
        "defaults": [
            [
                87
            ]
        ]
    },
    "44": {
        "class": "Isotope",
        "ID": 44,
        "element": "POWER",
        "infexes": [],
        "freedom": 0.19424019165385462,
        "max_count": 8,
        "options": [
            [
                55,
                87
            ],
            [
                48,
                87
            ],
            [
                87,
                80
            ]
        ],
        "defaults": [
            [
                48,
                87
            ]
        ]
    },
    "45": {
        "class": "Isotope",
        "ID": 45,
        "element": "GMEAN",
        "infexes": [
            5,
            8
        ],
        "freedom": 0.47259934877938536,
        "max_count": 67,
        "options": [
            [
                87,
                88,
                87,
                42,
                88,
                87,
                88
            ],
            [
                87,
                44,
                56,
                47,
                38,
                87,
                69,
                39
            ]
        ],
        "defaults": [
            [
                87,
                88,
                87,
                42,
                88,
                87,
                88
            ]
        ]
    },
    "46": {
        "class": "Isotope",
        "ID": 46,
        "element": "POWER",
        "infexes": [],
        "freedom": 0.3800569875144323,
        "max_count": 50,
        "options": [
            [
                87,
                71
            ],
            [
                88,
                87
            ],
            [
                46,
                87
            ]
        ],
        "defaults": [
            [
                87,
                71
            ]
        ]
    },
    "47": {
        "class": "Isotope",
        "ID": 47,
        "element": "POWER",
        "infexes": [],
        "freedom": 0.0544177547658698,
        "max_count": 6,
        "options": [
            [
                61,
                48
            ],
            [
                87,
                88
            ]
        ],
        "defaults": [
            [
                87,
                88
            ]
        ]
    },
    "48": {
        "class": "Isotope",
        "ID": 48,
        "element": "POWER",
        "infexes": [],
        "freedom": 0,
        "max_count": 11,
        "options": [
            [
                88,
                43
            ]
        ],
        "defaults": [
            [
                88,
                43
            ]
        ]
    },
    "49": {
        "class": "Isotope",
        "ID": 49,
        "element": "SIGMOID",
        "infexes": [],
        "freedom": 0.20782801677874804,
        "max_count": 73,
        "options": [
            [
                87
            ],
            [
                87
            ],
            [
                87
            ]
        ],
        "defaults": [
            [
                87
            ],
            [
                87
            ],
            [
                87
            ]
        ]
    },
    "50": {
        "class": "Isotope",
        "ID": 50,
        "element": "RAND",
        "infexes": [],
        "freedom": 0,
        "max_count": 3,
        "options": [
            [
                88
            ]
        ],
        "defaults": [
            [
                88
            ]
        ]
    },
    "51": {
        "class": "Isotope",
        "ID": 51,
        "element": "POWER",
        "infexes": [],
        "freedom": 0,
        "max_count": 18,
        "options": [
            [
                88,
                87
            ]
        ],
        "defaults": [
            [
                88,
                87
            ]
        ]
    },
    "52": {
        "class": "Isotope",
        "ID": 52,
        "element": "INV",
        "infexes": [],
        "freedom": 0.13359167674017533,
        "max_count": 50,
        "options": [
            [
                57
            ],
            [
                88
            ]
        ],
        "defaults": [
            [
                88
            ]
        ]
    },
    "53": {
        "class": "Isotope",
        "ID": 53,
        "element": "SPIN",
        "infexes": [],
        "freedom": 0.6672288011703318,
        "max_count": 8,
        "options": [
            [
                88,
                88,
                49
            ],
            [
                81,
                88,
                84
            ]
        ],
        "defaults": [
            [
                88,
                88,
                49
            ]
        ]
    },
    "54": {
        "class": "Isotope",
        "ID": 54,
        "element": "AMEAN",
        "infexes": [
            2,
            10
        ],
        "freedom": 0.24970985369729043,
        "max_count": 1,
        "options": [
            [
                88,
                88,
                74,
                68,
                39,
                82,
                75,
                87,
                81,
                39
            ],
            [
                88,
                87,
                87
            ],
            [
                88,
                62,
                88,
                88,
                51,
                76,
                49,
                88,
                88,
                88
            ]
        ],
        "defaults": [
            [
                88,
                87,
                87
            ]
        ]
    },
    "55": {
        "class": "Isotope",
        "ID": 55,
        "element": "POWER",
        "infexes": [],
        "freedom": 0,
        "max_count": 74,
        "options": [
            [
                88,
                88
            ]
        ],
        "defaults": [
            [
                88,
                88
            ]
        ]
    },
    "56": {
        "class": "Isotope",
        "ID": 56,
        "element": "SIGMOID",
        "infexes": [],
        "freedom": 0,
        "max_count": 32,
        "options": [
            [
                50
            ]
        ],
        "defaults": [
            [
                50
            ]
        ]
    },
    "57": {
        "class": "Isotope",
        "ID": 57,
        "element": "RAND",
        "infexes": [],
        "freedom": 0.06280933471257899,
        "max_count": 53,
        "options": [
            [
                88
            ],
            [
                88
            ],
            [
                88
            ],
            [
                52
            ],
            [
                88
            ],
            [
                88
            ],
            [
                88
            ],
            [
                52
            ]
        ],
        "defaults": [
            [
                88
            ]
        ]
    },
    "58": {
        "class": "Isotope",
        "ID": 58,
        "element": "MINX",
        "infexes": [
            2,
            2
        ],
        "freedom": 0.32900749660089257,
        "max_count": 56,
        "options": [
            [
                87,
                88
            ],
            [
                87,
                88
            ]
        ],
        "defaults": [
            [
                87,
                88
            ],
            [
                87,
                88
            ]
        ]
    },
    "59": {
        "class": "Isotope",
        "ID": 59,
        "element": "POWER",
        "infexes": [],
        "freedom": 0.33510459727727154,
        "max_count": 33,
        "options": [
            [
                87,
                56
            ],
            [
                52,
                87
            ]
        ],
        "defaults": [
            [
                87,
                56
            ]
        ]
    },
    "60": {
        "class": "Isotope",
        "ID": 60,
        "element": "GMEAN",
        "infexes": [
            4,
            8
        ],
        "freedom": 0.15926830920630783,
        "max_count": 5,
        "options": [
            [
                87,
                88,
                39,
                55,
                87,
                87,
                55,
                87
            ],
            [
                42,
                50,
                88,
                45,
                87,
                88,
                61,
                84
            ]
        ],
        "defaults": [
            [
                87,
                88,
                39,
                55,
                87,
                87,
                55,
                87
            ]
        ]
    },
    "61": {
        "class": "Isotope",
        "ID": 61,
        "element": "AMEAN",
        "infexes": [
            4,
            17
        ],
        "freedom": 0.2842635484108197,
        "max_count": 41,
        "options": [
            [
                87,
                88,
                87,
                71,
                88,
                71,
                43,
                88,
                58,
                88,
                88,
                88,
                88,
                88,
                87,
                87
            ],
            [
                51,
                75,
                88,
                49,
                63,
                83,
                88,
                80,
                84,
                88,
                88,
                51,
                87,
                53,
                88,
                88,
                88
            ]
        ],
        "defaults": [
            [
                87,
                88,
                87,
                71,
                88,
                71,
                43,
                88,
                58,
                88,
                88,
                88,
                88,
                88,
                87,
                87
            ]
        ]
    },
    "62": {
        "class": "Isotope",
        "ID": 62,
        "element": "GMEAN",
        "infexes": [
            5,
            5
        ],
        "freedom": 0.1696732074250884,
        "max_count": 61,
        "options": [
            [
                87,
                88,
                88,
                87,
                88
            ],
            [
                87,
                53,
                87,
                87,
                87
            ]
        ],
        "defaults": [
            [
                87,
                88,
                88,
                87,
                88
            ]
        ]
    },
    "63": {
        "class": "Isotope",
        "ID": 63,
        "element": "POWER",
        "infexes": [],
        "freedom": 0,
        "max_count": 21,
        "options": [
            [
                50,
                87
            ]
        ],
        "defaults": [
            [
                50,
                87
            ]
        ]
    },
    "64": {
        "class": "Isotope",
        "ID": 64,
        "element": "MINX",
        "infexes": [
            3,
            31
        ],
        "freedom": 0.51794363420396,
        "max_count": 16,
        "options": [
            [
                87,
                88,
                88,
                88,
                48,
                87,
                72,
                88,
                88,
                88,
                87,
                87,
                88,
                87,
                87,
                87,
                88,
                72,
                50,
                87,
                88,
                50,
                48,
                42,
                87,
                88
            ],
            [
                51,
                87,
                87,
                87,
                88,
                53,
                81,
                59,
                88,
                87,
                87,
                88,
                69,
                88,
                88,
                56,
                87,
                82,
                88,
                84,
                88,
                41,
                87,
                74,
                87,
                82,
                59,
                87,
                82,
                82,
                88
            ],
            [
                44,
                43,
                61,
                83,
                78,
                45,
                87,
                88,
                55,
                81,
                84,
                87,
                75,
                88,
                88,
                87,
                68,
                87,
                87,
                73,
                81,
                88,
                79,
                87,
                75,
                40,
                63,
                87,
                84,
                62,
                87
            ],
            [
                78,
                46,
                87,
                85,
                88,
                88,
                88,
                87,
                47,
                87,
                48,
                75,
                59,
                55,
                71,
                87,
                45,
                87,
                51,
                61,
                61,
                80,
                88,
                53,
                57,
                68,
                88,
                87,
                88,
                88,
                81
            ]
        ],
        "defaults": [
            [
                87,
                88,
                88,
                88,
                48,
                87,
                72,
                88,
                88,
                88,
                87,
                87,
                88,
                87,
                87,
                87,
                88,
                72,
                50,
                87,
                88,
                50,
                48,
                42,
                87,
                88
            ]
        ]
    },
    "65": {
        "class": "Isotope",
        "ID": 65,
        "element": "MINX",
        "infexes": [
            4,
            6
        ],
        "freedom": 0,
        "max_count": 25,
        "options": [
            [
                87,
                55,
                48,
                63,
                87,
                87
            ]
        ],
        "defaults": [
            [
                87,
                55,
                48,
                63,
                87,
                87
            ]
        ]
    },
    "66": {
        "class": "Isotope",
        "ID": 66,
        "element": "POWER",
        "infexes": [],
        "freedom": 0.27026516776603926,
        "max_count": 31,
        "options": [
            [
                63,
                88
            ],
            [
                76,
                62
            ]
        ],
        "defaults": [
            [
                63,
                88
            ]
        ]
    },
    "67": {
        "class": "Isotope",
        "ID": 67,
        "element": "GMEAN",
        "infexes": [
            2,
            6
        ],
        "freedom": 0.3034819820632614,
        "max_count": 9,
        "options": [
            [
                71,
                88,
                88,
                85
            ],
            [
                45,
                66,
                42,
                70,
                54,
                79
            ]
        ],
        "defaults": [
            [
                71,
                88,
                88,
                85
            ]
        ]
    },
    "68": {
        "class": "Isotope",
        "ID": 68,
        "element": "POWER",
        "infexes": [],
        "freedom": 0.1600805205974726,
        "max_count": 11,
        "options": [
            [
                87,
                63
            ],
            [
                58,
                63
            ],
            [
                72,
                59
            ],
            [
                66,
                78
            ]
        ],
        "defaults": [
            [
                58,
                63
            ]
        ]
    },
    "69": {
        "class": "Isotope",
        "ID": 69,
        "element": "ARCFAN",
        "infexes": [],
        "freedom": 0.46160527468469037,
        "max_count": 40,
        "options": [
            [
                63,
                51
            ],
            [
                81,
                58
            ]
        ],
        "defaults": [
            [
                63,
                51
            ]
        ]
    },
    "70": {
        "class": "Isotope",
        "ID": 70,
        "element": "INV",
        "infexes": [],
        "freedom": 0.34609691784858404,
        "max_count": 27,
        "options": [
            [
                72
            ],
            [
                66
            ]
        ],
        "defaults": [
            [
                72
            ]
        ]
    },
    "71": {
        "class": "Isotope",
        "ID": 71,
        "element": "RAND",
        "infexes": [],
        "freedom": 0,
        "max_count": 32,
        "options": [
            [
                65
            ]
        ],
        "defaults": [
            [
                65
            ]
        ]
    },
    "72": {
        "class": "Isotope",
        "ID": 72,
        "element": "GMEAN",
        "infexes": [
            2,
            4
        ],
        "freedom": 0,
        "max_count": 59,
        "options": [
            [
                65,
                87,
                88,
                71
            ]
        ],
        "defaults": [
            [
                65,
                87,
                88,
                71
            ]
        ]
    },
    "73": {
        "class": "Isotope",
        "ID": 73,
        "element": "SPIN",
        "infexes": [],
        "freedom": 0.22487224342023798,
        "max_count": 23,
        "options": [
            [
                62,
                88,
                64
            ],
            [
                72,
                87,
                88
            ]
        ],
        "defaults": [
            [
                72,
                87,
                88
            ]
        ]
    },
    "74": {
        "class": "Isotope",
        "ID": 74,
        "element": "RAND",
        "infexes": [],
        "freedom": 0.20577479165691032,
        "max_count": 11,
        "options": [
            [
                46
            ],
            [
                87
            ]
        ],
        "defaults": [
            [
                87
            ]
        ]
    },
    "75": {
        "class": "Isotope",
        "ID": 75,
        "element": "MINX",
        "infexes": [
            3,
            5
        ],
        "freedom": 0.49811029445848687,
        "max_count": 43,
        "options": [
            [
                78,
                42,
                85,
                87,
                87
            ],
            [
                64,
                88,
                87,
                42,
                88
            ],
            [
                45,
                46,
                88,
                43,
                49
            ],
            [
                69,
                88,
                54,
                88,
                88
            ],
            [
                46,
                87,
                87,
                60,
                65
            ],
            [
                88,
                87,
                65,
                42,
                87
            ],
            [
                65,
                81,
                50,
                56,
                40
            ]
        ],
        "defaults": [
            [
                78,
                42,
                85,
                87,
                87
            ]
        ]
    },
    "76": {
        "class": "Isotope",
        "ID": 76,
        "element": "GMEAN",
        "infexes": [
            4,
            34
        ],
        "freedom": 0.06909067740179498,
        "max_count": 16,
        "options": [
            [
                87,
                87,
                45,
                88,
                61,
                88,
                87,
                39,
                48,
                77,
                78,
                56,
                87,
                60,
                84,
                87,
                76,
                54,
                76,
                49,
                81,
                88,
                87,
                88,
                87,
                39,
                88,
                51,
                59,
                51,
                40,
                65,
                88,
                88
            ],
            [
                57,
                43,
                72,
                83,
                46,
                50,
                88,
                45,
                82,
                38,
                49,
                87,
                85,
                88,
                53,
                39,
                41,
                87,
                71,
                87,
                87,
                75,
                88,
                44,
                82,
                87,
                50,
                87,
                78,
                88,
                80,
                88,
                40,
                40
            ],
            [
                87,
                87,
                87,
                42,
                87,
                88,
                87,
                88,
                87,
                78,
                88,
                85,
                88,
                88,
                87,
                63,
                88,
                55,
                87,
                78,
                87,
                49,
                58
            ]
        ],
        "defaults": [
            [
                87,
                87,
                87,
                42,
                87,
                88,
                87,
                88,
                87,
                78,
                88,
                85,
                88,
                88,
                87,
                63,
                88,
                55,
                87,
                78,
                87,
                49,
                58
            ]
        ]
    },
    "77": {
        "class": "Isotope",
        "ID": 77,
        "element": "GMEAN",
        "infexes": [
            4,
            5
        ],
        "freedom": 0.2115113772557845,
        "max_count": 12,
        "options": [
            [
                49,
                58,
                50,
                87
            ],
            [
                61,
                59,
                83,
                69,
                82
            ],
            [
                88,
                88,
                87,
                81,
                88
            ],
            [
                87,
                87,
                74,
                88,
                87
            ],
            [
                88,
                87,
                55,
                47,
                78
            ],
            [
                87,
                40,
                64,
                46,
                88
            ],
            [
                44,
                60,
                88,
                69,
                88
            ],
            [
                57,
                59,
                46,
                70,
                64
            ],
            [
                87,
                78,
                80,
                76,
                87
            ],
            [
                62,
                81,
                40,
                87,
                71
            ],
            [
                46,
                88,
                87,
                58,
                88
            ],
            [
                88,
                77,
                88,
                74,
                87
            ],
            [
                66,
                62,
                53,
                53,
                46
            ]
        ],
        "defaults": [
            [
                49,
                58,
                50,
                87
            ]
        ]
    },
    "78": {
        "class": "Isotope",
        "ID": 78,
        "element": "POW",
        "infexes": [],
        "freedom": 0.5651283303557968,
        "max_count": 18,
        "options": [
            [
                88
            ],
            [
                88
            ]
        ],
        "defaults": [
            [
                88
            ],
            [
                88
            ]
        ]
    },
    "79": {
        "class": "Isotope",
        "ID": 79,
        "element": "MINX",
        "infexes": [
            4,
            6
        ],
        "freedom": 0.3599598951502985,
        "max_count": 65,
        "options": [
            [
                87,
                87,
                88,
                72
            ],
            [
                76,
                87,
                57,
                51,
                80,
                46
            ]
        ],
        "defaults": [
            [
                87,
                87,
                88,
                72
            ]
        ]
    },
    "80": {
        "class": "Isotope",
        "ID": 80,
        "element": "SIGMOID",
        "infexes": [],
        "freedom": 0.5334005418742944,
        "max_count": 17,
        "options": [
            [
                51
            ],
            [
                59
            ]
        ],
        "defaults": [
            [
                51
            ]
        ]
    },
    "81": {
        "class": "Isotope",
        "ID": 81,
        "element": "INV",
        "infexes": [],
        "freedom": 0.42426705056513414,
        "max_count": 9,
        "options": [
            [
                76
            ],
            [
                88
            ]
        ],
        "defaults": [
            [
                88
            ]
        ]
    },
    "82": {
        "class": "Isotope",
        "ID": 82,
        "element": "RAND",
        "infexes": [],
        "freedom": 0.25577531161124195,
        "max_count": 7,
        "options": [
            [
                78
            ],
            [
                53
            ],
            [
                87
            ],
            [
                88
            ],
            [
                70
            ],
            [
                65
            ],
            [
                85
            ],
            [
                87
            ],
            [
                87
            ],
            [
                88
            ],
            [
                87
            ],
            [
                56
            ],
            [
                59
            ],
            [
                62
            ],
            [
                41
            ]
        ],
        "defaults": [
            [
                87
            ]
        ]
    },
    "83": {
        "class": "Isotope",
        "ID": 83,
        "element": "ARCFAN",
        "infexes": [],
        "freedom": 0.22952316210374424,
        "max_count": 45,
        "options": [
            [
                87,
                88
            ],
            [
                59,
                55
            ],
            [
                88,
                45
            ]
        ],
        "defaults": [
            [
                87,
                88
            ]
        ]
    },
    "84": {
        "class": "Isotope",
        "ID": 84,
        "element": "SIGMOID",
        "infexes": [],
        "freedom": 0.5252332940522605,
        "max_count": 19,
        "options": [
            [
                87
            ],
            [
                54
            ]
        ],
        "defaults": [
            [
                87
            ]
        ]
    },
    "85": {
        "class": "Isotope",
        "ID": 85,
        "element": "SIGMOID",
        "infexes": [],
        "freedom": 0,
        "max_count": 79,
        "options": [
            [
                87
            ]
        ],
        "defaults": [
            [
                87
            ]
        ]
    },
    "87": {
        "class": "Isotope",
        "ID": 87,
        "element": "IT",
        "infexes": null,
        "freedom": 0,
        "max_count": 1,
        "options": [
            [
                102,
                126,
                162,
                160,
                160
            ],
            [
                102,
                126,
                154,
                153,
                153
            ]
        ],
        "defaults": [
            [
                102,
                126,
                162,
                160,
                160
            ],
            [
                102,
                126,
                154,
                153,
                153
            ]
        ]
    },
    "88": {
        "class": "Isotope",
        "ID": 88,
        "element": "IT",
        "infexes": null,
        "freedom": 0,
        "max_count": 1,
        "options": [
            [
                7,
                35,
                162,
                160,
                160
            ],
            [
                7,
                35,
                154,
                153,
                153
            ]
        ],
        "defaults": [
            [
                7,
                35,
                162,
                160,
                160
            ],
            [
                7,
                35,
                154,
                153,
                153
            ]
        ]
    },
    "95": {
        "class": "Isotope",
        "ID": 95,
        "element": "X",
        "infexes": [],
        "freedom": 0,
        "max_count": 67,
        "options": [],
        "defaults": []
    },
    "96": {
        "class": "Isotope",
        "ID": 96,
        "element": "X",
        "infexes": [],
        "freedom": 0,
        "max_count": 60,
        "options": [],
        "defaults": []
    },
    "97": {
        "class": "Isotope",
        "ID": 97,
        "element": "X",
        "infexes": [],
        "freedom": 0,
        "max_count": 13,
        "options": [],
        "defaults": []
    },
    "98": {
        "class": "Isotope",
        "ID": 98,
        "element": "X",
        "infexes": [],
        "freedom": 0,
        "max_count": 68,
        "options": [],
        "defaults": []
    },
    "99": {
        "class": "Isotope",
        "ID": 99,
        "element": "X",
        "infexes": [],
        "freedom": 0,
        "max_count": 31,
        "options": [],
        "defaults": []
    },
    "100": {
        "class": "Isotope",
        "ID": 100,
        "element": "X",
        "infexes": [],
        "freedom": 0,
        "max_count": 38,
        "options": [],
        "defaults": []
    },
    "101": {
        "class": "Isotope",
        "ID": 101,
        "element": "X",
        "infexes": [],
        "freedom": 0,
        "max_count": 48,
        "options": [],
        "defaults": []
    },
    "102": {
        "class": "Isotope",
        "ID": 102,
        "element": "X",
        "infexes": [],
        "freedom": 0,
        "max_count": 54,
        "options": [],
        "defaults": []
    },
    "103": {
        "class": "Isotope",
        "ID": 103,
        "element": "X",
        "infexes": [],
        "freedom": 0,
        "max_count": 1,
        "options": [],
        "defaults": []
    },
    "104": {
        "class": "Isotope",
        "ID": 104,
        "element": "X",
        "infexes": [],
        "freedom": 0,
        "max_count": 12,
        "options": [],
        "defaults": []
    },
    "105": {
        "class": "Isotope",
        "ID": 105,
        "element": "X",
        "infexes": [],
        "freedom": 0,
        "max_count": 36,
        "options": [],
        "defaults": []
    },
    "106": {
        "class": "Isotope",
        "ID": 106,
        "element": "X",
        "infexes": [],
        "freedom": 0,
        "max_count": 57,
        "options": [],
        "defaults": []
    },
    "107": {
        "class": "Isotope",
        "ID": 107,
        "element": "X",
        "infexes": [],
        "freedom": 0,
        "max_count": 46,
        "options": [],
        "defaults": []
    },
    "108": {
        "class": "Isotope",
        "ID": 108,
        "element": "X",
        "infexes": [],
        "freedom": 0,
        "max_count": 25,
        "options": [],
        "defaults": []
    },
    "109": {
        "class": "Isotope",
        "ID": 109,
        "element": "X",
        "infexes": [],
        "freedom": 0,
        "max_count": 48,
        "options": [],
        "defaults": []
    },
    "110": {
        "class": "Isotope",
        "ID": 110,
        "element": "X",
        "infexes": [],
        "freedom": 0,
        "max_count": 57,
        "options": [],
        "defaults": []
    },
    "111": {
        "class": "Isotope",
        "ID": 111,
        "element": "Y",
        "infexes": [],
        "freedom": 0,
        "max_count": 30,
        "options": [],
        "defaults": []
    },
    "112": {
        "class": "Isotope",
        "ID": 112,
        "element": "Y",
        "infexes": [],
        "freedom": 0,
        "max_count": 25,
        "options": [],
        "defaults": []
    },
    "113": {
        "class": "Isotope",
        "ID": 113,
        "element": "Y",
        "infexes": [],
        "freedom": 0,
        "max_count": 49,
        "options": [],
        "defaults": []
    },
    "114": {
        "class": "Isotope",
        "ID": 114,
        "element": "Y",
        "infexes": [],
        "freedom": 0,
        "max_count": 19,
        "options": [],
        "defaults": []
    },
    "115": {
        "class": "Isotope",
        "ID": 115,
        "element": "Y",
        "infexes": [],
        "freedom": 0,
        "max_count": 2,
        "options": [],
        "defaults": []
    },
    "116": {
        "class": "Isotope",
        "ID": 116,
        "element": "Y",
        "infexes": [],
        "freedom": 0,
        "max_count": 10,
        "options": [],
        "defaults": []
    },
    "117": {
        "class": "Isotope",
        "ID": 117,
        "element": "Y",
        "infexes": [],
        "freedom": 0,
        "max_count": 39,
        "options": [],
        "defaults": []
    },
    "118": {
        "class": "Isotope",
        "ID": 118,
        "element": "Y",
        "infexes": [],
        "freedom": 0,
        "max_count": 48,
        "options": [],
        "defaults": []
    },
    "119": {
        "class": "Isotope",
        "ID": 119,
        "element": "Y",
        "infexes": [],
        "freedom": 0,
        "max_count": 8,
        "options": [],
        "defaults": []
    },
    "120": {
        "class": "Isotope",
        "ID": 120,
        "element": "Y",
        "infexes": [],
        "freedom": 0,
        "max_count": 12,
        "options": [],
        "defaults": []
    },
    "121": {
        "class": "Isotope",
        "ID": 121,
        "element": "Y",
        "infexes": [],
        "freedom": 0,
        "max_count": 78,
        "options": [],
        "defaults": []
    },
    "122": {
        "class": "Isotope",
        "ID": 122,
        "element": "Y",
        "infexes": [],
        "freedom": 0,
        "max_count": 20,
        "options": [],
        "defaults": []
    },
    "123": {
        "class": "Isotope",
        "ID": 123,
        "element": "Y",
        "infexes": [],
        "freedom": 0,
        "max_count": 52,
        "options": [],
        "defaults": []
    },
    "124": {
        "class": "Isotope",
        "ID": 124,
        "element": "Y",
        "infexes": [],
        "freedom": 0,
        "max_count": 57,
        "options": [],
        "defaults": []
    },
    "125": {
        "class": "Isotope",
        "ID": 125,
        "element": "Y",
        "infexes": [],
        "freedom": 0,
        "max_count": 70,
        "options": [],
        "defaults": []
    },
    "126": {
        "class": "Isotope",
        "ID": 126,
        "element": "Y",
        "infexes": [],
        "freedom": 0,
        "max_count": 8,
        "options": [],
        "defaults": []
    },
    "127": {
        "class": "Isotope",
        "ID": 127,
        "element": "MINX",
        "infexes": [
            4,
            4
        ],
        "freedom": 0.3227225470166671,
        "max_count": 8,
        "options": [
            [
                123,
                159,
                109,
                106
            ],
            [
                100,
                105,
                110,
                120
            ]
        ],
        "defaults": [
            [
                100,
                105,
                110,
                120
            ]
        ]
    },
    "128": {
        "class": "Isotope",
        "ID": 128,
        "element": "POW",
        "infexes": [],
        "freedom": 0,
        "max_count": 33,
        "options": [
            [
                105
            ]
        ],
        "defaults": [
            [
                105
            ]
        ]
    },
    "129": {
        "class": "Isotope",
        "ID": 129,
        "element": "SIGMOID",
        "infexes": [],
        "freedom": 0.06002134068478937,
        "max_count": 4,
        "options": [
            [
                134
            ],
            [
                104
            ],
            [
                136
            ],
            [
                129
            ],
            [
                106
            ],
            [
                106
            ],
            [
                108
            ],
            [
                105
            ],
            [
                103
            ],
            [
                104
            ]
        ],
        "defaults": [
            [
                106
            ]
        ]
    },
    "130": {
        "class": "Isotope",
        "ID": 130,
        "element": "GMEAN",
        "infexes": [
            9,
            48
        ],
        "freedom": 0.6476639199149337,
        "max_count": 48,
        "options": [
            [
                173,
                150,
                162,
                145,
                144,
                121,
                171,
                165,
                120,
                123,
                158,
                170,
                105,
                174,
                149,
                100,
                95,
                105,
                149,
                106,
                160,
                111,
                109,
                168,
                98,
                166,
                137,
                173,
                139,
                110,
                100,
                132,
                120,
                158,
                157,
                133,
                133,
                141,
                171,
                153,
                171,
                150,
                170,
                154,
                101,
                111,
                130,
                168
            ],
            [
                103,
                145,
                137,
                95,
                113,
                105,
                140,
                167,
                145,
                126,
                124,
                128,
                104,
                167,
                106,
                110,
                174,
                97,
                174,
                109,
                117,
                112,
                137,
                167,
                147,
                95
            ]
        ],
        "defaults": [
            [
                103,
                145,
                137,
                95,
                113,
                105,
                140,
                167,
                145,
                126,
                124,
                128,
                104,
                167,
                106,
                110,
                174,
                97,
                174,
                109,
                117,
                112,
                137,
                167,
                147,
                95
            ]
        ]
    },
    "131": {
        "class": "Isotope",
        "ID": 131,
        "element": "SIN",
        "infexes": [],
        "freedom": 0,
        "max_count": 12,
        "options": [
            [
                102
            ]
        ],
        "defaults": [
            [
                102
            ]
        ]
    },
    "132": {
        "class": "Isotope",
        "ID": 132,
        "element": "SIN",
        "infexes": [],
        "freedom": 0,
        "max_count": 9,
        "options": [
            [
                95
            ]
        ],
        "defaults": [
            [
                95
            ]
        ]
    },
    "133": {
        "class": "Isotope",
        "ID": 133,
        "element": "POWER",
        "infexes": [],
        "freedom": 0.19424019165385462,
        "max_count": 8,
        "options": [
            [
                144,
                99
            ],
            [
                137,
                101
            ],
            [
                98,
                169
            ]
        ],
        "defaults": [
            [
                137,
                101
            ]
        ]
    },
    "134": {
        "class": "Isotope",
        "ID": 134,
        "element": "GMEAN",
        "infexes": [
            5,
            8
        ],
        "freedom": 0.47259934877938536,
        "max_count": 67,
        "options": [
            [
                96,
                121,
                95,
                131,
                115,
                104,
                121
            ],
            [
                105,
                133,
                145,
                136,
                127,
                103,
                158,
                128
            ]
        ],
        "defaults": [
            [
                96,
                121,
                95,
                131,
                115,
                104,
                121
            ]
        ]
    },
    "135": {
        "class": "Isotope",
        "ID": 135,
        "element": "POWER",
        "infexes": [],
        "freedom": 0.3800569875144323,
        "max_count": 50,
        "options": [
            [
                95,
                160
            ],
            [
                116,
                96
            ],
            [
                135,
                105
            ]
        ],
        "defaults": [
            [
                95,
                160
            ]
        ]
    },
    "136": {
        "class": "Isotope",
        "ID": 136,
        "element": "POWER",
        "infexes": [],
        "freedom": 0.0544177547658698,
        "max_count": 6,
        "options": [
            [
                150,
                137
            ],
            [
                109,
                119
            ]
        ],
        "defaults": [
            [
                109,
                119
            ]
        ]
    },
    "137": {
        "class": "Isotope",
        "ID": 137,
        "element": "POWER",
        "infexes": [],
        "freedom": 0,
        "max_count": 11,
        "options": [
            [
                124,
                132
            ]
        ],
        "defaults": [
            [
                124,
                132
            ]
        ]
    },
    "138": {
        "class": "Isotope",
        "ID": 138,
        "element": "SIGMOID",
        "infexes": [],
        "freedom": 0.20782801677874804,
        "max_count": 73,
        "options": [
            [
                97
            ],
            [
                98
            ],
            [
                100
            ]
        ],
        "defaults": [
            [
                97
            ],
            [
                98
            ],
            [
                100
            ]
        ]
    },
    "139": {
        "class": "Isotope",
        "ID": 139,
        "element": "RAND",
        "infexes": [],
        "freedom": 0,
        "max_count": 3,
        "options": [
            [
                117
            ]
        ],
        "defaults": [
            [
                117
            ]
        ]
    },
    "140": {
        "class": "Isotope",
        "ID": 140,
        "element": "POWER",
        "infexes": [],
        "freedom": 0,
        "max_count": 18,
        "options": [
            [
                117,
                95
            ]
        ],
        "defaults": [
            [
                117,
                95
            ]
        ]
    },
    "141": {
        "class": "Isotope",
        "ID": 141,
        "element": "INV",
        "infexes": [],
        "freedom": 0.13359167674017533,
        "max_count": 50,
        "options": [
            [
                146
            ],
            [
                117
            ]
        ],
        "defaults": [
            [
                117
            ]
        ]
    },
    "142": {
        "class": "Isotope",
        "ID": 142,
        "element": "SPIN",
        "infexes": [],
        "freedom": 0.6672288011703318,
        "max_count": 8,
        "options": [
            [
                123,
                120,
                138
            ],
            [
                170,
                116,
                173
            ]
        ],
        "defaults": [
            [
                123,
                120,
                138
            ]
        ]
    },
    "143": {
        "class": "Isotope",
        "ID": 143,
        "element": "AMEAN",
        "infexes": [
            2,
            10
        ],
        "freedom": 0.24970985369729043,
        "max_count": 1,
        "options": [
            [
                121,
                117,
                163,
                157,
                128,
                171,
                164,
                110,
                170,
                128
            ],
            [
                117,
                98,
                106
            ],
            [
                122,
                151,
                117,
                116,
                140,
                165,
                138,
                126,
                126,
                117
            ]
        ],
        "defaults": [
            [
                117,
                98,
                106
            ]
        ]
    },
    "144": {
        "class": "Isotope",
        "ID": 144,
        "element": "POWER",
        "infexes": [],
        "freedom": 0,
        "max_count": 74,
        "options": [
            [
                121,
                117
            ]
        ],
        "defaults": [
            [
                121,
                117
            ]
        ]
    },
    "145": {
        "class": "Isotope",
        "ID": 145,
        "element": "SIGMOID",
        "infexes": [],
        "freedom": 0,
        "max_count": 32,
        "options": [
            [
                139
            ]
        ],
        "defaults": [
            [
                139
            ]
        ]
    },
    "146": {
        "class": "Isotope",
        "ID": 146,
        "element": "RAND",
        "infexes": [],
        "freedom": 0.06280933471257899,
        "max_count": 53,
        "options": [
            [
                125
            ],
            [
                117
            ],
            [
                116
            ],
            [
                141
            ],
            [
                123
            ],
            [
                114
            ],
            [
                115
            ],
            [
                141
            ]
        ],
        "defaults": [
            [
                117
            ]
        ]
    },
    "147": {
        "class": "Isotope",
        "ID": 147,
        "element": "MINX",
        "infexes": [
            2,
            2
        ],
        "freedom": 0.32900749660089257,
        "max_count": 56,
        "options": [
            [
                106,
                113
            ],
            [
                102,
                121
            ]
        ],
        "defaults": [
            [
                106,
                113
            ],
            [
                102,
                121
            ]
        ]
    },
    "148": {
        "class": "Isotope",
        "ID": 148,
        "element": "POWER",
        "infexes": [],
        "freedom": 0.33510459727727154,
        "max_count": 33,
        "options": [
            [
                106,
                145
            ],
            [
                141,
                96
            ]
        ],
        "defaults": [
            [
                106,
                145
            ]
        ]
    },
    "149": {
        "class": "Isotope",
        "ID": 149,
        "element": "GMEAN",
        "infexes": [
            4,
            8
        ],
        "freedom": 0.15926830920630783,
        "max_count": 5,
        "options": [
            [
                99,
                114,
                128,
                144,
                101,
                97,
                144,
                109
            ],
            [
                131,
                139,
                118,
                134,
                100,
                114,
                150,
                173
            ]
        ],
        "defaults": [
            [
                99,
                114,
                128,
                144,
                101,
                97,
                144,
                109
            ]
        ]
    },
    "150": {
        "class": "Isotope",
        "ID": 150,
        "element": "AMEAN",
        "infexes": [
            4,
            17
        ],
        "freedom": 0.2842635484108197,
        "max_count": 41,
        "options": [
            [
                100,
                113,
                98,
                160,
                113,
                160,
                132,
                113,
                147,
                125,
                116,
                115,
                111,
                122,
                103,
                104
            ],
            [
                140,
                164,
                122,
                138,
                152,
                172,
                126,
                169,
                173,
                118,
                117,
                140,
                95,
                142,
                125,
                126,
                112
            ]
        ],
        "defaults": [
            [
                100,
                113,
                98,
                160,
                113,
                160,
                132,
                113,
                147,
                125,
                116,
                115,
                111,
                122,
                103,
                104
            ]
        ]
    },
    "151": {
        "class": "Isotope",
        "ID": 151,
        "element": "GMEAN",
        "infexes": [
            5,
            5
        ],
        "freedom": 0.1696732074250884,
        "max_count": 61,
        "options": [
            [
                104,
                115,
                121,
                108,
                117
            ],
            [
                101,
                142,
                105,
                103,
                100
            ]
        ],
        "defaults": [
            [
                104,
                115,
                121,
                108,
                117
            ]
        ]
    },
    "152": {
        "class": "Isotope",
        "ID": 152,
        "element": "POWER",
        "infexes": [],
        "freedom": 0,
        "max_count": 21,
        "options": [
            [
                139,
                109
            ]
        ],
        "defaults": [
            [
                139,
                109
            ]
        ]
    },
    "153": {
        "class": "Isotope",
        "ID": 153,
        "element": "MINX",
        "infexes": [
            3,
            31
        ],
        "freedom": 0.51794363420396,
        "max_count": 16,
        "options": [
            [
                109,
                115,
                118,
                125,
                137,
                110,
                161,
                112,
                123,
                111,
                107,
                96,
                120,
                96,
                104,
                97,
                113,
                161,
                139,
                109,
                114,
                139,
                137,
                131,
                101,
                113
            ],
            [
                140,
                95,
                108,
                105,
                116,
                142,
                170,
                148,
                111,
                95,
                100,
                118,
                158,
                122,
                116,
                145,
                97,
                171,
                111,
                173,
                122,
                130,
                105,
                163,
                96,
                171,
                148,
                95,
                171,
                171,
                122
            ],
            [
                133,
                132,
                150,
                172,
                167,
                134,
                105,
                117,
                144,
                170,
                173,
                105,
                164,
                125,
                125,
                97,
                157,
                100,
                103,
                162,
                170,
                116,
                168,
                105,
                164,
                129,
                152,
                99,
                173,
                151,
                106
            ],
            [
                167,
                135,
                100,
                174,
                120,
                123,
                111,
                109,
                136,
                108,
                137,
                164,
                148,
                144,
                160,
                95,
                134,
                104,
                140,
                150,
                150,
                169,
                118,
                142,
                146,
                157,
                119,
                96,
                112,
                113,
                170
            ]
        ],
        "defaults": [
            [
                109,
                115,
                118,
                125,
                137,
                110,
                161,
                112,
                123,
                111,
                107,
                96,
                120,
                96,
                104,
                97,
                113,
                161,
                139,
                109,
                114,
                139,
                137,
                131,
                101,
                113
            ]
        ]
    },
    "154": {
        "class": "Isotope",
        "ID": 154,
        "element": "MINX",
        "infexes": [
            4,
            6
        ],
        "freedom": 0,
        "max_count": 25,
        "options": [
            [
                100,
                144,
                137,
                152,
                97,
                106
            ]
        ],
        "defaults": [
            [
                100,
                144,
                137,
                152,
                97,
                106
            ]
        ]
    },
    "155": {
        "class": "Isotope",
        "ID": 155,
        "element": "POWER",
        "infexes": [],
        "freedom": 0.27026516776603926,
        "max_count": 31,
        "options": [
            [
                152,
                121
            ],
            [
                165,
                151
            ]
        ],
        "defaults": [
            [
                152,
                121
            ]
        ]
    },
    "156": {
        "class": "Isotope",
        "ID": 156,
        "element": "GMEAN",
        "infexes": [
            2,
            6
        ],
        "freedom": 0.3034819820632614,
        "max_count": 9,
        "options": [
            [
                160,
                116,
                125,
                174
            ],
            [
                134,
                155,
                131,
                159,
                143,
                168
            ]
        ],
        "defaults": [
            [
                160,
                116,
                125,
                174
            ]
        ]
    },
    "157": {
        "class": "Isotope",
        "ID": 157,
        "element": "POWER",
        "infexes": [],
        "freedom": 0.1600805205974726,
        "max_count": 11,
        "options": [
            [
                95,
                152
            ],
            [
                147,
                152
            ],
            [
                161,
                148
            ],
            [
                155,
                167
            ]
        ],
        "defaults": [
            [
                147,
                152
            ]
        ]
    },
    "158": {
        "class": "Isotope",
        "ID": 158,
        "element": "ARCFAN",
        "infexes": [],
        "freedom": 0.46160527468469037,
        "max_count": 40,
        "options": [
            [
                152,
                140
            ],
            [
                170,
                147
            ]
        ],
        "defaults": [
            [
                152,
                140
            ]
        ]
    },
    "159": {
        "class": "Isotope",
        "ID": 159,
        "element": "INV",
        "infexes": [],
        "freedom": 0.34609691784858404,
        "max_count": 27,
        "options": [
            [
                161
            ],
            [
                155
            ]
        ],
        "defaults": [
            [
                161
            ]
        ]
    },
    "160": {
        "class": "Isotope",
        "ID": 160,
        "element": "RAND",
        "infexes": [],
        "freedom": 0,
        "max_count": 32,
        "options": [
            [
                154
            ]
        ],
        "defaults": [
            [
                154
            ]
        ]
    },
    "161": {
        "class": "Isotope",
        "ID": 161,
        "element": "GMEAN",
        "infexes": [
            2,
            4
        ],
        "freedom": 0,
        "max_count": 59,
        "options": [
            [
                154,
                108,
                112,
                160
            ]
        ],
        "defaults": [
            [
                154,
                108,
                112,
                160
            ]
        ]
    },
    "162": {
        "class": "Isotope",
        "ID": 162,
        "element": "SPIN",
        "infexes": [],
        "freedom": 0.22487224342023798,
        "max_count": 23,
        "options": [
            [
                151,
                125,
                153
            ],
            [
                161,
                98,
                115
            ]
        ],
        "defaults": [
            [
                161,
                98,
                115
            ]
        ]
    },
    "163": {
        "class": "Isotope",
        "ID": 163,
        "element": "RAND",
        "infexes": [],
        "freedom": 0.20577479165691032,
        "max_count": 11,
        "options": [
            [
                135
            ],
            [
                110
            ]
        ],
        "defaults": [
            [
                110
            ]
        ]
    },
    "164": {
        "class": "Isotope",
        "ID": 164,
        "element": "MINX",
        "infexes": [
            3,
            5
        ],
        "freedom": 0.49811029445848687,
        "max_count": 43,
        "options": [
            [
                167,
                131,
                174,
                109,
                101
            ],
            [
                153,
                126,
                108,
                131,
                123
            ],
            [
                134,
                135,
                116,
                132,
                138
            ],
            [
                158,
                120,
                143,
                114,
                124
            ],
            [
                135,
                97,
                100,
                149,
                154
            ],
            [
                114,
                110,
                154,
                131,
                99
            ],
            [
                154,
                170,
                139,
                145,
                129
            ]
        ],
        "defaults": [
            [
                167,
                131,
                174,
                109,
                101
            ]
        ]
    },
    "165": {
        "class": "Isotope",
        "ID": 165,
        "element": "GMEAN",
        "infexes": [
            4,
            34
        ],
        "freedom": 0.06909067740179498,
        "max_count": 16,
        "options": [
            [
                103,
                99,
                134,
                119,
                150,
                119,
                103,
                128,
                137,
                166,
                167,
                145,
                100,
                149,
                173,
                101,
                165,
                143,
                165,
                138,
                170,
                116,
                108,
                121,
                106,
                128,
                115,
                140,
                148,
                140,
                129,
                154,
                117,
                125
            ],
            [
                146,
                132,
                161,
                172,
                135,
                139,
                118,
                134,
                171,
                127,
                138,
                108,
                174,
                118,
                142,
                128,
                130,
                107,
                160,
                97,
                96,
                164,
                117,
                133,
                171,
                110,
                139,
                109,
                167,
                117,
                169,
                112,
                129,
                129
            ],
            [
                95,
                107,
                101,
                131,
                108,
                122,
                106,
                122,
                109,
                167,
                112,
                174,
                111,
                123,
                96,
                152,
                112,
                144,
                97,
                167,
                100,
                138,
                147
            ]
        ],
        "defaults": [
            [
                95,
                107,
                101,
                131,
                108,
                122,
                106,
                122,
                109,
                167,
                112,
                174,
                111,
                123,
                96,
                152,
                112,
                144,
                97,
                167,
                100,
                138,
                147
            ]
        ]
    },
    "166": {
        "class": "Isotope",
        "ID": 166,
        "element": "GMEAN",
        "infexes": [
            4,
            5
        ],
        "freedom": 0.2115113772557845,
        "max_count": 12,
        "options": [
            [
                138,
                147,
                139,
                109
            ],
            [
                150,
                148,
                172,
                158,
                171
            ],
            [
                118,
                118,
                96,
                170,
                125
            ],
            [
                108,
                95,
                163,
                121,
                103
            ],
            [
                115,
                98,
                144,
                136,
                167
            ],
            [
                100,
                129,
                153,
                135,
                122
            ],
            [
                133,
                149,
                113,
                158,
                116
            ],
            [
                146,
                148,
                135,
                159,
                153
            ],
            [
                97,
                167,
                169,
                165,
                102
            ],
            [
                151,
                170,
                129,
                99,
                160
            ],
            [
                135,
                114,
                98,
                147,
                121
            ],
            [
                117,
                166,
                121,
                163,
                107
            ],
            [
                155,
                151,
                142,
                142,
                135
            ]
        ],
        "defaults": [
            [
                138,
                147,
                139,
                109
            ]
        ]
    },
    "167": {
        "class": "Isotope",
        "ID": 167,
        "element": "POW",
        "infexes": [],
        "freedom": 0.5651283303557968,
        "max_count": 18,
        "options": [
            [
                124
            ],
            [
                123
            ]
        ],
        "defaults": [
            [
                124
            ],
            [
                123
            ]
        ]
    },
    "168": {
        "class": "Isotope",
        "ID": 168,
        "element": "MINX",
        "infexes": [
            4,
            6
        ],
        "freedom": 0.3599598951502985,
        "max_count": 65,
        "options": [
            [
                101,
                103,
                123,
                161
            ],
            [
                165,
                107,
                146,
                140,
                169,
                135
            ]
        ],
        "defaults": [
            [
                101,
                103,
                123,
                161
            ]
        ]
    },
    "169": {
        "class": "Isotope",
        "ID": 169,
        "element": "SIGMOID",
        "infexes": [],
        "freedom": 0.5334005418742944,
        "max_count": 17,
        "options": [
            [
                140
            ],
            [
                148
            ]
        ],
        "defaults": [
            [
                140
            ]
        ]
    },
    "170": {
        "class": "Isotope",
        "ID": 170,
        "element": "INV",
        "infexes": [],
        "freedom": 0.42426705056513414,
        "max_count": 9,
        "options": [
            [
                165
            ],
            [
                125
            ]
        ],
        "defaults": [
            [
                125
            ]
        ]
    },
    "171": {
        "class": "Isotope",
        "ID": 171,
        "element": "RAND",
        "infexes": [],
        "freedom": 0.25577531161124195,
        "max_count": 7,
        "options": [
            [
                167
            ],
            [
                142
            ],
            [
                106
            ],
            [
                111
            ],
            [
                159
            ],
            [
                154
            ],
            [
                174
            ],
            [
                97
            ],
            [
                109
            ],
            [
                124
            ],
            [
                107
            ],
            [
                145
            ],
            [
                148
            ],
            [
                151
            ],
            [
                130
            ]
        ],
        "defaults": [
            [
                97
            ]
        ]
    },
    "172": {
        "class": "Isotope",
        "ID": 172,
        "element": "ARCFAN",
        "infexes": [],
        "freedom": 0.22952316210374424,
        "max_count": 45,
        "options": [
            [
                101,
                121
            ],
            [
                148,
                144
            ],
            [
                126,
                134
            ]
        ],
        "defaults": [
            [
                101,
                121
            ]
        ]
    },
    "173": {
        "class": "Isotope",
        "ID": 173,
        "element": "SIGMOID",
        "infexes": [],
        "freedom": 0.5252332940522605,
        "max_count": 19,
        "options": [
            [
                106
            ],
            [
                143
            ]
        ],
        "defaults": [
            [
                106
            ]
        ]
    },
    "174": {
        "class": "Isotope",
        "ID": 174,
        "element": "SIGMOID",
        "infexes": [],
        "freedom": 0,
        "max_count": 79,
        "options": [
            [
                110
            ]
        ],
        "defaults": [
            [
                110
            ]
        ]
    },
    "175": {
        "class": "Isotope",
        "ID": 175,
        "element": "ROOT_TARGET",
        "infexes": [],
        "freedom": 0.18315589983080305,
        "max_count": 1,
        "options": [
            [
                31
            ],
            [
                166
            ]
        ],
        "defaults": []
    },
    "176": {
        "class": "Isotope",
        "ID": 176,
        "element": "ROOT_AIM",
        "infexes": [],
        "freedom": 0.7074001078250075,
        "max_count": 1,
        "options": [
            [
                15
            ],
            [
                61
            ]
        ],
        "defaults": []
    }
}