{
    "0": {
        "class": "Isotope",
        "ID": 0,
        "element": "ROOT_MAIN",
        "infexes": [],
        "freedom": 0.44227455609497,
        "max_count": 1,
        "options": [
            [
                20
            ],
            [
                20
            ]
        ],
        "defaults": [
            [
                20
            ]
        ]
    },
    "1": {
        "class": "Isotope",
        "ID": 1,
        "element": "ROOT_HUE",
        "infexes": [],
        "freedom": 0.2132081599602152,
        "max_count": 1,
        "options": [
            [
                20
            ],
            [
                21
            ]
        ],
        "defaults": [
            [
                20
            ]
        ]
    },
    "2": {
        "class": "Isotope",
        "ID": 2,
        "element": "ROOT_SAT",
        "infexes": [],
        "freedom": 0.38702080488568114,
        "max_count": 1,
        "options": [
            [
                20
            ],
            [
                20
            ]
        ],
        "defaults": [
            [
                20
            ]
        ]
    },
    "3": {
        "class": "Isotope",
        "ID": 3,
        "element": "ROOT_VAL",
        "infexes": [],
        "freedom": 0.4289699920978943,
        "max_count": 1,
        "options": [
            [
                20
            ],
            [
                20
            ]
        ],
        "defaults": [
            [
                20
            ]
        ]
    },
    "4": {
        "class": "Isotope",
        "ID": 4,
        "element": "ROOT_PAL",
        "infexes": [],
        "freedom": 0.28327815383637134,
        "max_count": 1,
        "options": [
            [
                20
            ],
            [
                21
            ]
        ],
        "defaults": [
            [
                20
            ]
        ]
    },
    "5": {
        "class": "Isotope",
        "ID": 5,
        "element": "ROOT_GRAD",
        "infexes": [],
        "freedom": 0.28320552018874373,
        "max_count": 1,
        "options": [
            [
                21
            ],
            [
                20
            ],
            [
                20
            ]
        ],
        "defaults": [
            [
                20
            ]
        ]
    },
    "6": {
        "class": "Isotope",
        "ID": 6,
        "element": "ROOT_TARGET",
        "infexes": [],
        "freedom": 0.3513160632831002,
        "max_count": 1,
        "options": [
            [
                20
            ],
            [
                20
            ]
        ],
        "defaults": [
            [
                20
            ]
        ]
    },
    "7": {
        "class": "Isotope",
        "ID": 7,
        "element": "ROOT_AIM",
        "infexes": [],
        "freedom": 0.11253402363277201,
        "max_count": 1,
        "options": [
            [
                21
            ],
            [
                20
            ]
        ],
        "defaults": [
            [
                20
            ]
        ]
    },
    "8": {
        "class": "Isotope",
        "ID": 8,
        "element": "X",
        "infexes": [],
        "freedom": 0,
        "max_count": 1,
        "options": [],
        "defaults": []
    },
    "9": {
        "class": "Isotope",
        "ID": 9,
        "element": "X",
        "infexes": [],
        "freedom": 0,
        "max_count": 19,
        "options": [],
        "defaults": []
    },
    "10": {
        "class": "Isotope",
        "ID": 10,
        "element": "X",
        "infexes": [],
        "freedom": 0,
        "max_count": 49,
        "options": [],
        "defaults": []
    },
    "11": {
        "class": "Isotope",
        "ID": 11,
        "element": "Y",
        "infexes": [],
        "freedom": 0,
        "max_count": 5,
        "options": [],
        "defaults": []
    },
    "12": {
        "class": "Isotope",
        "ID": 12,
        "element": "Y",
        "infexes": [],
        "freedom": 0,
        "max_count": 138,
        "options": [],
        "defaults": []
    },
    "13": {
        "class": "Isotope",
        "ID": 13,
        "element": "Y",
        "infexes": [],
        "freedom": 0,
        "max_count": 119,
        "options": [],
        "defaults": []
    },
    "14": {
        "class": "Isotope",
        "ID": 14,
        "element": "SPIN",
        "infexes": [],
        "freedom": 0.6042383384867303,
        "max_count": 1,
        "options": [
            [
                21,
                14,
                16
            ],
            [
                10,
                10,
                8
            ],
            [
                14,
                14,
                26
            ]
        ],
        "defaults": [
            [
                10,
                10,
                8
            ]
        ]
    },
    "15": {
        "class": "Isotope",
        "ID": 15,
        "element": "RAND",
        "infexes": [],
        "freedom": 0.668635115245329,
        "max_count": 32,
        "options": [
            [
                14
            ],
            [
                10
            ]
        ],
        "defaults": [
            [
                10
            ]
        ]
    },
    "16": {
        "class": "Isotope",
        "ID": 16,
        "element": "POWER",
        "infexes": [],
        "freedom": 0.21767156278828637,
        "max_count": 78,
        "options": [
            [
                8,
                13
            ],
            [
                22,
                16
            ]
        ],
        "defaults": [
            [
                8,
                13
            ]
        ]
    },
    "17": {
        "class": "Isotope",
        "ID": 17,
        "element": "MINX",
        "infexes": [
            4,
            4
        ],
        "freedom": 0.30056994950019955,
        "max_count": 6,
        "options": [
            [
                21,
                16,
                14,
                16
            ],
            [
                22,
                16,
                14,
                10
            ],
            [
                21,
                9,
                22,
                11
            ],
            [
                25,
                26,
                13,
                16
            ],
            [
                17,
                9,
                12,
                12
            ],
            [
                8,
                28,
                25,
                10
            ],
            [
                8,
                11,
                19,
                13
            ],
            [
                14,
                9,
                22,
                22
            ],
            [
                17,
                23,
                13,
                12
            ]
        ],
        "defaults": [
            [
                8,
                11,
                19,
                13
            ]
        ]
    },
    "18": {
        "class": "Isotope",
        "ID": 18,
        "element": "RAND",
        "infexes": [],
        "freedom": 0,
        "max_count": 2,
        "options": [
            [
                19
            ]
        ],
        "defaults": [
            [
                19
            ]
        ]
    },
    "19": {
        "class": "Isotope",
        "ID": 19,
        "element": "INV",
        "infexes": [],
        "freedom": 0.3767272670015935,
        "max_count": 15,
        "options": [
            [
                11
            ],
            [
                11
            ]
        ],
        "defaults": [
            [
                11
            ],
            [
                11
            ]
        ]
    },
    "20": {
        "class": "Isotope",
        "ID": 20,
        "element": "AMEAN",
        "infexes": [
            2,
            5
        ],
        "freedom": 0,
        "max_count": 66,
        "options": [
            [
                9,
                10,
                12,
                10,
                8
            ]
        ],
        "defaults": [
            [
                9,
                10,
                12,
                10,
                8
            ]
        ]
    },
    "21": {
        "class": "Isotope",
        "ID": 21,
        "element": "SPIN",
        "infexes": [],
        "freedom": 0.16750190574138363,
        "max_count": 11,
        "options": [
            [
                20,
                16,
                22
            ],
            [
                21,
                23,
                16
            ],
            [
                20,
                19,
                9
            ]
        ],
        "defaults": [
            [
                20,
                19,
                9
            ]
        ]
    },
    "22": {
        "class": "Isotope",
        "ID": 22,
        "element": "MINX",
        "infexes": [
            2,
            4
        ],
        "freedom": 0.3721787169514553,
        "max_count": 34,
        "options": [
            [
                15,
                8,
                9,
                23
            ],
            [
                19,
                18
            ],
            [
                16,
                17,
                17,
                10
            ]
        ],
        "defaults": [
            [
                19,
                18
            ]
        ]
    },
    "23": {
        "class": "Isotope",
        "ID": 23,
        "element": "GMEAN",
        "infexes": [
            2,
            4
        ],
        "freedom": 0.31590130236772856,
        "max_count": 8,
        "options": [
            [
                24,
                16,
                14,
                15
            ],
            [
                20,
                10,
                19,
                13
            ]
        ],
        "defaults": [
            [
                20,
                10,
                19,
                13
            ]
        ]
    },
    "24": {
        "class": "Isotope",
        "ID": 24,
        "element": "SPIN",
        "infexes": [],
        "freedom": 0.47005378310551144,
        "max_count": 74,
        "options": [
            [
                10,
                18,
                13
            ],
            [
                21,
                23,
                18
            ]
        ],
        "defaults": [
            [
                10,
                18,
                13
            ]
        ]
    },
    "25": {
        "class": "Isotope",
        "ID": 25,
        "element": "SPIN",
        "infexes": [],
        "freedom": 0.5109473043347673,
        "max_count": 13,
        "options": [
            [
                27,
                8,
                27
            ],
            [
                9,
                18,
                18
            ]
        ],
        "defaults": [
            [
                9,
                18,
                18
            ]
        ]
    },
    "26": {
        "class": "Isotope",
        "ID": 26,
        "element": "MINX",
        "infexes": [
            2,
            3
        ],
        "freedom": 0.3178493306794735,
        "max_count": 74,
        "options": [
            [
                27,
                13,
                23
            ],
            [
                8,
                15,
                27
            ],
            [
                24,
                19,
                25
            ],
            [
                10,
                11,
                22
            ],
            [
                8,
                12,
                9
            ],
            [
                16,
                9,
                26
            ],
            [
                12,
                8,
                15
            ],
            [
                10,
                24,
                11
            ],
            [
                9,
                28,
                28
            ],
            [
                10,
                12,
                19
            ],
            [
                16,
                16,
                26
            ]
        ],
        "defaults": [
            [
                8,
                12,
                9
            ]
        ]
    },
    "27": {
        "class": "Isotope",
        "ID": 27,
        "element": "POWER",
        "infexes": [],
        "freedom": 0.313630596592119,
        "max_count": 71,
        "options": [
            [
                25,
                23
            ],
            [
                21,
                11
            ],
            [
                27,
                24
            ],
            [
                15,
                15
            ],
            [
                23,
                12
            ],
            [
                21,
                18
            ],
            [
                27,
                17
            ],
            [
                9,
                8
            ],
            [
                21,
                24
            ],
            [
                8,
                14
            ],
            [
                11,
                13
            ],
            [
                20,
                8
            ],
            [
                20,
                28
            ]
        ],
        "defaults": [
            [
                11,
                13
            ]
        ]
    },
    "28": {
        "class": "Isotope",
        "ID": 28,
        "element": "ARCFAN",
        "infexes": [],
        "freedom": 0.07821486722732347,
        "max_count": 45,
        "options": [
            [
                26,
                9
            ],
            [
                10,
                12
            ]
        ],
        "defaults": [
            [
                10,
                12
            ]
        ]
    }
}