{
    "0": {
        "class": "Isotope",
        "ID": 0,
        "element": "ROOT_MAIN",
        "infexes": [],
        "freedom": 0.17783266099581532,
        "max_count": 1,
        "options": [
            [
                34
            ],
            [
                33
            ]
        ],
        "defaults": [
            [
                33
            ]
        ]
    },
    "1": {
        "class": "Isotope",
        "ID": 1,
        "element": "ROOT_HUE",
        "infexes": [],
        "freedom": 0.2037354997874016,
        "max_count": 1,
        "options": [
            [
                33
            ],
            [
                37
            ]
        ],
        "defaults": [
            [
                33
            ]
        ]
    },
    "2": {
        "class": "Isotope",
        "ID": 2,
        "element": "ROOT_SAT",
        "infexes": [],
        "freedom": 0.21722182386858419,
        "max_count": 1,
        "options": [
            [
                33
            ],
            [
                37
            ]
        ],
        "defaults": [
            [
                33
            ]
        ]
    },
    "3": {
        "class": "Isotope",
        "ID": 3,
        "element": "ROOT_VAL",
        "infexes": [],
        "freedom": 0.1431017990036907,
        "max_count": 1,
        "options": [
            [
                33
            ],
            [
                38
            ]
        ],
        "defaults": [
            [
                33
            ]
        ]
    },
    "4": {
        "class": "Isotope",
        "ID": 4,
        "element": "ROOT_PAL",
        "infexes": [],
        "freedom": 0.0671822896687784,
        "max_count": 1,
        "options": [
            [
                40
            ],
            [
                33
            ]
        ],
        "defaults": [
            [
                33
            ]
        ]
    },
    "5": {
        "class": "Isotope",
        "ID": 5,
        "element": "ROOT_GRAD",
        "infexes": [],
        "freedom": 0.5240134471556536,
        "max_count": 1,
        "options": [
            [
                39
            ],
            [
                33
            ]
        ],
        "defaults": [
            [
                33
            ]
        ]
    },
    "6": {
        "class": "Isotope",
        "ID": 6,
        "element": "X",
        "infexes": [],
        "freedom": 0,
        "max_count": 27,
        "options": [],
        "defaults": []
    },
    "7": {
        "class": "Isotope",
        "ID": 7,
        "element": "X",
        "infexes": [],
        "freedom": 0,
        "max_count": 52,
        "options": [],
        "defaults": []
    },
    "8": {
        "class": "Isotope",
        "ID": 8,
        "element": "X",
        "infexes": [],
        "freedom": 0,
        "max_count": 1,
        "options": [],
        "defaults": []
    },
    "9": {
        "class": "Isotope",
        "ID": 9,
        "element": "Y",
        "infexes": [],
        "freedom": 0,
        "max_count": 25,
        "options": [],
        "defaults": []
    },
    "10": {
        "class": "Isotope",
        "ID": 10,
        "element": "Y",
        "infexes": [],
        "freedom": 0,
        "max_count": 66,
        "options": [],
        "defaults": []
    },
    "11": {
        "class": "Isotope",
        "ID": 11,
        "element": "Y",
        "infexes": [],
        "freedom": 0,
        "max_count": 28,
        "options": [],
        "defaults": []
    },
    "12": {
        "class": "Isotope",
        "ID": 12,
        "element": "Y",
        "infexes": [],
        "freedom": 0,
        "max_count": 110,
        "options": [],
        "defaults": []
    },
    "13": {
        "class": "Isotope",
        "ID": 13,
        "element": "Y",
        "infexes": [],
        "freedom": 0,
        "max_count": 11,
        "options": [],
        "defaults": []
    },
    "14": {
        "class": "Isotope",
        "ID": 14,
        "element": "Y",
        "infexes": [],
        "freedom": 0,
        "max_count": 2,
        "options": [],
        "defaults": []
    },
    "15": {
        "class": "Isotope",
        "ID": 15,
        "element": "INV",
        "infexes": [],
        "freedom": 0.616926095750639,
        "max_count": 49,
        "options": [
            [
                21
            ],
            [
                7
            ],
            [
                19
            ],
            [
                16
            ]
        ],
        "defaults": [
            [
                7
            ]
        ]
    },
    "16": {
        "class": "Isotope",
        "ID": 16,
        "element": "SIGMOID",
        "infexes": [],
        "freedom": 0.32741778916332054,
        "max_count": 28,
        "options": [
            [
                8
            ],
            [
                16
            ]
        ],
        "defaults": [
            [
                8
            ]
        ]
    },
    "17": {
        "class": "Isotope",
        "ID": 17,
        "element": "GMEAN",
        "infexes": [
            2,
            4
        ],
        "freedom": 0.4968784184351641,
        "max_count": 11,
        "options": [
            [
                22,
                9,
                33
            ],
            [
                23,
                24,
                32,
                42
            ]
        ],
        "defaults": [
            [
                22,
                9,
                33
            ]
        ]
    },
    "18": {
        "class": "Isotope",
        "ID": 18,
        "element": "POWER",
        "infexes": [],
        "freedom": 0.3729317705514901,
        "max_count": 51,
        "options": [
            [
                15,
                14
            ],
            [
                7,
                38
            ],
            [
                7,
                33
            ]
        ],
        "defaults": [
            [
                7,
                33
            ]
        ]
    },
    "19": {
        "class": "Isotope",
        "ID": 19,
        "element": "RAND",
        "infexes": [],
        "freedom": 0.3834185008466253,
        "max_count": 41,
        "options": [
            [
                6
            ],
            [
                18
            ]
        ],
        "defaults": [
            [
                6
            ]
        ]
    },
    "20": {
        "class": "Isotope",
        "ID": 20,
        "element": "SPIN",
        "infexes": [],
        "freedom": 0.4401383953809097,
        "max_count": 8,
        "options": [
            [
                10,
                10,
                20
            ],
            [
                23,
                10,
                7
            ]
        ],
        "defaults": [
            [
                23,
                10,
                7
            ]
        ]
    },
    "21": {
        "class": "Isotope",
        "ID": 21,
        "element": "IT",
        "infexes": [],
        "freedom": 0.20480464647394522,
        "max_count": 10,
        "options": [
            [
                8,
                12,
                6,
                10,
                14
            ],
            [
                8,
                12,
                21,
                22,
                21
            ]
        ],
        "defaults": [
            [
                8,
                12,
                6,
                10,
                14
            ]
        ]
    },
    "22": {
        "class": "Isotope",
        "ID": 22,
        "element": "GMEAN",
        "infexes": [
            2,
            3
        ],
        "freedom": 0,
        "max_count": 137,
        "options": [
            [
                9,
                7,
                7
            ]
        ],
        "defaults": [
            [
                9,
                7,
                7
            ]
        ]
    },
    "23": {
        "class": "Isotope",
        "ID": 23,
        "element": "INV",
        "infexes": [],
        "freedom": 0,
        "max_count": 5,
        "options": [
            [
                7
            ]
        ],
        "defaults": [
            [
                7
            ]
        ]
    },
    "24": {
        "class": "Isotope",
        "ID": 24,
        "element": "AMEAN",
        "infexes": [
            2,
            3
        ],
        "freedom": 0.3026131353504211,
        "max_count": 10,
        "options": [
            [
                10,
                14
            ],
            [
                45,
                11,
                20
            ]
        ],
        "defaults": [
            [
                10,
                14
            ]
        ]
    },
    "25": {
        "class": "Isotope",
        "ID": 25,
        "element": "AMEAN",
        "infexes": [
            2,
            9
        ],
        "freedom": 0.17547873657238675,
        "max_count": 11,
        "options": [
            [
                13,
                6,
                23,
                8,
                10,
                23,
                13
            ],
            [
                39,
                29,
                27,
                43,
                6,
                39,
                11,
                16,
                43
            ]
        ],
        "defaults": [
            [
                13,
                6,
                23,
                8,
                10,
                23,
                13
            ]
        ]
    },
    "26": {
        "class": "Isotope",
        "ID": 26,
        "element": "IT",
        "infexes": [],
        "freedom": 0.24091748209662212,
        "max_count": 1,
        "options": [
            [
                6,
                12,
                29,
                19,
                9
            ],
            [
                6,
                12,
                9,
                8,
                23
            ],
            [
                6,
                12,
                28,
                42,
                21
            ]
        ],
        "defaults": [
            [
                6,
                12,
                9,
                8,
                23
            ]
        ]
    },
    "27": {
        "class": "Isotope",
        "ID": 27,
        "element": "GMEAN",
        "infexes": [
            2,
            5
        ],
        "freedom": 0.7525083642718634,
        "max_count": 2,
        "options": [
            [
                28,
                25,
                19,
                10,
                35
            ],
            [
                11,
                7
            ]
        ],
        "defaults": [
            [
                11,
                7
            ]
        ]
    },
    "28": {
        "class": "Isotope",
        "ID": 28,
        "element": "IT",
        "infexes": [],
        "freedom": 0.3339896004222046,
        "max_count": 50,
        "options": [
            [
                7,
                14,
                32,
                26,
                13
            ],
            [
                7,
                14,
                11,
                14,
                9
            ]
        ],
        "defaults": [
            [
                7,
                14,
                11,
                14,
                9
            ]
        ]
    },
    "29": {
        "class": "Isotope",
        "ID": 29,
        "element": "INV",
        "infexes": [],
        "freedom": 0.20356624841874943,
        "max_count": 39,
        "options": [
            [
                14
            ],
            [
                30
            ]
        ],
        "defaults": [
            [
                14
            ]
        ]
    },
    "30": {
        "class": "Isotope",
        "ID": 30,
        "element": "SPIN",
        "infexes": [],
        "freedom": 0.17895848576372583,
        "max_count": 38,
        "options": [
            [
                11,
                13,
                31
            ],
            [
                19,
                42,
                28
            ]
        ],
        "defaults": [
            [
                11,
                13,
                31
            ]
        ]
    },
    "31": {
        "class": "Isotope",
        "ID": 31,
        "element": "SIN",
        "infexes": [],
        "freedom": 0,
        "max_count": 14,
        "options": [
            [
                12
            ]
        ],
        "defaults": [
            [
                12
            ]
        ]
    },
    "32": {
        "class": "Isotope",
        "ID": 32,
        "element": "POW",
        "infexes": [],
        "freedom": 0.15975353241265747,
        "max_count": 45,
        "options": [
            [
                10
            ],
            [
                30
            ],
            [
                11
            ]
        ],
        "defaults": [
            [
                11
            ]
        ]
    },
    "33": {
        "class": "Isotope",
        "ID": 33,
        "element": "POWER",
        "infexes": [],
        "freedom": 0.2634765732063793,
        "max_count": 17,
        "options": [
            [
                6,
                11
            ],
            [
                7,
                10
            ]
        ],
        "defaults": [
            [
                6,
                11
            ],
            [
                7,
                10
            ]
        ]
    },
    "34": {
        "class": "Isotope",
        "ID": 34,
        "element": "MINX",
        "infexes": [
            2,
            2
        ],
        "freedom": 0.8544264590951087,
        "max_count": 19,
        "options": [
            [
                20,
                28
            ],
            [
                8,
                11
            ]
        ],
        "defaults": [
            [
                8,
                11
            ]
        ]
    },
    "35": {
        "class": "Isotope",
        "ID": 35,
        "element": "IT",
        "infexes": [],
        "freedom": 0.10889070252420864,
        "max_count": 2,
        "options": [
            [
                7,
                10,
                17,
                31,
                8
            ],
            [
                7,
                10,
                8,
                9,
                14
            ],
            [
                7,
                10,
                37,
                23,
                13
            ],
            [
                7,
                10,
                20,
                29,
                6
            ]
        ],
        "defaults": [
            [
                7,
                10,
                8,
                9,
                14
            ]
        ]
    },
    "36": {
        "class": "Isotope",
        "ID": 36,
        "element": "MINX",
        "infexes": [
            5,
            6
        ],
        "freedom": 0.23168680730453173,
        "max_count": 14,
        "options": [
            [
                7,
                14,
                13,
                12,
                8,
                33
            ],
            [
                41,
                21,
                17,
                26,
                37,
                42
            ]
        ],
        "defaults": [
            [
                7,
                14,
                13,
                12,
                8,
                33
            ]
        ]
    },
    "37": {
        "class": "Isotope",
        "ID": 37,
        "element": "GMEAN",
        "infexes": [
            3,
            6
        ],
        "freedom": 0.17783021034535854,
        "max_count": 24,
        "options": [
            [
                33,
                13,
                14,
                31
            ],
            [
                44,
                42,
                13,
                20,
                43,
                33
            ]
        ],
        "defaults": [
            [
                33,
                13,
                14,
                31
            ]
        ]
    },
    "38": {
        "class": "Isotope",
        "ID": 38,
        "element": "RAND",
        "infexes": [],
        "freedom": 0.13264364354687064,
        "max_count": 60,
        "options": [
            [
                33
            ],
            [
                36
            ],
            [
                36
            ]
        ],
        "defaults": [
            [
                33
            ]
        ]
    },
    "39": {
        "class": "Isotope",
        "ID": 39,
        "element": "SIN",
        "infexes": [],
        "freedom": 0.3874929981213812,
        "max_count": 95,
        "options": [
            [
                33
            ],
            [
                35
            ]
        ],
        "defaults": [
            [
                33
            ]
        ]
    },
    "40": {
        "class": "Isotope",
        "ID": 40,
        "element": "RAND",
        "infexes": [],
        "freedom": 0.5362112212265016,
        "max_count": 4,
        "options": [
            [
                33
            ],
            [
                36
            ]
        ],
        "defaults": [
            [
                33
            ]
        ]
    },
    "41": {
        "class": "Isotope",
        "ID": 41,
        "element": "ARCFAN",
        "infexes": [],
        "freedom": 0.14103086048899238,
        "max_count": 155,
        "options": [
            [
                14,
                12
            ],
            [
                41,
                46
            ]
        ],
        "defaults": [
            [
                14,
                12
            ]
        ]
    },
    "42": {
        "class": "Isotope",
        "ID": 42,
        "element": "IT",
        "infexes": [],
        "freedom": 0.769447374967783,
        "max_count": 30,
        "options": [
            [
                6,
                14,
                12,
                6,
                33
            ],
            [
                6,
                14,
                15,
                17,
                22
            ]
        ],
        "defaults": [
            [
                6,
                14,
                12,
                6,
                33
            ]
        ]
    },
    "43": {
        "class": "Isotope",
        "ID": 43,
        "element": "SPIN",
        "infexes": [],
        "freedom": 0.5611157913568611,
        "max_count": 7,
        "options": [
            [
                22,
                10,
                13
            ],
            [
                19,
                27,
                16
            ],
            [
                17,
                29,
                22
            ]
        ],
        "defaults": [
            [
                22,
                10,
                13
            ]
        ]
    },
    "44": {
        "class": "Isotope",
        "ID": 44,
        "element": "RAND",
        "infexes": [],
        "freedom": 0,
        "max_count": 22,
        "options": [
            [
                22
            ]
        ],
        "defaults": [
            [
                22
            ]
        ]
    },
    "45": {
        "class": "Isotope",
        "ID": 45,
        "element": "ARCFAN",
        "infexes": [],
        "freedom": 0.14725271066964224,
        "max_count": 16,
        "options": [
            [
                38,
                42
            ],
            [
                29,
                46
            ],
            [
                6,
                12
            ]
        ],
        "defaults": [
            [
                6,
                12
            ]
        ]
    },
    "46": {
        "class": "Isotope",
        "ID": 46,
        "element": "AMEAN",
        "infexes": [
            2,
            20
        ],
        "freedom": 0.02313855386492398,
        "max_count": 4,
        "options": [
            [
                28,
                36,
                36,
                31,
                9,
                42,
                28,
                46,
                19,
                46,
                12,
                32,
                16,
                34,
                33,
                30,
                41,
                14,
                21,
                30
            ],
            [
                44,
                44,
                9,
                31,
                7,
                23,
                23,
                22,
                22,
                12,
                8,
                23,
                7,
                11,
                31,
                13,
                7,
                8
            ],
            [
                24,
                45,
                13,
                21,
                21,
                39,
                35,
                11,
                43,
                21,
                20,
                28,
                34,
                39,
                31,
                44,
                40,
                35,
                36,
                44
            ]
        ],
        "defaults": [
            [
                44,
                44,
                9,
                31,
                7,
                23,
                23,
                22,
                22,
                12,
                8,
                23,
                7,
                11,
                31,
                13,
                7,
                8
            ]
        ]
    },
    "47": {
        "class": "Isotope",
        "ID": 47,
        "element": "ROOT_TARGET",
        "infexes": [],
        "freedom": 0.47760919284205217,
        "max_count": 1,
        "options": [
            [
                18
            ],
            [
                40
            ]
        ],
        "defaults": []
    },
    "48": {
        "class": "Isotope",
        "ID": 48,
        "element": "ROOT_AIM",
        "infexes": [],
        "freedom": 0.818116792556128,
        "max_count": 1,
        "options": [
            [
                14
            ],
            [
                25
            ]
        ],
        "defaults": []
    }
}