{
    "0": {
        "class": "Isotope",
        "ID": 0,
        "element": "ROOT_MAIN",
        "infexes": [],
        "freedom": 0.4246192575684569,
        "max_count": 1,
        "options": [
            [
                201
            ],
            [
                189
            ],
            [
                189
            ]
        ],
        "defaults": [
            [
                189
            ]
        ]
    },
    "1": {
        "class": "Isotope",
        "ID": 1,
        "element": "ROOT_HUE",
        "infexes": [],
        "freedom": 0.5647191935617238,
        "max_count": 1,
        "options": [
            [
                203
            ],
            [
                177
            ]
        ],
        "defaults": [
            [
                177
            ]
        ]
    },
    "2": {
        "class": "Isotope",
        "ID": 2,
        "element": "ROOT_SAT",
        "infexes": [],
        "freedom": 0.347017348548808,
        "max_count": 1,
        "options": [
            [
                206
            ],
            [
                189
            ]
        ],
        "defaults": [
            [
                189
            ]
        ]
    },
    "3": {
        "class": "Isotope",
        "ID": 3,
        "element": "ROOT_VAL",
        "infexes": [],
        "freedom": 0.26477965651370805,
        "max_count": 1,
        "options": [
            [
                189
            ],
            [
                189
            ]
        ],
        "defaults": [
            [
                189
            ]
        ]
    },
    "4": {
        "class": "Isotope",
        "ID": 4,
        "element": "ROOT_PAL",
        "infexes": [],
        "freedom": 0.5915817107987209,
        "max_count": 1,
        "options": [
            [
                206
            ],
            [
                177
            ]
        ],
        "defaults": [
            [
                177
            ]
        ]
    },
    "5": {
        "class": "Isotope",
        "ID": 5,
        "element": "ROOT_GRAD",
        "infexes": [],
        "freedom": 0.282126690098018,
        "max_count": 1,
        "options": [
            [
                184
            ],
            [
                206
            ]
        ],
        "defaults": [
            [
                184
            ]
        ]
    },
    "6": {
        "class": "Isotope",
        "ID": 6,
        "element": "X",
        "infexes": [],
        "freedom": 0,
        "max_count": 8,
        "options": [],
        "defaults": []
    },
    "7": {
        "class": "Isotope",
        "ID": 7,
        "element": "X",
        "infexes": [],
        "freedom": 0,
        "max_count": 27,
        "options": [],
        "defaults": []
    },
    "8": {
        "class": "Isotope",
        "ID": 8,
        "element": "X",
        "infexes": [],
        "freedom": 0,
        "max_count": 132,
        "options": [],
        "defaults": []
    },
    "9": {
        "class": "Isotope",
        "ID": 9,
        "element": "X",
        "infexes": [],
        "freedom": 0,
        "max_count": 96,
        "options": [],
        "defaults": []
    },
    "10": {
        "class": "Isotope",
        "ID": 10,
        "element": "X",
        "infexes": [],
        "freedom": 0,
        "max_count": 57,
        "options": [],
        "defaults": []
    },
    "11": {
        "class": "Isotope",
        "ID": 11,
        "element": "X",
        "infexes": [],
        "freedom": 0,
        "max_count": 11,
        "options": [],
        "defaults": []
    },
    "12": {
        "class": "Isotope",
        "ID": 12,
        "element": "X",
        "infexes": [],
        "freedom": 0,
        "max_count": 2,
        "options": [],
        "defaults": []
    },
    "13": {
        "class": "Isotope",
        "ID": 13,
        "element": "X",
        "infexes": [],
        "freedom": 0,
        "max_count": 31,
        "options": [],
        "defaults": []
    },
    "14": {
        "class": "Isotope",
        "ID": 14,
        "element": "X",
        "infexes": [],
        "freedom": 0,
        "max_count": 47,
        "options": [],
        "defaults": []
    },
    "15": {
        "class": "Isotope",
        "ID": 15,
        "element": "X",
        "infexes": [],
        "freedom": 0,
        "max_count": 26,
        "options": [],
        "defaults": []
    },
    "16": {
        "class": "Isotope",
        "ID": 16,
        "element": "X",
        "infexes": [],
        "freedom": 0,
        "max_count": 10,
        "options": [],
        "defaults": []
    },
    "17": {
        "class": "Isotope",
        "ID": 17,
        "element": "X",
        "infexes": [],
        "freedom": 0,
        "max_count": 1,
        "options": [],
        "defaults": []
    },
    "18": {
        "class": "Isotope",
        "ID": 18,
        "element": "X",
        "infexes": [],
        "freedom": 0,
        "max_count": 43,
        "options": [],
        "defaults": []
    },
    "19": {
        "class": "Isotope",
        "ID": 19,
        "element": "X",
        "infexes": [],
        "freedom": 0,
        "max_count": 31,
        "options": [],
        "defaults": []
    },
    "20": {
        "class": "Isotope",
        "ID": 20,
        "element": "X",
        "infexes": [],
        "freedom": 0,
        "max_count": 34,
        "options": [],
        "defaults": []
    },
    "21": {
        "class": "Isotope",
        "ID": 21,
        "element": "X",
        "infexes": [],
        "freedom": 0,
        "max_count": 1,
        "options": [],
        "defaults": []
    },
    "22": {
        "class": "Isotope",
        "ID": 22,
        "element": "X",
        "infexes": [],
        "freedom": 0,
        "max_count": 37,
        "options": [],
        "defaults": []
    },
    "23": {
        "class": "Isotope",
        "ID": 23,
        "element": "X",
        "infexes": [],
        "freedom": 0,
        "max_count": 14,
        "options": [],
        "defaults": []
    },
    "24": {
        "class": "Isotope",
        "ID": 24,
        "element": "X",
        "infexes": [],
        "freedom": 0,
        "max_count": 19,
        "options": [],
        "defaults": []
    },
    "25": {
        "class": "Isotope",
        "ID": 25,
        "element": "X",
        "infexes": [],
        "freedom": 0,
        "max_count": 2,
        "options": [],
        "defaults": []
    },
    "26": {
        "class": "Isotope",
        "ID": 26,
        "element": "X",
        "infexes": [],
        "freedom": 0,
        "max_count": 35,
        "options": [],
        "defaults": []
    },
    "27": {
        "class": "Isotope",
        "ID": 27,
        "element": "X",
        "infexes": [],
        "freedom": 0,
        "max_count": 2,
        "options": [],
        "defaults": []
    },
    "28": {
        "class": "Isotope",
        "ID": 28,
        "element": "X",
        "infexes": [],
        "freedom": 0,
        "max_count": 36,
        "options": [],
        "defaults": []
    },
    "29": {
        "class": "Isotope",
        "ID": 29,
        "element": "X",
        "infexes": [],
        "freedom": 0,
        "max_count": 1,
        "options": [],
        "defaults": []
    },
    "30": {
        "class": "Isotope",
        "ID": 30,
        "element": "X",
        "infexes": [],
        "freedom": 0,
        "max_count": 6,
        "options": [],
        "defaults": []
    },
    "31": {
        "class": "Isotope",
        "ID": 31,
        "element": "X",
        "infexes": [],
        "freedom": 0,
        "max_count": 44,
        "options": [],
        "defaults": []
    },
    "32": {
        "class": "Isotope",
        "ID": 32,
        "element": "X",
        "infexes": [],
        "freedom": 0,
        "max_count": 152,
        "options": [],
        "defaults": []
    },
    "33": {
        "class": "Isotope",
        "ID": 33,
        "element": "X",
        "infexes": [],
        "freedom": 0,
        "max_count": 20,
        "options": [],
        "defaults": []
    },
    "34": {
        "class": "Isotope",
        "ID": 34,
        "element": "X",
        "infexes": [],
        "freedom": 0,
        "max_count": 5,
        "options": [],
        "defaults": []
    },
    "35": {
        "class": "Isotope",
        "ID": 35,
        "element": "X",
        "infexes": [],
        "freedom": 0,
        "max_count": 7,
        "options": [],
        "defaults": []
    },
    "36": {
        "class": "Isotope",
        "ID": 36,
        "element": "X",
        "infexes": [],
        "freedom": 0,
        "max_count": 37,
        "options": [],
        "defaults": []
    },
    "37": {
        "class": "Isotope",
        "ID": 37,
        "element": "X",
        "infexes": [],
        "freedom": 0,
        "max_count": 2,
        "options": [],
        "defaults": []
    },
    "38": {
        "class": "Isotope",
        "ID": 38,
        "element": "X",
        "infexes": [],
        "freedom": 0,
        "max_count": 105,
        "options": [],
        "defaults": []
    },
    "39": {
        "class": "Isotope",
        "ID": 39,
        "element": "X",
        "infexes": [],
        "freedom": 0,
        "max_count": 7,
        "options": [],
        "defaults": []
    },
    "40": {
        "class": "Isotope",
        "ID": 40,
        "element": "X",
        "infexes": [],
        "freedom": 0,
        "max_count": 39,
        "options": [],
        "defaults": []
    },
    "41": {
        "class": "Isotope",
        "ID": 41,
        "element": "X",
        "infexes": [],
        "freedom": 0,
        "max_count": 1,
        "options": [],
        "defaults": []
    },
    "42": {
        "class": "Isotope",
        "ID": 42,
        "element": "X",
        "infexes": [],
        "freedom": 0,
        "max_count": 10,
        "options": [],
        "defaults": []
    },
    "43": {
        "class": "Isotope",
        "ID": 43,
        "element": "X",
        "infexes": [],
        "freedom": 0,
        "max_count": 9,
        "options": [],
        "defaults": []
    },
    "44": {
        "class": "Isotope",
        "ID": 44,
        "element": "X",
        "infexes": [],
        "freedom": 0,
        "max_count": 1,
        "options": [],
        "defaults": []
    },
    "45": {
        "class": "Isotope",
        "ID": 45,
        "element": "X",
        "infexes": [],
        "freedom": 0,
        "max_count": 50,
        "options": [],
        "defaults": []
    },
    "46": {
        "class": "Isotope",
        "ID": 46,
        "element": "X",
        "infexes": [],
        "freedom": 0,
        "max_count": 53,
        "options": [],
        "defaults": []
    },
    "47": {
        "class": "Isotope",
        "ID": 47,
        "element": "X",
        "infexes": [],
        "freedom": 0,
        "max_count": 11,
        "options": [],
        "defaults": []
    },
    "48": {
        "class": "Isotope",
        "ID": 48,
        "element": "X",
        "infexes": [],
        "freedom": 0,
        "max_count": 91,
        "options": [],
        "defaults": []
    },
    "49": {
        "class": "Isotope",
        "ID": 49,
        "element": "X",
        "infexes": [],
        "freedom": 0,
        "max_count": 13,
        "options": [],
        "defaults": []
    },
    "50": {
        "class": "Isotope",
        "ID": 50,
        "element": "X",
        "infexes": [],
        "freedom": 0,
        "max_count": 20,
        "options": [],
        "defaults": []
    },
    "51": {
        "class": "Isotope",
        "ID": 51,
        "element": "X",
        "infexes": [],
        "freedom": 0,
        "max_count": 13,
        "options": [],
        "defaults": []
    },
    "52": {
        "class": "Isotope",
        "ID": 52,
        "element": "X",
        "infexes": [],
        "freedom": 0,
        "max_count": 39,
        "options": [],
        "defaults": []
    },
    "53": {
        "class": "Isotope",
        "ID": 53,
        "element": "X",
        "infexes": [],
        "freedom": 0,
        "max_count": 14,
        "options": [],
        "defaults": []
    },
    "54": {
        "class": "Isotope",
        "ID": 54,
        "element": "X",
        "infexes": [],
        "freedom": 0,
        "max_count": 1,
        "options": [],
        "defaults": []
    },
    "55": {
        "class": "Isotope",
        "ID": 55,
        "element": "X",
        "infexes": [],
        "freedom": 0,
        "max_count": 15,
        "options": [],
        "defaults": []
    },
    "56": {
        "class": "Isotope",
        "ID": 56,
        "element": "X",
        "infexes": [],
        "freedom": 0,
        "max_count": 36,
        "options": [],
        "defaults": []
    },
    "57": {
        "class": "Isotope",
        "ID": 57,
        "element": "X",
        "infexes": [],
        "freedom": 0,
        "max_count": 5,
        "options": [],
        "defaults": []
    },
    "58": {
        "class": "Isotope",
        "ID": 58,
        "element": "X",
        "infexes": [],
        "freedom": 0,
        "max_count": 14,
        "options": [],
        "defaults": []
    },
    "59": {
        "class": "Isotope",
        "ID": 59,
        "element": "X",
        "infexes": [],
        "freedom": 0,
        "max_count": 1,
        "options": [],
        "defaults": []
    },
    "60": {
        "class": "Isotope",
        "ID": 60,
        "element": "X",
        "infexes": [],
        "freedom": 0,
        "max_count": 19,
        "options": [],
        "defaults": []
    },
    "61": {
        "class": "Isotope",
        "ID": 61,
        "element": "X",
        "infexes": [],
        "freedom": 0,
        "max_count": 26,
        "options": [],
        "defaults": []
    },
    "62": {
        "class": "Isotope",
        "ID": 62,
        "element": "X",
        "infexes": [],
        "freedom": 0,
        "max_count": 4,
        "options": [],
        "defaults": []
    },
    "63": {
        "class": "Isotope",
        "ID": 63,
        "element": "X",
        "infexes": [],
        "freedom": 0,
        "max_count": 7,
        "options": [],
        "defaults": []
    },
    "64": {
        "class": "Isotope",
        "ID": 64,
        "element": "X",
        "infexes": [],
        "freedom": 0,
        "max_count": 55,
        "options": [],
        "defaults": []
    },
    "65": {
        "class": "Isotope",
        "ID": 65,
        "element": "X",
        "infexes": [],
        "freedom": 0,
        "max_count": 49,
        "options": [],
        "defaults": []
    },
    "66": {
        "class": "Isotope",
        "ID": 66,
        "element": "X",
        "infexes": [],
        "freedom": 0,
        "max_count": 8,
        "options": [],
        "defaults": []
    },
    "67": {
        "class": "Isotope",
        "ID": 67,
        "element": "X",
        "infexes": [],
        "freedom": 0,
        "max_count": 18,
        "options": [],
        "defaults": []
    },
    "68": {
        "class": "Isotope",
        "ID": 68,
        "element": "X",
        "infexes": [],
        "freedom": 0,
        "max_count": 9,
        "options": [],
        "defaults": []
    },
    "69": {
        "class": "Isotope",
        "ID": 69,
        "element": "X",
        "infexes": [],
        "freedom": 0,
        "max_count": 23,
        "options": [],
        "defaults": []
    },
    "70": {
        "class": "Isotope",
        "ID": 70,
        "element": "X",
        "infexes": [],
        "freedom": 0,
        "max_count": 172,
        "options": [],
        "defaults": []
    },
    "71": {
        "class": "Isotope",
        "ID": 71,
        "element": "X",
        "infexes": [],
        "freedom": 0,
        "max_count": 7,
        "options": [],
        "defaults": []
    },
    "72": {
        "class": "Isotope",
        "ID": 72,
        "element": "X",
        "infexes": [],
        "freedom": 0,
        "max_count": 13,
        "options": [],
        "defaults": []
    },
    "73": {
        "class": "Isotope",
        "ID": 73,
        "element": "X",
        "infexes": [],
        "freedom": 0,
        "max_count": 15,
        "options": [],
        "defaults": []
    },
    "74": {
        "class": "Isotope",
        "ID": 74,
        "element": "X",
        "infexes": [],
        "freedom": 0,
        "max_count": 140,
        "options": [],
        "defaults": []
    },
    "75": {
        "class": "Isotope",
        "ID": 75,
        "element": "X",
        "infexes": [],
        "freedom": 0,
        "max_count": 29,
        "options": [],
        "defaults": []
    },
    "76": {
        "class": "Isotope",
        "ID": 76,
        "element": "X",
        "infexes": [],
        "freedom": 0,
        "max_count": 32,
        "options": [],
        "defaults": []
    },
    "77": {
        "class": "Isotope",
        "ID": 77,
        "element": "X",
        "infexes": [],
        "freedom": 0,
        "max_count": 14,
        "options": [],
        "defaults": []
    },
    "78": {
        "class": "Isotope",
        "ID": 78,
        "element": "X",
        "infexes": [],
        "freedom": 0,
        "max_count": 3,
        "options": [],
        "defaults": []
    },
    "79": {
        "class": "Isotope",
        "ID": 79,
        "element": "X",
        "infexes": [],
        "freedom": 0,
        "max_count": 43,
        "options": [],
        "defaults": []
    },
    "80": {
        "class": "Isotope",
        "ID": 80,
        "element": "X",
        "infexes": [],
        "freedom": 0,
        "max_count": 99,
        "options": [],
        "defaults": []
    },
    "81": {
        "class": "Isotope",
        "ID": 81,
        "element": "X",
        "infexes": [],
        "freedom": 0,
        "max_count": 1,
        "options": [],
        "defaults": []
    },
    "82": {
        "class": "Isotope",
        "ID": 82,
        "element": "X",
        "infexes": [],
        "freedom": 0,
        "max_count": 3,
        "options": [],
        "defaults": []
    },
    "83": {
        "class": "Isotope",
        "ID": 83,
        "element": "X",
        "infexes": [],
        "freedom": 0,
        "max_count": 124,
        "options": [],
        "defaults": []
    },
    "84": {
        "class": "Isotope",
        "ID": 84,
        "element": "X",
        "infexes": [],
        "freedom": 0,
        "max_count": 98,
        "options": [],
        "defaults": []
    },
    "85": {
        "class": "Isotope",
        "ID": 85,
        "element": "X",
        "infexes": [],
        "freedom": 0,
        "max_count": 29,
        "options": [],
        "defaults": []
    },
    "86": {
        "class": "Isotope",
        "ID": 86,
        "element": "X",
        "infexes": [],
        "freedom": 0,
        "max_count": 18,
        "options": [],
        "defaults": []
    },
    "87": {
        "class": "Isotope",
        "ID": 87,
        "element": "X",
        "infexes": [],
        "freedom": 0,
        "max_count": 52,
        "options": [],
        "defaults": []
    },
    "88": {
        "class": "Isotope",
        "ID": 88,
        "element": "X",
        "infexes": [],
        "freedom": 0,
        "max_count": 26,
        "options": [],
        "defaults": []
    },
    "89": {
        "class": "Isotope",
        "ID": 89,
        "element": "X",
        "infexes": [],
        "freedom": 0,
        "max_count": 27,
        "options": [],
        "defaults": []
    },
    "90": {
        "class": "Isotope",
        "ID": 90,
        "element": "X",
        "infexes": [],
        "freedom": 0,
        "max_count": 1,
        "options": [],
        "defaults": []
    },
    "91": {
        "class": "Isotope",
        "ID": 91,
        "element": "X",
        "infexes": [],
        "freedom": 0,
        "max_count": 10,
        "options": [],
        "defaults": []
    },
    "92": {
        "class": "Isotope",
        "ID": 92,
        "element": "X",
        "infexes": [],
        "freedom": 0,
        "max_count": 49,
        "options": [],
        "defaults": []
    },
    "93": {
        "class": "Isotope",
        "ID": 93,
        "element": "X",
        "infexes": [],
        "freedom": 0,
        "max_count": 49,
        "options": [],
        "defaults": []
    },
    "94": {
        "class": "Isotope",
        "ID": 94,
        "element": "X",
        "infexes": [],
        "freedom": 0,
        "max_count": 18,
        "options": [],
        "defaults": []
    },
    "95": {
        "class": "Isotope",
        "ID": 95,
        "element": "X",
        "infexes": [],
        "freedom": 0,
        "max_count": 20,
        "options": [],
        "defaults": []
    },
    "96": {
        "class": "Isotope",
        "ID": 96,
        "element": "X",
        "infexes": [],
        "freedom": 0,
        "max_count": 18,
        "options": [],
        "defaults": []
    },
    "97": {
        "class": "Isotope",
        "ID": 97,
        "element": "X",
        "infexes": [],
        "freedom": 0,
        "max_count": 27,
        "options": [],
        "defaults": []
    },
    "98": {
        "class": "Isotope",
        "ID": 98,
        "element": "X",
        "infexes": [],
        "freedom": 0,
        "max_count": 5,
        "options": [],
        "defaults": []
    },
    "99": {
        "class": "Isotope",
        "ID": 99,
        "element": "X",
        "infexes": [],
        "freedom": 0,
        "max_count": 7,
        "options": [],
        "defaults": []
    },
    "100": {
        "class": "Isotope",
        "ID": 100,
        "element": "X",
        "infexes": [],
        "freedom": 0,
        "max_count": 25,
        "options": [],
        "defaults": []
    },
    "101": {
        "class": "Isotope",
        "ID": 101,
        "element": "X",
        "infexes": [],
        "freedom": 0,
        "max_count": 20,
        "options": [],
        "defaults": []
    },
    "102": {
        "class": "Isotope",
        "ID": 102,
        "element": "Y",
        "infexes": [],
        "freedom": 0,
        "max_count": 34,
        "options": [],
        "defaults": []
    },
    "103": {
        "class": "Isotope",
        "ID": 103,
        "element": "Y",
        "infexes": [],
        "freedom": 0,
        "max_count": 58,
        "options": [],
        "defaults": []
    },
    "104": {
        "class": "Isotope",
        "ID": 104,
        "element": "Y",
        "infexes": [],
        "freedom": 0,
        "max_count": 26,
        "options": [],
        "defaults": []
    },
    "105": {
        "class": "Isotope",
        "ID": 105,
        "element": "Y",
        "infexes": [],
        "freedom": 0,
        "max_count": 65,
        "options": [],
        "defaults": []
    },
    "106": {
        "class": "Isotope",
        "ID": 106,
        "element": "Y",
        "infexes": [],
        "freedom": 0,
        "max_count": 26,
        "options": [],
        "defaults": []
    },
    "107": {
        "class": "Isotope",
        "ID": 107,
        "element": "Y",
        "infexes": [],
        "freedom": 0,
        "max_count": 21,
        "options": [],
        "defaults": []
    },
    "108": {
        "class": "Isotope",
        "ID": 108,
        "element": "Y",
        "infexes": [],
        "freedom": 0,
        "max_count": 1,
        "options": [],
        "defaults": []
    },
    "109": {
        "class": "Isotope",
        "ID": 109,
        "element": "Y",
        "infexes": [],
        "freedom": 0,
        "max_count": 31,
        "options": [],
        "defaults": []
    },
    "110": {
        "class": "Isotope",
        "ID": 110,
        "element": "Y",
        "infexes": [],
        "freedom": 0,
        "max_count": 13,
        "options": [],
        "defaults": []
    },
    "111": {
        "class": "Isotope",
        "ID": 111,
        "element": "Y",
        "infexes": [],
        "freedom": 0,
        "max_count": 23,
        "options": [],
        "defaults": []
    },
    "112": {
        "class": "Isotope",
        "ID": 112,
        "element": "Y",
        "infexes": [],
        "freedom": 0,
        "max_count": 12,
        "options": [],
        "defaults": []
    },
    "113": {
        "class": "Isotope",
        "ID": 113,
        "element": "Y",
        "infexes": [],
        "freedom": 0,
        "max_count": 24,
        "options": [],
        "defaults": []
    },
    "114": {
        "class": "Isotope",
        "ID": 114,
        "element": "Y",
        "infexes": [],
        "freedom": 0,
        "max_count": 17,
        "options": [],
        "defaults": []
    },
    "115": {
        "class": "Isotope",
        "ID": 115,
        "element": "Y",
        "infexes": [],
        "freedom": 0,
        "max_count": 43,
        "options": [],
        "defaults": []
    },
    "116": {
        "class": "Isotope",
        "ID": 116,
        "element": "Y",
        "infexes": [],
        "freedom": 0,
        "max_count": 25,
        "options": [],
        "defaults": []
    },
    "117": {
        "class": "Isotope",
        "ID": 117,
        "element": "Y",
        "infexes": [],
        "freedom": 0,
        "max_count": 13,
        "options": [],
        "defaults": []
    },
    "118": {
        "class": "Isotope",
        "ID": 118,
        "element": "Y",
        "infexes": [],
        "freedom": 0,
        "max_count": 32,
        "options": [],
        "defaults": []
    },
    "119": {
        "class": "Isotope",
        "ID": 119,
        "element": "Y",
        "infexes": [],
        "freedom": 0,
        "max_count": 17,
        "options": [],
        "defaults": []
    },
    "120": {
        "class": "Isotope",
        "ID": 120,
        "element": "Y",
        "infexes": [],
        "freedom": 0,
        "max_count": 1,
        "options": [],
        "defaults": []
    },
    "121": {
        "class": "Isotope",
        "ID": 121,
        "element": "Y",
        "infexes": [],
        "freedom": 0,
        "max_count": 3,
        "options": [],
        "defaults": []
    },
    "122": {
        "class": "Isotope",
        "ID": 122,
        "element": "Y",
        "infexes": [],
        "freedom": 0,
        "max_count": 5,
        "options": [],
        "defaults": []
    },
    "123": {
        "class": "Isotope",
        "ID": 123,
        "element": "Y",
        "infexes": [],
        "freedom": 0,
        "max_count": 20,
        "options": [],
        "defaults": []
    },
    "124": {
        "class": "Isotope",
        "ID": 124,
        "element": "Y",
        "infexes": [],
        "freedom": 0,
        "max_count": 3,
        "options": [],
        "defaults": []
    },
    "125": {
        "class": "Isotope",
        "ID": 125,
        "element": "Y",
        "infexes": [],
        "freedom": 0,
        "max_count": 36,
        "options": [],
        "defaults": []
    },
    "126": {
        "class": "Isotope",
        "ID": 126,
        "element": "Y",
        "infexes": [],
        "freedom": 0,
        "max_count": 1,
        "options": [],
        "defaults": []
    },
    "127": {
        "class": "Isotope",
        "ID": 127,
        "element": "Y",
        "infexes": [],
        "freedom": 0,
        "max_count": 21,
        "options": [],
        "defaults": []
    },
    "128": {
        "class": "Isotope",
        "ID": 128,
        "element": "Y",
        "infexes": [],
        "freedom": 0,
        "max_count": 9,
        "options": [],
        "defaults": []
    },
    "129": {
        "class": "Isotope",
        "ID": 129,
        "element": "Y",
        "infexes": [],
        "freedom": 0,
        "max_count": 37,
        "options": [],
        "defaults": []
    },
    "130": {
        "class": "Isotope",
        "ID": 130,
        "element": "Y",
        "infexes": [],
        "freedom": 0,
        "max_count": 47,
        "options": [],
        "defaults": []
    },
    "131": {
        "class": "Isotope",
        "ID": 131,
        "element": "Y",
        "infexes": [],
        "freedom": 0,
        "max_count": 30,
        "options": [],
        "defaults": []
    },
    "132": {
        "class": "Isotope",
        "ID": 132,
        "element": "Y",
        "infexes": [],
        "freedom": 0,
        "max_count": 3,
        "options": [],
        "defaults": []
    },
    "133": {
        "class": "Isotope",
        "ID": 133,
        "element": "Y",
        "infexes": [],
        "freedom": 0,
        "max_count": 1,
        "options": [],
        "defaults": []
    },
    "134": {
        "class": "Isotope",
        "ID": 134,
        "element": "Y",
        "infexes": [],
        "freedom": 0,
        "max_count": 39,
        "options": [],
        "defaults": []
    },
    "135": {
        "class": "Isotope",
        "ID": 135,
        "element": "Y",
        "infexes": [],
        "freedom": 0,
        "max_count": 6,
        "options": [],
        "defaults": []
    },
    "136": {
        "class": "Isotope",
        "ID": 136,
        "element": "SPIN",
        "infexes": [],
        "freedom": 0.294629847660271,
        "max_count": 3,
        "options": [
            [
                91,
                57,
                145
            ],
            [
                151,
                28,
                111
            ],
            [
                122,
                187,
                64
            ]
        ],
        "defaults": [
            [
                151,
                28,
                111
            ]
        ]
    },
    "137": {
        "class": "Isotope",
        "ID": 137,
        "element": "SIGMOID",
        "infexes": [],
        "freedom": 0,
        "max_count": 5,
        "options": [
            [
                91
            ]
        ],
        "defaults": [
            [
                91
            ]
        ]
    },
    "138": {
        "class": "Isotope",
        "ID": 138,
        "element": "IT",
        "infexes": [],
        "freedom": 0,
        "max_count": 47,
        "options": [
            [
                76,
                104,
                174,
                44,
                92
            ]
        ],
        "defaults": [
            [
                76,
                104,
                174,
                44,
                92
            ]
        ]
    },
    "139": {
        "class": "Isotope",
        "ID": 139,
        "element": "AMEAN",
        "infexes": [
            2,
            3
        ],
        "freedom": 0.3164085040928655,
        "max_count": 45,
        "options": [
            [
                70,
                38,
                10
            ],
            [
                152,
                221,
                198
            ]
        ],
        "defaults": [
            [
                70,
                38,
                10
            ]
        ]
    },
    "140": {
        "class": "Isotope",
        "ID": 140,
        "element": "POWER",
        "infexes": [],
        "freedom": 0.18058730544530624,
        "max_count": 1,
        "options": [
            [
                15,
                13
            ],
            [
                120,
                143
            ],
            [
                34,
                228
            ]
        ],
        "defaults": [
            [
                15,
                13
            ]
        ]
    },
    "141": {
        "class": "Isotope",
        "ID": 141,
        "element": "RAND",
        "infexes": [],
        "freedom": 0.4363745713015925,
        "max_count": 9,
        "options": [
            [
                67
            ],
            [
                140
            ],
            [
                14
            ],
            [
                149
            ],
            [
                71
            ]
        ],
        "defaults": [
            [
                67
            ]
        ]
    },
    "142": {
        "class": "Isotope",
        "ID": 142,
        "element": "SPIN",
        "infexes": [],
        "freedom": 0.1696978504992508,
        "max_count": 10,
        "options": [
            [
                87,
                9,
                88
            ],
            [
                209,
                78,
                59
            ]
        ],
        "defaults": [
            [
                87,
                9,
                88
            ]
        ]
    },
    "143": {
        "class": "Isotope",
        "ID": 143,
        "element": "MINX",
        "infexes": [
            2,
            6
        ],
        "freedom": 0.20987004142921042,
        "max_count": 9,
        "options": [
            [
                71,
                62,
                226
            ],
            [
                74,
                18,
                141,
                131,
                159,
                95
            ],
            [
                14,
                224,
                192,
                78,
                139,
                19
            ],
            [
                150,
                76,
                144,
                205,
                72,
                120
            ],
            [
                129,
                57,
                152,
                175,
                57,
                75
            ]
        ],
        "defaults": [
            [
                71,
                62,
                226
            ]
        ]
    },
    "144": {
        "class": "Isotope",
        "ID": 144,
        "element": "IT",
        "infexes": [],
        "freedom": 0.24078191266284155,
        "max_count": 16,
        "options": [
            [
                43,
                104,
                220,
                137,
                97
            ],
            [
                43,
                104,
                151,
                48,
                69
            ],
            [
                43,
                104,
                99,
                24,
                51
            ]
        ],
        "defaults": [
            [
                43,
                104,
                99,
                24,
                51
            ]
        ]
    },
    "145": {
        "class": "Isotope",
        "ID": 145,
        "element": "IT",
        "infexes": [],
        "freedom": 0.252881697392827,
        "max_count": 30,
        "options": [
            [
                81,
                120,
                83,
                39,
                133
            ],
            [
                81,
                120,
                71,
                72,
                155
            ],
            [
                81,
                120,
                27,
                183,
                29
            ]
        ],
        "defaults": [
            [
                81,
                120,
                83,
                39,
                133
            ]
        ]
    },
    "146": {
        "class": "Isotope",
        "ID": 146,
        "element": "RAND",
        "infexes": [],
        "freedom": 0,
        "max_count": 11,
        "options": [
            [
                50
            ]
        ],
        "defaults": [
            [
                50
            ]
        ]
    },
    "147": {
        "class": "Isotope",
        "ID": 147,
        "element": "IT",
        "infexes": [],
        "freedom": 0.34859597960612304,
        "max_count": 4,
        "options": [
            [
                55,
                125,
                66,
                173,
                43
            ],
            [
                55,
                125,
                24,
                113,
                31
            ]
        ],
        "defaults": [
            [
                55,
                125,
                24,
                113,
                31
            ]
        ]
    },
    "148": {
        "class": "Isotope",
        "ID": 148,
        "element": "POW",
        "infexes": [],
        "freedom": 0.143158134345084,
        "max_count": 2,
        "options": [
            [
                150
            ],
            [
                46
            ],
            [
                8
            ],
            [
                82
            ],
            [
                84
            ],
            [
                52
            ],
            [
                43
            ]
        ],
        "defaults": [
            [
                8
            ]
        ]
    },
    "149": {
        "class": "Isotope",
        "ID": 149,
        "element": "IT",
        "infexes": [],
        "freedom": 0.3874011162983416,
        "max_count": 13,
        "options": [
            [
                48,
                131,
                28,
                90,
                29
            ],
            [
                48,
                131,
                27,
                211,
                183
            ],
            [
                48,
                131,
                180,
                8,
                212
            ],
            [
                48,
                131,
                7,
                67,
                140
            ]
        ],
        "defaults": [
            [
                48,
                131,
                28,
                90,
                29
            ]
        ]
    },
    "150": {
        "class": "Isotope",
        "ID": 150,
        "element": "GMEAN",
        "infexes": [
            2,
            3
        ],
        "freedom": 0.43193270723609273,
        "max_count": 3,
        "options": [
            [
                11,
                97
            ],
            [
                155,
                26,
                77
            ]
        ],
        "defaults": [
            [
                11,
                97
            ]
        ]
    },
    "151": {
        "class": "Isotope",
        "ID": 151,
        "element": "MINX",
        "infexes": [
            3,
            3
        ],
        "freedom": 0,
        "max_count": 8,
        "options": [
            [
                37,
                135,
                80
            ]
        ],
        "defaults": [
            [
                37,
                135,
                80
            ]
        ]
    },
    "152": {
        "class": "Isotope",
        "ID": 152,
        "element": "POWER",
        "infexes": [],
        "freedom": 0.4035808827647941,
        "max_count": 10,
        "options": [
            [
                75,
                108
            ],
            [
                172,
                52
            ]
        ],
        "defaults": [
            [
                75,
                108
            ]
        ]
    },
    "153": {
        "class": "Isotope",
        "ID": 153,
        "element": "IT",
        "infexes": [],
        "freedom": 0.4007373003519295,
        "max_count": 11,
        "options": [
            [
                48,
                121,
                163,
                16,
                68
            ],
            [
                48,
                121,
                138,
                156,
                39
            ],
            [
                48,
                121,
                44,
                90,
                22
            ]
        ],
        "defaults": [
            [
                48,
                121,
                138,
                156,
                39
            ]
        ]
    },
    "154": {
        "class": "Isotope",
        "ID": 154,
        "element": "SPIN",
        "infexes": [],
        "freedom": 0.5121856104670695,
        "max_count": 4,
        "options": [
            [
                87,
                202,
                158
            ],
            [
                74,
                8,
                15
            ]
        ],
        "defaults": [
            [
                74,
                8,
                15
            ]
        ]
    },
    "155": {
        "class": "Isotope",
        "ID": 155,
        "element": "AMEAN",
        "infexes": [
            2,
            9
        ],
        "freedom": 0.20763822947911012,
        "max_count": 17,
        "options": [
            [
                12,
                123,
                110,
                39,
                189,
                129
            ],
            [
                179,
                131,
                192,
                56,
                52,
                216,
                47,
                40,
                15
            ]
        ],
        "defaults": [
            [
                12,
                123,
                110,
                39,
                189,
                129
            ]
        ]
    },
    "156": {
        "class": "Isotope",
        "ID": 156,
        "element": "INV",
        "infexes": [],
        "freedom": 0.1310853835526038,
        "max_count": 4,
        "options": [
            [
                101
            ],
            [
                9
            ]
        ],
        "defaults": [
            [
                101
            ],
            [
                9
            ]
        ]
    },
    "157": {
        "class": "Isotope",
        "ID": 157,
        "element": "IT",
        "infexes": [],
        "freedom": 0.2258150745219805,
        "max_count": 18,
        "options": [
            [
                95,
                109,
                14,
                146,
                14
            ],
            [
                95,
                109,
                138,
                38,
                206
            ]
        ],
        "defaults": [
            [
                95,
                109,
                14,
                146,
                14
            ]
        ]
    },
    "158": {
        "class": "Isotope",
        "ID": 158,
        "element": "AMEAN",
        "infexes": [
            2,
            2
        ],
        "freedom": 0,
        "max_count": 59,
        "options": [
            [
                82,
                200
            ]
        ],
        "defaults": [
            [
                82,
                200
            ]
        ]
    },
    "159": {
        "class": "Isotope",
        "ID": 159,
        "element": "POW",
        "infexes": [],
        "freedom": 0.26121801460281147,
        "max_count": 106,
        "options": [
            [
                84
            ],
            [
                100
            ],
            [
                50
            ],
            [
                70
            ],
            [
                58
            ],
            [
                35
            ],
            [
                9
            ],
            [
                86
            ],
            [
                87
            ],
            [
                37
            ],
            [
                70
            ],
            [
                81
            ],
            [
                76
            ],
            [
                137
            ],
            [
                59
            ],
            [
                92
            ],
            [
                72
            ]
        ],
        "defaults": [
            [
                84
            ],
            [
                100
            ],
            [
                50
            ],
            [
                70
            ],
            [
                58
            ],
            [
                35
            ],
            [
                9
            ],
            [
                86
            ],
            [
                87
            ],
            [
                37
            ],
            [
                70
            ],
            [
                81
            ],
            [
                76
            ],
            [
                137
            ],
            [
                59
            ],
            [
                92
            ],
            [
                72
            ]
        ]
    },
    "160": {
        "class": "Isotope",
        "ID": 160,
        "element": "GMEAN",
        "infexes": [
            2,
            4
        ],
        "freedom": 0.3404932911479252,
        "max_count": 184,
        "options": [
            [
                124,
                135,
                182,
                89
            ],
            [
                109,
                63,
                94,
                134
            ]
        ],
        "defaults": [
            [
                109,
                63,
                94,
                134
            ]
        ]
    },
    "161": {
        "class": "Isotope",
        "ID": 161,
        "element": "IT",
        "infexes": [],
        "freedom": 0.22566643701708317,
        "max_count": 48,
        "options": [
            [
                75,
                112,
                114,
                39,
                46
            ],
            [
                75,
                112,
                119,
                137,
                139
            ]
        ],
        "defaults": [
            [
                75,
                112,
                114,
                39,
                46
            ]
        ]
    },
    "162": {
        "class": "Isotope",
        "ID": 162,
        "element": "RAND",
        "infexes": [],
        "freedom": 0,
        "max_count": 52,
        "options": [
            [
                128
            ]
        ],
        "defaults": [
            [
                128
            ]
        ]
    },
    "163": {
        "class": "Isotope",
        "ID": 163,
        "element": "GMEAN",
        "infexes": [
            4,
            21
        ],
        "freedom": 0.3147523834901379,
        "max_count": 32,
        "options": [
            [
                120,
                125,
                131,
                36,
                18,
                133,
                65,
                95,
                21,
                115,
                63,
                124,
                165,
                51,
                100,
                184,
                62
            ],
            [
                144,
                56,
                158,
                58,
                106,
                82,
                102,
                53,
                23,
                124,
                218,
                81,
                218,
                7,
                196,
                55,
                114,
                41,
                121,
                144,
                7
            ]
        ],
        "defaults": [
            [
                120,
                125,
                131,
                36,
                18,
                133,
                65,
                95,
                21,
                115,
                63,
                124,
                165,
                51,
                100,
                184,
                62
            ]
        ]
    },
    "164": {
        "class": "Isotope",
        "ID": 164,
        "element": "IT",
        "infexes": [],
        "freedom": 0.4799256123165807,
        "max_count": 5,
        "options": [
            [
                31,
                104,
                174,
                132,
                10
            ],
            [
                31,
                104,
                204,
                133,
                176
            ]
        ],
        "defaults": [
            [
                31,
                104,
                174,
                132,
                10
            ]
        ]
    },
    "165": {
        "class": "Isotope",
        "ID": 165,
        "element": "SIN",
        "infexes": [],
        "freedom": 0,
        "max_count": 15,
        "options": [
            [
                119
            ]
        ],
        "defaults": [
            [
                119
            ]
        ]
    },
    "166": {
        "class": "Isotope",
        "ID": 166,
        "element": "AMEAN",
        "infexes": [
            3,
            4
        ],
        "freedom": 0.1624210995159046,
        "max_count": 24,
        "options": [
            [
                117,
                97,
                30,
                22
            ],
            [
                125,
                216,
                22
            ],
            [
                217,
                68,
                132,
                142
            ]
        ],
        "defaults": [
            [
                125,
                216,
                22
            ]
        ]
    },
    "167": {
        "class": "Isotope",
        "ID": 167,
        "element": "IT",
        "infexes": [],
        "freedom": 0.3465479693931427,
        "max_count": 14,
        "options": [
            [
                8,
                115,
                223,
                119,
                161
            ],
            [
                8,
                115,
                165,
                18,
                10
            ]
        ],
        "defaults": [
            [
                8,
                115,
                165,
                18,
                10
            ]
        ]
    },
    "168": {
        "class": "Isotope",
        "ID": 168,
        "element": "SIN",
        "infexes": [],
        "freedom": 0.6439723646745464,
        "max_count": 30,
        "options": [
            [
                116
            ],
            [
                133
            ]
        ],
        "defaults": [
            [
                116
            ],
            [
                133
            ]
        ]
    },
    "169": {
        "class": "Isotope",
        "ID": 169,
        "element": "SIN",
        "infexes": [],
        "freedom": 0.27160533213882304,
        "max_count": 22,
        "options": [
            [
                113
            ],
            [
                114
            ]
        ],
        "defaults": [
            [
                113
            ],
            [
                114
            ]
        ]
    },
    "170": {
        "class": "Isotope",
        "ID": 170,
        "element": "AMEAN",
        "infexes": [
            3,
            7
        ],
        "freedom": 0.8337953291458498,
        "max_count": 8,
        "options": [
            [
                158,
                139,
                171,
                162,
                218,
                94,
                110
            ],
            [
                223,
                174,
                44,
                143,
                109,
                62,
                178
            ],
            [
                94,
                112,
                213,
                110,
                152,
                33,
                99
            ],
            [
                190,
                225,
                91,
                158,
                29,
                166,
                60
            ],
            [
                129,
                178,
                120,
                27,
                48,
                59,
                28
            ],
            [
                66,
                92,
                129,
                187,
                203,
                99,
                47
            ],
            [
                206,
                122,
                69,
                73,
                175,
                18,
                121
            ],
            [
                112,
                134,
                128
            ],
            [
                101,
                192,
                153,
                119,
                61,
                17,
                159
            ],
            [
                135,
                134,
                150,
                125,
                148,
                156,
                110
            ],
            [
                24,
                116,
                171,
                15,
                58,
                83,
                99
            ],
            [
                112,
                46,
                171,
                105,
                88,
                135,
                222
            ],
            [
                125,
                217,
                6,
                67,
                119,
                208,
                172
            ],
            [
                211,
                9,
                108,
                154,
                44,
                58,
                12
            ],
            [
                145,
                129,
                160,
                75,
                174,
                62,
                169
            ],
            [
                181,
                39,
                50,
                96,
                55,
                94,
                160
            ],
            [
                21,
                127,
                40,
                102,
                208,
                78,
                163
            ],
            [
                152,
                113,
                33,
                45,
                133,
                167,
                174
            ],
            [
                65,
                55,
                175,
                208,
                24,
                146,
                142
            ]
        ],
        "defaults": [
            [
                112,
                134,
                128
            ]
        ]
    },
    "171": {
        "class": "Isotope",
        "ID": 171,
        "element": "GMEAN",
        "infexes": [
            2,
            3
        ],
        "freedom": 0,
        "max_count": 8,
        "options": [
            [
                16,
                63,
                127
            ]
        ],
        "defaults": [
            [
                16,
                63,
                127
            ]
        ]
    },
    "172": {
        "class": "Isotope",
        "ID": 172,
        "element": "AMEAN",
        "infexes": [
            5,
            6
        ],
        "freedom": 0.5234113669931508,
        "max_count": 14,
        "options": [
            [
                168,
                6,
                24,
                118,
                60,
                6
            ],
            [
                150,
                25,
                121,
                83,
                205,
                82
            ]
        ],
        "defaults": [
            [
                168,
                6,
                24,
                118,
                60,
                6
            ]
        ]
    },
    "173": {
        "class": "Isotope",
        "ID": 173,
        "element": "IT",
        "infexes": [],
        "freedom": 0.25226924493888014,
        "max_count": 23,
        "options": [
            [
                26,
                119,
                168,
                89,
                50
            ],
            [
                26,
                119,
                167,
                87,
                168
            ]
        ],
        "defaults": [
            [
                26,
                119,
                168,
                89,
                50
            ]
        ]
    },
    "174": {
        "class": "Isotope",
        "ID": 174,
        "element": "INV",
        "infexes": [],
        "freedom": 0.7563141850032443,
        "max_count": 12,
        "options": [
            [
                162
            ],
            [
                102
            ]
        ],
        "defaults": [
            [
                162
            ],
            [
                102
            ]
        ]
    },
    "175": {
        "class": "Isotope",
        "ID": 175,
        "element": "SIGMOID",
        "infexes": [],
        "freedom": 0,
        "max_count": 27,
        "options": [
            [
                130
            ]
        ],
        "defaults": [
            [
                130
            ]
        ]
    },
    "176": {
        "class": "Isotope",
        "ID": 176,
        "element": "IT",
        "infexes": [],
        "freedom": 0,
        "max_count": 4,
        "options": [
            [
                78,
                134,
                116,
                63,
                104
            ]
        ],
        "defaults": [
            [
                78,
                134,
                116,
                63,
                104
            ]
        ]
    },
    "177": {
        "class": "Isotope",
        "ID": 177,
        "element": "AMEAN",
        "infexes": [
            2,
            3
        ],
        "freedom": 0.05596236208144079,
        "max_count": 1,
        "options": [
            [
                56,
                92,
                105
            ],
            [
                70,
                120,
                104
            ]
        ],
        "defaults": [
            [
                56,
                92,
                105
            ],
            [
                70,
                120,
                104
            ]
        ]
    },
    "178": {
        "class": "Isotope",
        "ID": 178,
        "element": "SPIN",
        "infexes": [],
        "freedom": 0.29345087867134045,
        "max_count": 4,
        "options": [
            [
                47,
                107,
                170
            ],
            [
                48,
                99,
                127
            ],
            [
                59,
                125,
                221
            ],
            [
                50,
                166,
                35
            ],
            [
                154,
                71,
                118
            ],
            [
                162,
                229,
                80
            ],
            [
                83,
                109,
                26
            ]
        ],
        "defaults": [
            [
                83,
                109,
                26
            ]
        ]
    },
    "179": {
        "class": "Isotope",
        "ID": 179,
        "element": "AMEAN",
        "infexes": [
            4,
            5
        ],
        "freedom": 0.42656280056836887,
        "max_count": 12,
        "options": [
            [
                55,
                121,
                30,
                116,
                25
            ],
            [
                176,
                67,
                207,
                180,
                135
            ]
        ],
        "defaults": [
            [
                55,
                121,
                30,
                116,
                25
            ]
        ]
    },
    "180": {
        "class": "Isotope",
        "ID": 180,
        "element": "AMEAN",
        "infexes": [
            2,
            4
        ],
        "freedom": 0.357050345390311,
        "max_count": 63,
        "options": [
            [
                159,
                162,
                15,
                76
            ],
            [
                156,
                163,
                67,
                70
            ]
        ],
        "defaults": [
            [
                159,
                162,
                15,
                76
            ]
        ]
    },
    "181": {
        "class": "Isotope",
        "ID": 181,
        "element": "AMEAN",
        "infexes": [
            2,
            9
        ],
        "freedom": 0.23123623250612937,
        "max_count": 65,
        "options": [
            [
                174,
                145,
                93,
                168,
                38,
                109,
                59,
                109,
                104
            ],
            [
                59,
                165,
                12,
                78
            ]
        ],
        "defaults": [
            [
                59,
                165,
                12,
                78
            ]
        ]
    },
    "182": {
        "class": "Isotope",
        "ID": 182,
        "element": "GMEAN",
        "infexes": [
            3,
            8
        ],
        "freedom": 0.17773728017419582,
        "max_count": 26,
        "options": [
            [
                95,
                117,
                151
            ],
            [
                10,
                117,
                207,
                44,
                45,
                139,
                39,
                161
            ]
        ],
        "defaults": [
            [
                95,
                117,
                151
            ]
        ]
    },
    "183": {
        "class": "Isotope",
        "ID": 183,
        "element": "AMEAN",
        "infexes": [
            2,
            4
        ],
        "freedom": 0.26568594828548064,
        "max_count": 12,
        "options": [
            [
                52,
                102,
                210,
                207
            ],
            [
                45,
                103
            ]
        ],
        "defaults": [
            [
                45,
                103
            ]
        ]
    },
    "184": {
        "class": "Isotope",
        "ID": 184,
        "element": "IT",
        "infexes": [],
        "freedom": 0,
        "max_count": 61,
        "options": [
            [
                89,
                116,
                176,
                33,
                91
            ]
        ],
        "defaults": [
            [
                89,
                116,
                176,
                33,
                91
            ]
        ]
    },
    "185": {
        "class": "Isotope",
        "ID": 185,
        "element": "SPIN",
        "infexes": [],
        "freedom": 0.13923621553205331,
        "max_count": 18,
        "options": [
            [
                95,
                176,
                216
            ],
            [
                61,
                164,
                85
            ]
        ],
        "defaults": [
            [
                95,
                176,
                216
            ]
        ]
    },
    "186": {
        "class": "Isotope",
        "ID": 186,
        "element": "SPIN",
        "infexes": [],
        "freedom": 0.3090544210371517,
        "max_count": 17,
        "options": [
            [
                142,
                81,
                163
            ],
            [
                89,
                104,
                91
            ]
        ],
        "defaults": [
            [
                89,
                104,
                91
            ]
        ]
    },
    "187": {
        "class": "Isotope",
        "ID": 187,
        "element": "GMEAN",
        "infexes": [
            4,
            5
        ],
        "freedom": 0.2614908440290166,
        "max_count": 10,
        "options": [
            [
                136,
                84,
                69,
                163,
                77
            ],
            [
                86,
                131,
                82,
                126,
                53
            ]
        ],
        "defaults": [
            [
                86,
                131,
                82,
                126,
                53
            ]
        ]
    },
    "188": {
        "class": "Isotope",
        "ID": 188,
        "element": "AMEAN",
        "infexes": [
            2,
            2
        ],
        "freedom": 0.30023341543088355,
        "max_count": 48,
        "options": [
            [
                53,
                121
            ],
            [
                163,
                24
            ],
            [
                86,
                127
            ]
        ],
        "defaults": [
            [
                86,
                127
            ]
        ]
    },
    "189": {
        "class": "Isotope",
        "ID": 189,
        "element": "MINX",
        "infexes": [
            2,
            2
        ],
        "freedom": 0,
        "max_count": 72,
        "options": [
            [
                104,
                71
            ]
        ],
        "defaults": [
            [
                104,
                71
            ]
        ]
    },
    "190": {
        "class": "Isotope",
        "ID": 190,
        "element": "GMEAN",
        "infexes": [
            2,
            7
        ],
        "freedom": 0.19193327685116118,
        "max_count": 20,
        "options": [
            [
                104,
                212,
                185,
                134,
                56,
                89,
                213
            ],
            [
                79,
                104,
                28
            ]
        ],
        "defaults": [
            [
                79,
                104,
                28
            ]
        ]
    },
    "191": {
        "class": "Isotope",
        "ID": 191,
        "element": "IT",
        "infexes": [],
        "freedom": 0.5109763410780606,
        "max_count": 21,
        "options": [
            [
                61,
                103,
                101,
                176,
                177
            ],
            [
                61,
                103,
                29,
                101,
                167
            ]
        ],
        "defaults": [
            [
                61,
                103,
                101,
                176,
                177
            ]
        ]
    },
    "192": {
        "class": "Isotope",
        "ID": 192,
        "element": "POWER",
        "infexes": [],
        "freedom": 0.3202942834269226,
        "max_count": 10,
        "options": [
            [
                28,
                123
            ],
            [
                42,
                105
            ],
            [
                104,
                63
            ],
            [
                124,
                23
            ],
            [
                98,
                107
            ],
            [
                157,
                126
            ],
            [
                162,
                84
            ],
            [
                36,
                175
            ],
            [
                36,
                114
            ],
            [
                21,
                119
            ],
            [
                116,
                151
            ],
            [
                36,
                129
            ],
            [
                170,
                95
            ],
            [
                79,
                169
            ],
            [
                62,
                120
            ],
            [
                109,
                33
            ],
            [
                160,
                92
            ],
            [
                168,
                83
            ]
        ],
        "defaults": [
            [
                36,
                129
            ]
        ]
    },
    "193": {
        "class": "Isotope",
        "ID": 193,
        "element": "SPIN",
        "infexes": [],
        "freedom": 0.2713934497720967,
        "max_count": 45,
        "options": [
            [
                117,
                109,
                181
            ],
            [
                177,
                28,
                75
            ],
            [
                202,
                27,
                19
            ]
        ],
        "defaults": [
            [
                177,
                28,
                75
            ]
        ]
    },
    "194": {
        "class": "Isotope",
        "ID": 194,
        "element": "GMEAN",
        "infexes": [
            2,
            15
        ],
        "freedom": 0.042333679505069395,
        "max_count": 34,
        "options": [
            [
                103,
                76,
                49,
                50,
                197,
                198,
                10,
                117,
                10,
                186,
                95,
                218,
                209,
                104,
                177
            ],
            [
                177,
                124,
                26,
                129,
                35
            ]
        ],
        "defaults": [
            [
                177,
                124,
                26,
                129,
                35
            ]
        ]
    },
    "195": {
        "class": "Isotope",
        "ID": 195,
        "element": "INV",
        "infexes": [],
        "freedom": 0.08624470941811124,
        "max_count": 14,
        "options": [
            [
                184
            ],
            [
                206
            ]
        ],
        "defaults": [
            [
                184
            ]
        ]
    },
    "196": {
        "class": "Isotope",
        "ID": 196,
        "element": "INV",
        "infexes": [],
        "freedom": 0.31827647676419296,
        "max_count": 11,
        "options": [
            [
                177
            ],
            [
                206
            ],
            [
                195
            ],
            [
                205
            ]
        ],
        "defaults": [
            [
                177
            ]
        ]
    },
    "197": {
        "class": "Isotope",
        "ID": 197,
        "element": "MINX",
        "infexes": [
            3,
            7
        ],
        "freedom": 0.11775587324947215,
        "max_count": 56,
        "options": [
            [
                165,
                192,
                79,
                116,
                132,
                209,
                76
            ],
            [
                177,
                105,
                105
            ]
        ],
        "defaults": [
            [
                177,
                105,
                105
            ]
        ]
    },
    "198": {
        "class": "Isotope",
        "ID": 198,
        "element": "GMEAN",
        "infexes": [
            4,
            6
        ],
        "freedom": 0.23165757352338384,
        "max_count": 14,
        "options": [
            [
                189,
                213,
                105,
                89
            ],
            [
                45,
                63,
                147,
                6,
                168,
                198
            ]
        ],
        "defaults": [
            [
                189,
                213,
                105,
                89
            ]
        ]
    },
    "199": {
        "class": "Isotope",
        "ID": 199,
        "element": "SPIN",
        "infexes": [],
        "freedom": 0.562892792629798,
        "max_count": 24,
        "options": [
            [
                177,
                93,
                174
            ],
            [
                214,
                188,
                57
            ]
        ],
        "defaults": [
            [
                177,
                93,
                174
            ]
        ]
    },
    "200": {
        "class": "Isotope",
        "ID": 200,
        "element": "SIN",
        "infexes": [],
        "freedom": 0,
        "max_count": 49,
        "options": [
            [
                189
            ]
        ],
        "defaults": [
            [
                189
            ]
        ]
    },
    "201": {
        "class": "Isotope",
        "ID": 201,
        "element": "MINX",
        "infexes": [
            2,
            2
        ],
        "freedom": 0.3407065095628951,
        "max_count": 8,
        "options": [
            [
                199,
                113
            ],
            [
                189,
                76
            ],
            [
                172,
                192
            ],
            [
                148,
                187
            ]
        ],
        "defaults": [
            [
                189,
                76
            ]
        ]
    },
    "202": {
        "class": "Isotope",
        "ID": 202,
        "element": "SPIN",
        "infexes": [],
        "freedom": 0.14687428437841177,
        "max_count": 11,
        "options": [
            [
                191,
                71,
                181
            ],
            [
                200,
                47,
                113
            ]
        ],
        "defaults": [
            [
                200,
                47,
                113
            ]
        ]
    },
    "203": {
        "class": "Isotope",
        "ID": 203,
        "element": "SPIN",
        "infexes": [],
        "freedom": 0.40651979091747764,
        "max_count": 9,
        "options": [
            [
                201,
                101,
                137
            ],
            [
                184,
                61,
                184
            ]
        ],
        "defaults": [
            [
                184,
                61,
                184
            ]
        ]
    },
    "204": {
        "class": "Isotope",
        "ID": 204,
        "element": "SIGMOID",
        "infexes": [],
        "freedom": 0.4181008844249824,
        "max_count": 26,
        "options": [
            [
                177
            ],
            [
                186
            ]
        ],
        "defaults": [
            [
                177
            ]
        ]
    },
    "205": {
        "class": "Isotope",
        "ID": 205,
        "element": "GMEAN",
        "infexes": [
            3,
            10
        ],
        "freedom": 0.4335352632211543,
        "max_count": 194,
        "options": [
            [
                84,
                172,
                130,
                133,
                11,
                190,
                55,
                197,
                185,
                112
            ],
            [
                189,
                156,
                111,
                76,
                20,
                102,
                137,
                168,
                189
            ]
        ],
        "defaults": [
            [
                189,
                156,
                111,
                76,
                20,
                102,
                137,
                168,
                189
            ]
        ]
    },
    "206": {
        "class": "Isotope",
        "ID": 206,
        "element": "SIN",
        "infexes": [],
        "freedom": 0.2523972300936488,
        "max_count": 3,
        "options": [
            [
                184
            ],
            [
                192
            ],
            [
                188
            ]
        ],
        "defaults": [
            [
                184
            ]
        ]
    },
    "207": {
        "class": "Isotope",
        "ID": 207,
        "element": "INV",
        "infexes": [],
        "freedom": 0.4059905292575879,
        "max_count": 32,
        "options": [
            [
                184
            ],
            [
                181
            ]
        ],
        "defaults": [
            [
                184
            ]
        ]
    },
    "208": {
        "class": "Isotope",
        "ID": 208,
        "element": "IT",
        "infexes": [],
        "freedom": 0,
        "max_count": 5,
        "options": [
            [
                92,
                135,
                77,
                91,
                214
            ]
        ],
        "defaults": [
            [
                92,
                135,
                77,
                91,
                214
            ]
        ]
    },
    "209": {
        "class": "Isotope",
        "ID": 209,
        "element": "AMEAN",
        "infexes": [
            5,
            5
        ],
        "freedom": 0.13384954471181915,
        "max_count": 21,
        "options": [
            [
                208,
                42,
                128,
                126,
                122
            ],
            [
                70,
                173,
                147,
                120,
                173
            ]
        ],
        "defaults": [
            [
                208,
                42,
                128,
                126,
                122
            ]
        ]
    },
    "210": {
        "class": "Isotope",
        "ID": 210,
        "element": "INV",
        "infexes": [],
        "freedom": 0.24192684880459717,
        "max_count": 23,
        "options": [
            [
                162
            ],
            [
                171
            ],
            [
                167
            ]
        ],
        "defaults": [
            [
                162
            ]
        ]
    },
    "211": {
        "class": "Isotope",
        "ID": 211,
        "element": "SIN",
        "infexes": [],
        "freedom": 0.2557561624638553,
        "max_count": 24,
        "options": [
            [
                220
            ],
            [
                66
            ]
        ],
        "defaults": [
            [
                66
            ]
        ]
    },
    "212": {
        "class": "Isotope",
        "ID": 212,
        "element": "SPIN",
        "infexes": [],
        "freedom": 0.7092649749821499,
        "max_count": 10,
        "options": [
            [
                109,
                91,
                52
            ],
            [
                208,
                138,
                18
            ],
            [
                33,
                224,
                180
            ],
            [
                98,
                53,
                6
            ]
        ],
        "defaults": [
            [
                109,
                91,
                52
            ]
        ]
    },
    "213": {
        "class": "Isotope",
        "ID": 213,
        "element": "IT",
        "infexes": [],
        "freedom": 0,
        "max_count": 3,
        "options": [
            [
                67,
                120,
                79,
                9,
                37
            ]
        ],
        "defaults": [
            [
                67,
                120,
                79,
                9,
                37
            ]
        ]
    },
    "214": {
        "class": "Isotope",
        "ID": 214,
        "element": "IT",
        "infexes": [],
        "freedom": 0,
        "max_count": 10,
        "options": [
            [
                72,
                125,
                80,
                223,
                90
            ]
        ],
        "defaults": [
            [
                72,
                125,
                80,
                223,
                90
            ]
        ]
    },
    "215": {
        "class": "Isotope",
        "ID": 215,
        "element": "MINX",
        "infexes": [
            2,
            3
        ],
        "freedom": 0.4584570104832376,
        "max_count": 11,
        "options": [
            [
                44,
                189,
                181
            ],
            [
                54,
                165,
                113
            ],
            [
                98,
                31,
                103
            ]
        ],
        "defaults": [
            [
                54,
                165,
                113
            ]
        ]
    },
    "216": {
        "class": "Isotope",
        "ID": 216,
        "element": "INV",
        "infexes": [],
        "freedom": 0,
        "max_count": 38,
        "options": [
            [
                133
            ]
        ],
        "defaults": [
            [
                133
            ]
        ]
    },
    "217": {
        "class": "Isotope",
        "ID": 217,
        "element": "AMEAN",
        "infexes": [
            2,
            7
        ],
        "freedom": 0.16444070681864206,
        "max_count": 2,
        "options": [
            [
                203,
                207,
                51,
                132,
                186,
                227,
                81
            ],
            [
                46,
                88
            ]
        ],
        "defaults": [
            [
                46,
                88
            ]
        ]
    },
    "218": {
        "class": "Isotope",
        "ID": 218,
        "element": "AMEAN",
        "infexes": [
            2,
            3
        ],
        "freedom": 0.09476212515599147,
        "max_count": 6,
        "options": [
            [
                62,
                151
            ],
            [
                20,
                87,
                149
            ],
            [
                8,
                188,
                54
            ]
        ],
        "defaults": [
            [
                62,
                151
            ]
        ]
    },
    "219": {
        "class": "Isotope",
        "ID": 219,
        "element": "GMEAN",
        "infexes": [
            3,
            9
        ],
        "freedom": 0.3664074368932638,
        "max_count": 1,
        "options": [
            [
                42,
                76,
                104,
                67,
                30,
                33
            ],
            [
                201,
                210,
                134,
                94,
                187,
                64,
                65,
                69,
                120
            ]
        ],
        "defaults": [
            [
                42,
                76,
                104,
                67,
                30,
                33
            ]
        ]
    },
    "220": {
        "class": "Isotope",
        "ID": 220,
        "element": "SPIN",
        "infexes": [],
        "freedom": 0.45753580695415536,
        "max_count": 87,
        "options": [
            [
                228,
                37,
                69
            ],
            [
                172,
                225,
                161
            ]
        ],
        "defaults": [
            [
                228,
                37,
                69
            ]
        ]
    },
    "221": {
        "class": "Isotope",
        "ID": 221,
        "element": "AMEAN",
        "infexes": [
            2,
            5
        ],
        "freedom": 0.15576027285756078,
        "max_count": 16,
        "options": [
            [
                13,
                93,
                45,
                215,
                175
            ],
            [
                28,
                175,
                165,
                93,
                209
            ],
            [
                22,
                17,
                192,
                29,
                229
            ],
            [
                80,
                151,
                155,
                16,
                134
            ],
            [
                159,
                217,
                38,
                61,
                184
            ],
            [
                83,
                40
            ],
            [
                65,
                196,
                8,
                23,
                160
            ],
            [
                139,
                128,
                219,
                94,
                79
            ]
        ],
        "defaults": [
            [
                83,
                40
            ]
        ]
    },
    "222": {
        "class": "Isotope",
        "ID": 222,
        "element": "IT",
        "infexes": [],
        "freedom": 0.6091659710153093,
        "max_count": 4,
        "options": [
            [
                87,
                127,
                41,
                173,
                190
            ],
            [
                87,
                127,
                137,
                44,
                96
            ]
        ],
        "defaults": [
            [
                87,
                127,
                137,
                44,
                96
            ]
        ]
    },
    "223": {
        "class": "Isotope",
        "ID": 223,
        "element": "SIN",
        "infexes": [],
        "freedom": 0,
        "max_count": 47,
        "options": [
            [
                114
            ]
        ],
        "defaults": [
            [
                114
            ]
        ]
    },
    "224": {
        "class": "Isotope",
        "ID": 224,
        "element": "AMEAN",
        "infexes": [
            3,
            27
        ],
        "freedom": 0.4763345647906026,
        "max_count": 22,
        "options": [
            [
                146,
                229,
                197,
                217,
                7,
                102,
                59,
                211,
                217,
                188,
                74,
                213,
                46,
                23,
                217,
                45,
                130,
                199,
                213,
                200,
                225,
                142,
                187,
                48,
                137,
                120,
                79
            ],
            [
                13,
                171,
                133,
                133,
                184,
                100,
                169,
                43,
                6,
                156,
                45,
                146,
                189,
                32,
                22,
                7,
                129
            ]
        ],
        "defaults": [
            [
                13,
                171,
                133,
                133,
                184,
                100,
                169,
                43,
                6,
                156,
                45,
                146,
                189,
                32,
                22,
                7,
                129
            ]
        ]
    },
    "225": {
        "class": "Isotope",
        "ID": 225,
        "element": "MINX",
        "infexes": [
            5,
            6
        ],
        "freedom": 0.18849494630688723,
        "max_count": 36,
        "options": [
            [
                99,
                98,
                223,
                132,
                200,
                32
            ],
            [
                156,
                194,
                63,
                165,
                20,
                172
            ]
        ],
        "defaults": [
            [
                99,
                98,
                223,
                132,
                200,
                32
            ]
        ]
    },
    "226": {
        "class": "Isotope",
        "ID": 226,
        "element": "IT",
        "infexes": [],
        "freedom": 0,
        "max_count": 40,
        "options": [
            [
                56,
                111,
                47,
                119,
                104
            ]
        ],
        "defaults": [
            [
                56,
                111,
                47,
                119,
                104
            ]
        ]
    },
    "227": {
        "class": "Isotope",
        "ID": 227,
        "element": "IT",
        "infexes": [],
        "freedom": 0.13674592075482309,
        "max_count": 44,
        "options": [
            [
                78,
                131,
                12,
                193,
                119
            ],
            [
                78,
                131,
                93,
                11,
                17
            ]
        ],
        "defaults": [
            [
                78,
                131,
                93,
                11,
                17
            ]
        ]
    },
    "228": {
        "class": "Isotope",
        "ID": 228,
        "element": "SPIN",
        "infexes": [],
        "freedom": 0,
        "max_count": 5,
        "options": [
            [
                20,
                21,
                165
            ]
        ],
        "defaults": [
            [
                20,
                21,
                165
            ]
        ]
    },
    "229": {
        "class": "Isotope",
        "ID": 229,
        "element": "AMEAN",
        "infexes": [
            5,
            7
        ],
        "freedom": 0.5351781334708471,
        "max_count": 11,
        "options": [
            [
                85,
                27,
                120,
                73,
                57,
                186,
                74
            ],
            [
                38,
                131,
                156,
                35,
                75,
                115
            ],
            [
                208,
                157,
                127,
                215,
                158,
                219,
                206
            ]
        ],
        "defaults": [
            [
                38,
                131,
                156,
                35,
                75,
                115
            ]
        ]
    },
    "230": {
        "class": "Isotope",
        "ID": 230,
        "element": "ROOT_TARGET",
        "infexes": [],
        "freedom": 0.8983444441559657,
        "max_count": 1,
        "options": [
            [
                196
            ],
            [
                197
            ]
        ],
        "defaults": []
    },
    "231": {
        "class": "Isotope",
        "ID": 231,
        "element": "ROOT_AIM",
        "infexes": [],
        "freedom": 0.06168261109442197,
        "max_count": 1,
        "options": [
            [
                62
            ],
            [
                163
            ]
        ],
        "defaults": []
    }
}