{
    "0": {
        "class": "Isotope",
        "ID": 0,
        "element": "ROOT_MAIN",
        "infexes": [],
        "freedom": 0.3621459828296211,
        "max_count": 1,
        "options": [
            [
                179
            ],
            [
                153
            ]
        ],
        "defaults": [
            [
                153
            ]
        ]
    },
    "1": {
        "class": "Isotope",
        "ID": 1,
        "element": "ROOT_HUE",
        "infexes": [],
        "freedom": 0.16793407119886708,
        "max_count": 1,
        "options": [
            [
                181
            ],
            [
                180
            ]
        ],
        "defaults": [
            [
                180
            ]
        ]
    },
    "2": {
        "class": "Isotope",
        "ID": 2,
        "element": "ROOT_SAT",
        "infexes": [],
        "freedom": 0.3219332512664499,
        "max_count": 1,
        "options": [
            [
                155
            ],
            [
                153
            ]
        ],
        "defaults": [
            [
                153
            ]
        ]
    },
    "3": {
        "class": "Isotope",
        "ID": 3,
        "element": "ROOT_VAL",
        "infexes": [],
        "freedom": 0.3263406691140531,
        "max_count": 1,
        "options": [
            [
                161
            ],
            [
                183
            ]
        ],
        "defaults": [
            [
                161
            ]
        ]
    },
    "4": {
        "class": "Isotope",
        "ID": 4,
        "element": "ROOT_PAL",
        "infexes": [],
        "freedom": 0.02297491525688159,
        "max_count": 1,
        "options": [
            [
                176
            ],
            [
                167
            ]
        ],
        "defaults": [
            [
                167
            ]
        ]
    },
    "5": {
        "class": "Isotope",
        "ID": 5,
        "element": "ROOT_GRAD",
        "infexes": [],
        "freedom": 0.12997945336498593,
        "max_count": 1,
        "options": [
            [
                179
            ],
            [
                169
            ]
        ],
        "defaults": [
            [
                169
            ]
        ]
    },
    "6": {
        "class": "Isotope",
        "ID": 6,
        "element": "X",
        "infexes": [],
        "freedom": 0,
        "max_count": 5,
        "options": [],
        "defaults": []
    },
    "7": {
        "class": "Isotope",
        "ID": 7,
        "element": "X",
        "infexes": [],
        "freedom": 0,
        "max_count": 10,
        "options": [],
        "defaults": []
    },
    "8": {
        "class": "Isotope",
        "ID": 8,
        "element": "X",
        "infexes": [],
        "freedom": 0,
        "max_count": 36,
        "options": [],
        "defaults": []
    },
    "9": {
        "class": "Isotope",
        "ID": 9,
        "element": "X",
        "infexes": [],
        "freedom": 0,
        "max_count": 30,
        "options": [],
        "defaults": []
    },
    "10": {
        "class": "Isotope",
        "ID": 10,
        "element": "X",
        "infexes": [],
        "freedom": 0,
        "max_count": 69,
        "options": [],
        "defaults": []
    },
    "11": {
        "class": "Isotope",
        "ID": 11,
        "element": "X",
        "infexes": [],
        "freedom": 0,
        "max_count": 196,
        "options": [],
        "defaults": []
    },
    "12": {
        "class": "Isotope",
        "ID": 12,
        "element": "X",
        "infexes": [],
        "freedom": 0,
        "max_count": 6,
        "options": [],
        "defaults": []
    },
    "13": {
        "class": "Isotope",
        "ID": 13,
        "element": "X",
        "infexes": [],
        "freedom": 0,
        "max_count": 10,
        "options": [],
        "defaults": []
    },
    "14": {
        "class": "Isotope",
        "ID": 14,
        "element": "X",
        "infexes": [],
        "freedom": 0,
        "max_count": 10,
        "options": [],
        "defaults": []
    },
    "15": {
        "class": "Isotope",
        "ID": 15,
        "element": "X",
        "infexes": [],
        "freedom": 0,
        "max_count": 5,
        "options": [],
        "defaults": []
    },
    "16": {
        "class": "Isotope",
        "ID": 16,
        "element": "X",
        "infexes": [],
        "freedom": 0,
        "max_count": 3,
        "options": [],
        "defaults": []
    },
    "17": {
        "class": "Isotope",
        "ID": 17,
        "element": "X",
        "infexes": [],
        "freedom": 0,
        "max_count": 11,
        "options": [],
        "defaults": []
    },
    "18": {
        "class": "Isotope",
        "ID": 18,
        "element": "X",
        "infexes": [],
        "freedom": 0,
        "max_count": 35,
        "options": [],
        "defaults": []
    },
    "19": {
        "class": "Isotope",
        "ID": 19,
        "element": "X",
        "infexes": [],
        "freedom": 0,
        "max_count": 7,
        "options": [],
        "defaults": []
    },
    "20": {
        "class": "Isotope",
        "ID": 20,
        "element": "X",
        "infexes": [],
        "freedom": 0,
        "max_count": 1,
        "options": [],
        "defaults": []
    },
    "21": {
        "class": "Isotope",
        "ID": 21,
        "element": "X",
        "infexes": [],
        "freedom": 0,
        "max_count": 57,
        "options": [],
        "defaults": []
    },
    "22": {
        "class": "Isotope",
        "ID": 22,
        "element": "X",
        "infexes": [],
        "freedom": 0,
        "max_count": 33,
        "options": [],
        "defaults": []
    },
    "23": {
        "class": "Isotope",
        "ID": 23,
        "element": "X",
        "infexes": [],
        "freedom": 0,
        "max_count": 1,
        "options": [],
        "defaults": []
    },
    "24": {
        "class": "Isotope",
        "ID": 24,
        "element": "X",
        "infexes": [],
        "freedom": 0,
        "max_count": 51,
        "options": [],
        "defaults": []
    },
    "25": {
        "class": "Isotope",
        "ID": 25,
        "element": "X",
        "infexes": [],
        "freedom": 0,
        "max_count": 2,
        "options": [],
        "defaults": []
    },
    "26": {
        "class": "Isotope",
        "ID": 26,
        "element": "X",
        "infexes": [],
        "freedom": 0,
        "max_count": 29,
        "options": [],
        "defaults": []
    },
    "27": {
        "class": "Isotope",
        "ID": 27,
        "element": "X",
        "infexes": [],
        "freedom": 0,
        "max_count": 90,
        "options": [],
        "defaults": []
    },
    "28": {
        "class": "Isotope",
        "ID": 28,
        "element": "X",
        "infexes": [],
        "freedom": 0,
        "max_count": 41,
        "options": [],
        "defaults": []
    },
    "29": {
        "class": "Isotope",
        "ID": 29,
        "element": "X",
        "infexes": [],
        "freedom": 0,
        "max_count": 17,
        "options": [],
        "defaults": []
    },
    "30": {
        "class": "Isotope",
        "ID": 30,
        "element": "X",
        "infexes": [],
        "freedom": 0,
        "max_count": 4,
        "options": [],
        "defaults": []
    },
    "31": {
        "class": "Isotope",
        "ID": 31,
        "element": "X",
        "infexes": [],
        "freedom": 0,
        "max_count": 3,
        "options": [],
        "defaults": []
    },
    "32": {
        "class": "Isotope",
        "ID": 32,
        "element": "X",
        "infexes": [],
        "freedom": 0,
        "max_count": 8,
        "options": [],
        "defaults": []
    },
    "33": {
        "class": "Isotope",
        "ID": 33,
        "element": "X",
        "infexes": [],
        "freedom": 0,
        "max_count": 49,
        "options": [],
        "defaults": []
    },
    "34": {
        "class": "Isotope",
        "ID": 34,
        "element": "X",
        "infexes": [],
        "freedom": 0,
        "max_count": 42,
        "options": [],
        "defaults": []
    },
    "35": {
        "class": "Isotope",
        "ID": 35,
        "element": "X",
        "infexes": [],
        "freedom": 0,
        "max_count": 11,
        "options": [],
        "defaults": []
    },
    "36": {
        "class": "Isotope",
        "ID": 36,
        "element": "X",
        "infexes": [],
        "freedom": 0,
        "max_count": 12,
        "options": [],
        "defaults": []
    },
    "37": {
        "class": "Isotope",
        "ID": 37,
        "element": "X",
        "infexes": [],
        "freedom": 0,
        "max_count": 80,
        "options": [],
        "defaults": []
    },
    "38": {
        "class": "Isotope",
        "ID": 38,
        "element": "X",
        "infexes": [],
        "freedom": 0,
        "max_count": 34,
        "options": [],
        "defaults": []
    },
    "39": {
        "class": "Isotope",
        "ID": 39,
        "element": "X",
        "infexes": [],
        "freedom": 0,
        "max_count": 74,
        "options": [],
        "defaults": []
    },
    "40": {
        "class": "Isotope",
        "ID": 40,
        "element": "X",
        "infexes": [],
        "freedom": 0,
        "max_count": 29,
        "options": [],
        "defaults": []
    },
    "41": {
        "class": "Isotope",
        "ID": 41,
        "element": "X",
        "infexes": [],
        "freedom": 0,
        "max_count": 22,
        "options": [],
        "defaults": []
    },
    "42": {
        "class": "Isotope",
        "ID": 42,
        "element": "X",
        "infexes": [],
        "freedom": 0,
        "max_count": 2,
        "options": [],
        "defaults": []
    },
    "43": {
        "class": "Isotope",
        "ID": 43,
        "element": "Y",
        "infexes": [],
        "freedom": 0,
        "max_count": 26,
        "options": [],
        "defaults": []
    },
    "44": {
        "class": "Isotope",
        "ID": 44,
        "element": "Y",
        "infexes": [],
        "freedom": 0,
        "max_count": 114,
        "options": [],
        "defaults": []
    },
    "45": {
        "class": "Isotope",
        "ID": 45,
        "element": "Y",
        "infexes": [],
        "freedom": 0,
        "max_count": 60,
        "options": [],
        "defaults": []
    },
    "46": {
        "class": "Isotope",
        "ID": 46,
        "element": "Y",
        "infexes": [],
        "freedom": 0,
        "max_count": 26,
        "options": [],
        "defaults": []
    },
    "47": {
        "class": "Isotope",
        "ID": 47,
        "element": "Y",
        "infexes": [],
        "freedom": 0,
        "max_count": 27,
        "options": [],
        "defaults": []
    },
    "48": {
        "class": "Isotope",
        "ID": 48,
        "element": "Y",
        "infexes": [],
        "freedom": 0,
        "max_count": 64,
        "options": [],
        "defaults": []
    },
    "49": {
        "class": "Isotope",
        "ID": 49,
        "element": "Y",
        "infexes": [],
        "freedom": 0,
        "max_count": 19,
        "options": [],
        "defaults": []
    },
    "50": {
        "class": "Isotope",
        "ID": 50,
        "element": "Y",
        "infexes": [],
        "freedom": 0,
        "max_count": 8,
        "options": [],
        "defaults": []
    },
    "51": {
        "class": "Isotope",
        "ID": 51,
        "element": "Y",
        "infexes": [],
        "freedom": 0,
        "max_count": 8,
        "options": [],
        "defaults": []
    },
    "52": {
        "class": "Isotope",
        "ID": 52,
        "element": "Y",
        "infexes": [],
        "freedom": 0,
        "max_count": 29,
        "options": [],
        "defaults": []
    },
    "53": {
        "class": "Isotope",
        "ID": 53,
        "element": "Y",
        "infexes": [],
        "freedom": 0,
        "max_count": 34,
        "options": [],
        "defaults": []
    },
    "54": {
        "class": "Isotope",
        "ID": 54,
        "element": "Y",
        "infexes": [],
        "freedom": 0,
        "max_count": 18,
        "options": [],
        "defaults": []
    },
    "55": {
        "class": "Isotope",
        "ID": 55,
        "element": "Y",
        "infexes": [],
        "freedom": 0,
        "max_count": 34,
        "options": [],
        "defaults": []
    },
    "56": {
        "class": "Isotope",
        "ID": 56,
        "element": "Y",
        "infexes": [],
        "freedom": 0,
        "max_count": 53,
        "options": [],
        "defaults": []
    },
    "57": {
        "class": "Isotope",
        "ID": 57,
        "element": "Y",
        "infexes": [],
        "freedom": 0,
        "max_count": 67,
        "options": [],
        "defaults": []
    },
    "58": {
        "class": "Isotope",
        "ID": 58,
        "element": "Y",
        "infexes": [],
        "freedom": 0,
        "max_count": 8,
        "options": [],
        "defaults": []
    },
    "59": {
        "class": "Isotope",
        "ID": 59,
        "element": "Y",
        "infexes": [],
        "freedom": 0,
        "max_count": 12,
        "options": [],
        "defaults": []
    },
    "60": {
        "class": "Isotope",
        "ID": 60,
        "element": "Y",
        "infexes": [],
        "freedom": 0,
        "max_count": 46,
        "options": [],
        "defaults": []
    },
    "61": {
        "class": "Isotope",
        "ID": 61,
        "element": "Y",
        "infexes": [],
        "freedom": 0,
        "max_count": 140,
        "options": [],
        "defaults": []
    },
    "62": {
        "class": "Isotope",
        "ID": 62,
        "element": "Y",
        "infexes": [],
        "freedom": 0,
        "max_count": 3,
        "options": [],
        "defaults": []
    },
    "63": {
        "class": "Isotope",
        "ID": 63,
        "element": "Y",
        "infexes": [],
        "freedom": 0,
        "max_count": 1,
        "options": [],
        "defaults": []
    },
    "64": {
        "class": "Isotope",
        "ID": 64,
        "element": "Y",
        "infexes": [],
        "freedom": 0,
        "max_count": 11,
        "options": [],
        "defaults": []
    },
    "65": {
        "class": "Isotope",
        "ID": 65,
        "element": "Y",
        "infexes": [],
        "freedom": 0,
        "max_count": 11,
        "options": [],
        "defaults": []
    },
    "66": {
        "class": "Isotope",
        "ID": 66,
        "element": "Y",
        "infexes": [],
        "freedom": 0,
        "max_count": 10,
        "options": [],
        "defaults": []
    },
    "67": {
        "class": "Isotope",
        "ID": 67,
        "element": "Y",
        "infexes": [],
        "freedom": 0,
        "max_count": 21,
        "options": [],
        "defaults": []
    },
    "68": {
        "class": "Isotope",
        "ID": 68,
        "element": "Y",
        "infexes": [],
        "freedom": 0,
        "max_count": 59,
        "options": [],
        "defaults": []
    },
    "69": {
        "class": "Isotope",
        "ID": 69,
        "element": "Y",
        "infexes": [],
        "freedom": 0,
        "max_count": 18,
        "options": [],
        "defaults": []
    },
    "70": {
        "class": "Isotope",
        "ID": 70,
        "element": "Y",
        "infexes": [],
        "freedom": 0,
        "max_count": 15,
        "options": [],
        "defaults": []
    },
    "71": {
        "class": "Isotope",
        "ID": 71,
        "element": "Y",
        "infexes": [],
        "freedom": 0,
        "max_count": 5,
        "options": [],
        "defaults": []
    },
    "72": {
        "class": "Isotope",
        "ID": 72,
        "element": "Y",
        "infexes": [],
        "freedom": 0,
        "max_count": 12,
        "options": [],
        "defaults": []
    },
    "73": {
        "class": "Isotope",
        "ID": 73,
        "element": "Y",
        "infexes": [],
        "freedom": 0,
        "max_count": 26,
        "options": [],
        "defaults": []
    },
    "74": {
        "class": "Isotope",
        "ID": 74,
        "element": "Y",
        "infexes": [],
        "freedom": 0,
        "max_count": 9,
        "options": [],
        "defaults": []
    },
    "75": {
        "class": "Isotope",
        "ID": 75,
        "element": "Y",
        "infexes": [],
        "freedom": 0,
        "max_count": 23,
        "options": [],
        "defaults": []
    },
    "76": {
        "class": "Isotope",
        "ID": 76,
        "element": "Y",
        "infexes": [],
        "freedom": 0,
        "max_count": 48,
        "options": [],
        "defaults": []
    },
    "77": {
        "class": "Isotope",
        "ID": 77,
        "element": "Y",
        "infexes": [],
        "freedom": 0,
        "max_count": 3,
        "options": [],
        "defaults": []
    },
    "78": {
        "class": "Isotope",
        "ID": 78,
        "element": "Y",
        "infexes": [],
        "freedom": 0,
        "max_count": 30,
        "options": [],
        "defaults": []
    },
    "79": {
        "class": "Isotope",
        "ID": 79,
        "element": "Y",
        "infexes": [],
        "freedom": 0,
        "max_count": 17,
        "options": [],
        "defaults": []
    },
    "80": {
        "class": "Isotope",
        "ID": 80,
        "element": "Y",
        "infexes": [],
        "freedom": 0,
        "max_count": 184,
        "options": [],
        "defaults": []
    },
    "81": {
        "class": "Isotope",
        "ID": 81,
        "element": "Y",
        "infexes": [],
        "freedom": 0,
        "max_count": 102,
        "options": [],
        "defaults": []
    },
    "82": {
        "class": "Isotope",
        "ID": 82,
        "element": "Y",
        "infexes": [],
        "freedom": 0,
        "max_count": 16,
        "options": [],
        "defaults": []
    },
    "83": {
        "class": "Isotope",
        "ID": 83,
        "element": "Y",
        "infexes": [],
        "freedom": 0,
        "max_count": 6,
        "options": [],
        "defaults": []
    },
    "84": {
        "class": "Isotope",
        "ID": 84,
        "element": "Y",
        "infexes": [],
        "freedom": 0,
        "max_count": 5,
        "options": [],
        "defaults": []
    },
    "85": {
        "class": "Isotope",
        "ID": 85,
        "element": "Y",
        "infexes": [],
        "freedom": 0,
        "max_count": 51,
        "options": [],
        "defaults": []
    },
    "86": {
        "class": "Isotope",
        "ID": 86,
        "element": "Y",
        "infexes": [],
        "freedom": 0,
        "max_count": 14,
        "options": [],
        "defaults": []
    },
    "87": {
        "class": "Isotope",
        "ID": 87,
        "element": "Y",
        "infexes": [],
        "freedom": 0,
        "max_count": 5,
        "options": [],
        "defaults": []
    },
    "88": {
        "class": "Isotope",
        "ID": 88,
        "element": "Y",
        "infexes": [],
        "freedom": 0,
        "max_count": 19,
        "options": [],
        "defaults": []
    },
    "89": {
        "class": "Isotope",
        "ID": 89,
        "element": "Y",
        "infexes": [],
        "freedom": 0,
        "max_count": 12,
        "options": [],
        "defaults": []
    },
    "90": {
        "class": "Isotope",
        "ID": 90,
        "element": "Y",
        "infexes": [],
        "freedom": 0,
        "max_count": 11,
        "options": [],
        "defaults": []
    },
    "91": {
        "class": "Isotope",
        "ID": 91,
        "element": "Y",
        "infexes": [],
        "freedom": 0,
        "max_count": 4,
        "options": [],
        "defaults": []
    },
    "92": {
        "class": "Isotope",
        "ID": 92,
        "element": "Y",
        "infexes": [],
        "freedom": 0,
        "max_count": 29,
        "options": [],
        "defaults": []
    },
    "93": {
        "class": "Isotope",
        "ID": 93,
        "element": "Y",
        "infexes": [],
        "freedom": 0,
        "max_count": 5,
        "options": [],
        "defaults": []
    },
    "94": {
        "class": "Isotope",
        "ID": 94,
        "element": "Y",
        "infexes": [],
        "freedom": 0,
        "max_count": 176,
        "options": [],
        "defaults": []
    },
    "95": {
        "class": "Isotope",
        "ID": 95,
        "element": "Y",
        "infexes": [],
        "freedom": 0,
        "max_count": 6,
        "options": [],
        "defaults": []
    },
    "96": {
        "class": "Isotope",
        "ID": 96,
        "element": "Y",
        "infexes": [],
        "freedom": 0,
        "max_count": 2,
        "options": [],
        "defaults": []
    },
    "97": {
        "class": "Isotope",
        "ID": 97,
        "element": "Y",
        "infexes": [],
        "freedom": 0,
        "max_count": 8,
        "options": [],
        "defaults": []
    },
    "98": {
        "class": "Isotope",
        "ID": 98,
        "element": "Y",
        "infexes": [],
        "freedom": 0,
        "max_count": 43,
        "options": [],
        "defaults": []
    },
    "99": {
        "class": "Isotope",
        "ID": 99,
        "element": "Y",
        "infexes": [],
        "freedom": 0,
        "max_count": 12,
        "options": [],
        "defaults": []
    },
    "100": {
        "class": "Isotope",
        "ID": 100,
        "element": "Y",
        "infexes": [],
        "freedom": 0,
        "max_count": 6,
        "options": [],
        "defaults": []
    },
    "101": {
        "class": "Isotope",
        "ID": 101,
        "element": "Y",
        "infexes": [],
        "freedom": 0,
        "max_count": 88,
        "options": [],
        "defaults": []
    },
    "102": {
        "class": "Isotope",
        "ID": 102,
        "element": "Y",
        "infexes": [],
        "freedom": 0,
        "max_count": 6,
        "options": [],
        "defaults": []
    },
    "103": {
        "class": "Isotope",
        "ID": 103,
        "element": "Y",
        "infexes": [],
        "freedom": 0,
        "max_count": 5,
        "options": [],
        "defaults": []
    },
    "104": {
        "class": "Isotope",
        "ID": 104,
        "element": "Y",
        "infexes": [],
        "freedom": 0,
        "max_count": 5,
        "options": [],
        "defaults": []
    },
    "105": {
        "class": "Isotope",
        "ID": 105,
        "element": "Y",
        "infexes": [],
        "freedom": 0,
        "max_count": 38,
        "options": [],
        "defaults": []
    },
    "106": {
        "class": "Isotope",
        "ID": 106,
        "element": "Y",
        "infexes": [],
        "freedom": 0,
        "max_count": 22,
        "options": [],
        "defaults": []
    },
    "107": {
        "class": "Isotope",
        "ID": 107,
        "element": "Y",
        "infexes": [],
        "freedom": 0,
        "max_count": 185,
        "options": [],
        "defaults": []
    },
    "108": {
        "class": "Isotope",
        "ID": 108,
        "element": "Y",
        "infexes": [],
        "freedom": 0,
        "max_count": 21,
        "options": [],
        "defaults": []
    },
    "109": {
        "class": "Isotope",
        "ID": 109,
        "element": "Y",
        "infexes": [],
        "freedom": 0,
        "max_count": 21,
        "options": [],
        "defaults": []
    },
    "110": {
        "class": "Isotope",
        "ID": 110,
        "element": "Y",
        "infexes": [],
        "freedom": 0,
        "max_count": 26,
        "options": [],
        "defaults": []
    },
    "111": {
        "class": "Isotope",
        "ID": 111,
        "element": "Y",
        "infexes": [],
        "freedom": 0,
        "max_count": 55,
        "options": [],
        "defaults": []
    },
    "112": {
        "class": "Isotope",
        "ID": 112,
        "element": "Y",
        "infexes": [],
        "freedom": 0,
        "max_count": 7,
        "options": [],
        "defaults": []
    },
    "113": {
        "class": "Isotope",
        "ID": 113,
        "element": "Y",
        "infexes": [],
        "freedom": 0,
        "max_count": 47,
        "options": [],
        "defaults": []
    },
    "114": {
        "class": "Isotope",
        "ID": 114,
        "element": "Y",
        "infexes": [],
        "freedom": 0,
        "max_count": 10,
        "options": [],
        "defaults": []
    },
    "115": {
        "class": "Isotope",
        "ID": 115,
        "element": "Y",
        "infexes": [],
        "freedom": 0,
        "max_count": 39,
        "options": [],
        "defaults": []
    },
    "116": {
        "class": "Isotope",
        "ID": 116,
        "element": "Y",
        "infexes": [],
        "freedom": 0,
        "max_count": 29,
        "options": [],
        "defaults": []
    },
    "117": {
        "class": "Isotope",
        "ID": 117,
        "element": "Y",
        "infexes": [],
        "freedom": 0,
        "max_count": 32,
        "options": [],
        "defaults": []
    },
    "118": {
        "class": "Isotope",
        "ID": 118,
        "element": "Y",
        "infexes": [],
        "freedom": 0,
        "max_count": 5,
        "options": [],
        "defaults": []
    },
    "119": {
        "class": "Isotope",
        "ID": 119,
        "element": "Y",
        "infexes": [],
        "freedom": 0,
        "max_count": 21,
        "options": [],
        "defaults": []
    },
    "120": {
        "class": "Isotope",
        "ID": 120,
        "element": "Y",
        "infexes": [],
        "freedom": 0,
        "max_count": 189,
        "options": [],
        "defaults": []
    },
    "121": {
        "class": "Isotope",
        "ID": 121,
        "element": "Y",
        "infexes": [],
        "freedom": 0,
        "max_count": 27,
        "options": [],
        "defaults": []
    },
    "122": {
        "class": "Isotope",
        "ID": 122,
        "element": "Y",
        "infexes": [],
        "freedom": 0,
        "max_count": 8,
        "options": [],
        "defaults": []
    },
    "123": {
        "class": "Isotope",
        "ID": 123,
        "element": "Y",
        "infexes": [],
        "freedom": 0,
        "max_count": 13,
        "options": [],
        "defaults": []
    },
    "124": {
        "class": "Isotope",
        "ID": 124,
        "element": "Y",
        "infexes": [],
        "freedom": 0,
        "max_count": 10,
        "options": [],
        "defaults": []
    },
    "125": {
        "class": "Isotope",
        "ID": 125,
        "element": "Y",
        "infexes": [],
        "freedom": 0,
        "max_count": 86,
        "options": [],
        "defaults": []
    },
    "126": {
        "class": "Isotope",
        "ID": 126,
        "element": "Y",
        "infexes": [],
        "freedom": 0,
        "max_count": 18,
        "options": [],
        "defaults": []
    },
    "127": {
        "class": "Isotope",
        "ID": 127,
        "element": "Y",
        "infexes": [],
        "freedom": 0,
        "max_count": 18,
        "options": [],
        "defaults": []
    },
    "128": {
        "class": "Isotope",
        "ID": 128,
        "element": "Y",
        "infexes": [],
        "freedom": 0,
        "max_count": 64,
        "options": [],
        "defaults": []
    },
    "129": {
        "class": "Isotope",
        "ID": 129,
        "element": "Y",
        "infexes": [],
        "freedom": 0,
        "max_count": 28,
        "options": [],
        "defaults": []
    },
    "130": {
        "class": "Isotope",
        "ID": 130,
        "element": "Y",
        "infexes": [],
        "freedom": 0,
        "max_count": 14,
        "options": [],
        "defaults": []
    },
    "131": {
        "class": "Isotope",
        "ID": 131,
        "element": "Y",
        "infexes": [],
        "freedom": 0,
        "max_count": 25,
        "options": [],
        "defaults": []
    },
    "132": {
        "class": "Isotope",
        "ID": 132,
        "element": "Y",
        "infexes": [],
        "freedom": 0,
        "max_count": 25,
        "options": [],
        "defaults": []
    },
    "133": {
        "class": "Isotope",
        "ID": 133,
        "element": "Y",
        "infexes": [],
        "freedom": 0,
        "max_count": 1,
        "options": [],
        "defaults": []
    },
    "134": {
        "class": "Isotope",
        "ID": 134,
        "element": "Y",
        "infexes": [],
        "freedom": 0,
        "max_count": 14,
        "options": [],
        "defaults": []
    },
    "135": {
        "class": "Isotope",
        "ID": 135,
        "element": "Y",
        "infexes": [],
        "freedom": 0,
        "max_count": 3,
        "options": [],
        "defaults": []
    },
    "136": {
        "class": "Isotope",
        "ID": 136,
        "element": "SIN",
        "infexes": [],
        "freedom": 0.4443905479599426,
        "max_count": 16,
        "options": [
            [
                139
            ],
            [
                9
            ],
            [
                38
            ],
            [
                8
            ],
            [
                7
            ],
            [
                11
            ],
            [
                37
            ],
            [
                40
            ],
            [
                30
            ],
            [
                19
            ]
        ],
        "defaults": [
            [
                139
            ],
            [
                9
            ],
            [
                38
            ],
            [
                8
            ],
            [
                7
            ],
            [
                11
            ],
            [
                37
            ],
            [
                40
            ],
            [
                30
            ],
            [
                19
            ]
        ]
    },
    "137": {
        "class": "Isotope",
        "ID": 137,
        "element": "ARCFAN",
        "infexes": [],
        "freedom": 0,
        "max_count": 25,
        "options": [
            [
                90,
                9
            ]
        ],
        "defaults": [
            [
                90,
                9
            ]
        ]
    },
    "138": {
        "class": "Isotope",
        "ID": 138,
        "element": "ARCFAN",
        "infexes": [],
        "freedom": 0.3444402669499258,
        "max_count": 45,
        "options": [
            [
                71,
                33
            ],
            [
                33,
                21
            ],
            [
                137,
                56
            ],
            [
                11,
                142
            ],
            [
                21,
                20
            ],
            [
                119,
                36
            ]
        ],
        "defaults": [
            [
                71,
                33
            ],
            [
                33,
                21
            ],
            [
                137,
                56
            ],
            [
                11,
                142
            ],
            [
                21,
                20
            ],
            [
                119,
                36
            ]
        ]
    },
    "139": {
        "class": "Isotope",
        "ID": 139,
        "element": "SIN",
        "infexes": [],
        "freedom": 0,
        "max_count": 6,
        "options": [
            [
                38
            ]
        ],
        "defaults": [
            [
                38
            ]
        ]
    },
    "140": {
        "class": "Isotope",
        "ID": 140,
        "element": "SPIN",
        "infexes": [],
        "freedom": 0,
        "max_count": 6,
        "options": [
            [
                26,
                56,
                22
            ]
        ],
        "defaults": [
            [
                26,
                56,
                22
            ]
        ]
    },
    "141": {
        "class": "Isotope",
        "ID": 141,
        "element": "ARCFAN",
        "infexes": [],
        "freedom": 0.3698659402491943,
        "max_count": 46,
        "options": [
            [
                127,
                36
            ],
            [
                37,
                144
            ]
        ],
        "defaults": [
            [
                127,
                36
            ],
            [
                37,
                144
            ]
        ]
    },
    "142": {
        "class": "Isotope",
        "ID": 142,
        "element": "AMEAN",
        "infexes": [
            5,
            7
        ],
        "freedom": 0,
        "max_count": 22,
        "options": [
            [
                204,
                139,
                136,
                103,
                17,
                163,
                183
            ]
        ],
        "defaults": [
            [
                204,
                139,
                136,
                103,
                17,
                163,
                183
            ]
        ]
    },
    "143": {
        "class": "Isotope",
        "ID": 143,
        "element": "IT",
        "infexes": [],
        "freedom": 0,
        "max_count": 18,
        "options": [
            [
                40,
                125,
                140,
                8,
                97
            ]
        ],
        "defaults": [
            [
                40,
                125,
                140,
                8,
                97
            ]
        ]
    },
    "144": {
        "class": "Isotope",
        "ID": 144,
        "element": "IT",
        "infexes": [],
        "freedom": 0,
        "max_count": 3,
        "options": [
            [
                25,
                45,
                80,
                193,
                140
            ]
        ],
        "defaults": [
            [
                25,
                45,
                80,
                193,
                140
            ]
        ]
    },
    "145": {
        "class": "Isotope",
        "ID": 145,
        "element": "IT",
        "infexes": [],
        "freedom": 0,
        "max_count": 4,
        "options": [
            [
                35,
                82,
                12,
                130,
                73
            ]
        ],
        "defaults": [
            [
                35,
                82,
                12,
                130,
                73
            ]
        ]
    },
    "146": {
        "class": "Isotope",
        "ID": 146,
        "element": "MINX",
        "infexes": [
            2,
            9
        ],
        "freedom": 0,
        "max_count": 30,
        "options": [
            [
                113,
                23,
                194,
                51,
                10,
                100,
                88,
                20,
                205
            ]
        ],
        "defaults": [
            [
                113,
                23,
                194,
                51,
                10,
                100,
                88,
                20,
                205
            ]
        ]
    },
    "147": {
        "class": "Isotope",
        "ID": 147,
        "element": "POW",
        "infexes": [],
        "freedom": 0.07074108961596458,
        "max_count": 159,
        "options": [
            [
                145
            ],
            [
                47
            ]
        ],
        "defaults": [
            [
                145
            ],
            [
                47
            ]
        ]
    },
    "148": {
        "class": "Isotope",
        "ID": 148,
        "element": "GMEAN",
        "infexes": [
            4,
            6
        ],
        "freedom": 0.27408178413480627,
        "max_count": 16,
        "options": [
            [
                140,
                124,
                121,
                206,
                156,
                122
            ],
            [
                121,
                183,
                37,
                141
            ]
        ],
        "defaults": [
            [
                121,
                183,
                37,
                141
            ]
        ]
    },
    "149": {
        "class": "Isotope",
        "ID": 149,
        "element": "IT",
        "infexes": [],
        "freedom": 0,
        "max_count": 23,
        "options": [
            [
                28,
                113,
                109,
                93,
                140
            ]
        ],
        "defaults": [
            [
                28,
                113,
                109,
                93,
                140
            ]
        ]
    },
    "150": {
        "class": "Isotope",
        "ID": 150,
        "element": "ARCFAN",
        "infexes": [],
        "freedom": 0.28422333615008577,
        "max_count": 14,
        "options": [
            [
                127,
                32
            ],
            [
                139,
                71
            ]
        ],
        "defaults": [
            [
                127,
                32
            ],
            [
                139,
                71
            ]
        ]
    },
    "151": {
        "class": "Isotope",
        "ID": 151,
        "element": "ARCFAN",
        "infexes": [],
        "freedom": 0,
        "max_count": 47,
        "options": [
            [
                133,
                149
            ]
        ],
        "defaults": [
            [
                133,
                149
            ]
        ]
    },
    "152": {
        "class": "Isotope",
        "ID": 152,
        "element": "ARCFAN",
        "infexes": [],
        "freedom": 0.16968273747631799,
        "max_count": 14,
        "options": [
            [
                35,
                83
            ],
            [
                44,
                37
            ]
        ],
        "defaults": [
            [
                35,
                83
            ],
            [
                44,
                37
            ]
        ]
    },
    "153": {
        "class": "Isotope",
        "ID": 153,
        "element": "SPIN",
        "infexes": [],
        "freedom": 0,
        "max_count": 15,
        "options": [
            [
                7,
                6,
                82
            ]
        ],
        "defaults": [
            [
                7,
                6,
                82
            ]
        ]
    },
    "154": {
        "class": "Isotope",
        "ID": 154,
        "element": "SPIN",
        "infexes": [],
        "freedom": 0,
        "max_count": 12,
        "options": [
            [
                113,
                6,
                14
            ]
        ],
        "defaults": [
            [
                113,
                6,
                14
            ]
        ]
    },
    "155": {
        "class": "Isotope",
        "ID": 155,
        "element": "IT",
        "infexes": [],
        "freedom": 0,
        "max_count": 27,
        "options": [
            [
                32,
                109,
                194,
                45,
                34
            ]
        ],
        "defaults": [
            [
                32,
                109,
                194,
                45,
                34
            ]
        ]
    },
    "156": {
        "class": "Isotope",
        "ID": 156,
        "element": "POWER",
        "infexes": [],
        "freedom": 0.2740197814564845,
        "max_count": 7,
        "options": [
            [
                24,
                150
            ],
            [
                37,
                94
            ]
        ],
        "defaults": [
            [
                24,
                150
            ],
            [
                37,
                94
            ]
        ]
    },
    "157": {
        "class": "Isotope",
        "ID": 157,
        "element": "POWER",
        "infexes": [],
        "freedom": 0,
        "max_count": 27,
        "options": [
            [
                41,
                98
            ]
        ],
        "defaults": [
            [
                41,
                98
            ]
        ]
    },
    "158": {
        "class": "Isotope",
        "ID": 158,
        "element": "POWER",
        "infexes": [],
        "freedom": 0.03494034858550968,
        "max_count": 72,
        "options": [
            [
                16,
                52
            ],
            [
                26,
                49
            ],
            [
                77,
                26
            ]
        ],
        "defaults": [
            [
                16,
                52
            ],
            [
                26,
                49
            ],
            [
                77,
                26
            ]
        ]
    },
    "159": {
        "class": "Isotope",
        "ID": 159,
        "element": "IT",
        "infexes": [],
        "freedom": 0.03129266189788338,
        "max_count": 12,
        "options": [
            [
                16,
                66,
                138,
                145,
                191
            ],
            [
                16,
                66,
                89,
                15,
                162
            ],
            [
                16,
                66,
                95,
                41,
                132
            ],
            [
                16,
                66,
                127,
                22,
                180
            ]
        ],
        "defaults": [
            [
                16,
                66,
                138,
                145,
                191
            ]
        ]
    },
    "160": {
        "class": "Isotope",
        "ID": 160,
        "element": "SPIN",
        "infexes": [],
        "freedom": 0,
        "max_count": 29,
        "options": [
            [
                101,
                115,
                139
            ]
        ],
        "defaults": [
            [
                101,
                115,
                139
            ]
        ]
    },
    "161": {
        "class": "Isotope",
        "ID": 161,
        "element": "ARCFAN",
        "infexes": [],
        "freedom": 0,
        "max_count": 4,
        "options": [
            [
                87,
                26
            ]
        ],
        "defaults": [
            [
                87,
                26
            ]
        ]
    },
    "162": {
        "class": "Isotope",
        "ID": 162,
        "element": "SPIN",
        "infexes": [],
        "freedom": 0.24809001963721636,
        "max_count": 5,
        "options": [
            [
                27,
                69,
                160
            ],
            [
                99,
                188,
                140
            ]
        ],
        "defaults": [
            [
                27,
                69,
                160
            ]
        ]
    },
    "163": {
        "class": "Isotope",
        "ID": 163,
        "element": "ARCFAN",
        "infexes": [],
        "freedom": 0,
        "max_count": 56,
        "options": [
            [
                81,
                36
            ]
        ],
        "defaults": [
            [
                81,
                36
            ]
        ]
    },
    "164": {
        "class": "Isotope",
        "ID": 164,
        "element": "ARCFAN",
        "infexes": [],
        "freedom": 0.4656514754912156,
        "max_count": 9,
        "options": [
            [
                9,
                51
            ],
            [
                15,
                44
            ],
            [
                39,
                124
            ],
            [
                40,
                93
            ],
            [
                147,
                11
            ],
            [
                15,
                90
            ],
            [
                10,
                77
            ],
            [
                144,
                50
            ],
            [
                51,
                15
            ],
            [
                56,
                30
            ],
            [
                39,
                59
            ],
            [
                39,
                150
            ],
            [
                8,
                98
            ],
            [
                138,
                49
            ],
            [
                49,
                40
            ]
        ],
        "defaults": [
            [
                9,
                51
            ],
            [
                15,
                44
            ],
            [
                39,
                124
            ],
            [
                40,
                93
            ],
            [
                147,
                11
            ],
            [
                15,
                90
            ],
            [
                10,
                77
            ],
            [
                144,
                50
            ],
            [
                51,
                15
            ],
            [
                56,
                30
            ],
            [
                39,
                59
            ],
            [
                39,
                150
            ],
            [
                8,
                98
            ],
            [
                138,
                49
            ],
            [
                49,
                40
            ]
        ]
    },
    "165": {
        "class": "Isotope",
        "ID": 165,
        "element": "AMEAN",
        "infexes": [
            2,
            5
        ],
        "freedom": 0.11863521913160659,
        "max_count": 16,
        "options": [
            [
                144,
                100,
                79
            ],
            [
                150,
                31,
                61,
                184,
                142
            ]
        ],
        "defaults": [
            [
                144,
                100,
                79
            ]
        ]
    },
    "166": {
        "class": "Isotope",
        "ID": 166,
        "element": "IT",
        "infexes": [],
        "freedom": 0,
        "max_count": 15,
        "options": [
            [
                17,
                65,
                65,
                13,
                43
            ]
        ],
        "defaults": [
            [
                17,
                65,
                65,
                13,
                43
            ]
        ]
    },
    "167": {
        "class": "Isotope",
        "ID": 167,
        "element": "SIGMOID",
        "infexes": [],
        "freedom": 0,
        "max_count": 2,
        "options": [
            [
                154
            ]
        ],
        "defaults": [
            [
                154
            ]
        ]
    },
    "168": {
        "class": "Isotope",
        "ID": 168,
        "element": "POWER",
        "infexes": [],
        "freedom": 0,
        "max_count": 13,
        "options": [
            [
                153,
                6
            ]
        ],
        "defaults": [
            [
                153,
                6
            ]
        ]
    },
    "169": {
        "class": "Isotope",
        "ID": 169,
        "element": "IT",
        "infexes": [],
        "freedom": 0,
        "max_count": 42,
        "options": [
            [
                32,
                70,
                154,
                195,
                105
            ]
        ],
        "defaults": [
            [
                32,
                70,
                154,
                195,
                105
            ]
        ]
    },
    "170": {
        "class": "Isotope",
        "ID": 170,
        "element": "IT",
        "infexes": [],
        "freedom": 0.22758270946558204,
        "max_count": 27,
        "options": [
            [
                12,
                67,
                168,
                28,
                151
            ],
            [
                12,
                67,
                210,
                170,
                166
            ]
        ],
        "defaults": [
            [
                12,
                67,
                168,
                28,
                151
            ]
        ]
    },
    "171": {
        "class": "Isotope",
        "ID": 171,
        "element": "INV",
        "infexes": [],
        "freedom": 0.6440558302598175,
        "max_count": 53,
        "options": [
            [
                170
            ],
            [
                169
            ],
            [
                158
            ]
        ],
        "defaults": [
            [
                169
            ]
        ]
    },
    "172": {
        "class": "Isotope",
        "ID": 172,
        "element": "GMEAN",
        "infexes": [
            3,
            3
        ],
        "freedom": 0.215338090689147,
        "max_count": 8,
        "options": [
            [
                158,
                128,
                66
            ],
            [
                213,
                163,
                58
            ]
        ],
        "defaults": [
            [
                158,
                128,
                66
            ]
        ]
    },
    "173": {
        "class": "Isotope",
        "ID": 173,
        "element": "IT",
        "infexes": [],
        "freedom": 0.4662687182496226,
        "max_count": 5,
        "options": [
            [
                6,
                117,
                158,
                103,
                55
            ],
            [
                6,
                117,
                153,
                173,
                46
            ]
        ],
        "defaults": [
            [
                6,
                117,
                158,
                103,
                55
            ]
        ]
    },
    "174": {
        "class": "Isotope",
        "ID": 174,
        "element": "POWER",
        "infexes": [],
        "freedom": 0.25176648383852895,
        "max_count": 14,
        "options": [
            [
                202,
                183
            ],
            [
                160,
                121
            ]
        ],
        "defaults": [
            [
                160,
                121
            ]
        ]
    },
    "175": {
        "class": "Isotope",
        "ID": 175,
        "element": "MINX",
        "infexes": [
            2,
            2
        ],
        "freedom": 0,
        "max_count": 41,
        "options": [
            [
                180,
                155
            ]
        ],
        "defaults": [
            [
                180,
                155
            ]
        ]
    },
    "176": {
        "class": "Isotope",
        "ID": 176,
        "element": "ARCFAN",
        "infexes": [],
        "freedom": 0.16751501418621956,
        "max_count": 1,
        "options": [
            [
                156,
                159
            ],
            [
                154,
                72
            ]
        ],
        "defaults": [
            [
                154,
                72
            ]
        ]
    },
    "177": {
        "class": "Isotope",
        "ID": 177,
        "element": "ARCFAN",
        "infexes": [],
        "freedom": 0.26559046727658886,
        "max_count": 27,
        "options": [
            [
                118,
                159
            ],
            [
                180,
                82
            ]
        ],
        "defaults": [
            [
                180,
                82
            ]
        ]
    },
    "178": {
        "class": "Isotope",
        "ID": 178,
        "element": "SIGMOID",
        "infexes": [],
        "freedom": 0.2941015773433049,
        "max_count": 1,
        "options": [
            [
                177
            ],
            [
                157
            ]
        ],
        "defaults": [
            [
                157
            ]
        ]
    },
    "179": {
        "class": "Isotope",
        "ID": 179,
        "element": "SPIN",
        "infexes": [],
        "freedom": 0.3400491586573328,
        "max_count": 59,
        "options": [
            [
                143,
                162,
                215
            ],
            [
                163,
                136,
                62
            ],
            [
                109,
                192,
                171
            ],
            [
                149,
                170,
                158
            ]
        ],
        "defaults": [
            [
                163,
                136,
                62
            ]
        ]
    },
    "180": {
        "class": "Isotope",
        "ID": 180,
        "element": "IT",
        "infexes": [],
        "freedom": 0,
        "max_count": 12,
        "options": [
            [
                41,
                53,
                48,
                13,
                160
            ]
        ],
        "defaults": [
            [
                41,
                53,
                48,
                13,
                160
            ]
        ]
    },
    "181": {
        "class": "Isotope",
        "ID": 181,
        "element": "IT",
        "infexes": [],
        "freedom": 0.14775660989516456,
        "max_count": 24,
        "options": [
            [
                23,
                128,
                164,
                80,
                30
            ],
            [
                23,
                128,
                125,
                54,
                176
            ]
        ],
        "defaults": [
            [
                23,
                128,
                164,
                80,
                30
            ]
        ]
    },
    "182": {
        "class": "Isotope",
        "ID": 182,
        "element": "IT",
        "infexes": [],
        "freedom": 0.41051810157467,
        "max_count": 3,
        "options": [
            [
                20,
                102,
                175,
                121,
                26
            ],
            [
                20,
                102,
                168,
                132,
                14
            ],
            [
                20,
                102,
                176,
                197,
                68
            ]
        ],
        "defaults": [
            [
                20,
                102,
                168,
                132,
                14
            ]
        ]
    },
    "183": {
        "class": "Isotope",
        "ID": 183,
        "element": "POWER",
        "infexes": [],
        "freedom": 0.22361949420587424,
        "max_count": 50,
        "options": [
            [
                167,
                166
            ],
            [
                154,
                186
            ]
        ],
        "defaults": [
            [
                167,
                166
            ],
            [
                154,
                186
            ]
        ]
    },
    "184": {
        "class": "Isotope",
        "ID": 184,
        "element": "MINX",
        "infexes": [
            3,
            35
        ],
        "freedom": 0.128279685186971,
        "max_count": 49,
        "options": [
            [
                169,
                54,
                87,
                73,
                63,
                8,
                73,
                201,
                212,
                96,
                117,
                38,
                59,
                105,
                146,
                189,
                27,
                204,
                186,
                67,
                146,
                193,
                44,
                190,
                91
            ],
            [
                192,
                141,
                196,
                55,
                27,
                58,
                114,
                177,
                145,
                158,
                88,
                27,
                66,
                65,
                81,
                96,
                37,
                65,
                96,
                86,
                74,
                137,
                105,
                202,
                112,
                152,
                142,
                107,
                173,
                183,
                132,
                12,
                110,
                84,
                124
            ]
        ],
        "defaults": [
            [
                169,
                54,
                87,
                73,
                63,
                8,
                73,
                201,
                212,
                96,
                117,
                38,
                59,
                105,
                146,
                189,
                27,
                204,
                186,
                67,
                146,
                193,
                44,
                190,
                91
            ]
        ]
    },
    "185": {
        "class": "Isotope",
        "ID": 185,
        "element": "MINX",
        "infexes": [
            2,
            5
        ],
        "freedom": 0.7202052682902705,
        "max_count": 77,
        "options": [
            [
                116,
                185,
                98,
                10,
                182
            ],
            [
                42,
                25
            ]
        ],
        "defaults": [
            [
                42,
                25
            ]
        ]
    },
    "186": {
        "class": "Isotope",
        "ID": 186,
        "element": "ARCFAN",
        "infexes": [],
        "freedom": 0,
        "max_count": 15,
        "options": [
            [
                36,
                7
            ]
        ],
        "defaults": [
            [
                36,
                7
            ]
        ]
    },
    "187": {
        "class": "Isotope",
        "ID": 187,
        "element": "IT",
        "infexes": [],
        "freedom": 0.6938706051429275,
        "max_count": 16,
        "options": [
            [
                25,
                72,
                173,
                129,
                122
            ],
            [
                25,
                72,
                152,
                69,
                116
            ],
            [
                25,
                72,
                214,
                43,
                7
            ],
            [
                25,
                72,
                196,
                70,
                93
            ],
            [
                25,
                72,
                16,
                69,
                122
            ],
            [
                25,
                72,
                12,
                174,
                36
            ],
            [
                25,
                72,
                172,
                163,
                208
            ],
            [
                25,
                72,
                105,
                30,
                105
            ],
            [
                25,
                72,
                111,
                96,
                120
            ],
            [
                25,
                72,
                126,
                131,
                38
            ],
            [
                25,
                72,
                130,
                30,
                79
            ],
            [
                25,
                72,
                82,
                98,
                127
            ],
            [
                25,
                72,
                18,
                108,
                167
            ],
            [
                25,
                72,
                185,
                75,
                177
            ],
            [
                25,
                72,
                207,
                103,
                174
            ],
            [
                25,
                72,
                215,
                156,
                136
            ],
            [
                25,
                72,
                46,
                154,
                199
            ],
            [
                25,
                72,
                57,
                187,
                31
            ],
            [
                25,
                72,
                12,
                198,
                104
            ]
        ],
        "defaults": [
            [
                25,
                72,
                82,
                98,
                127
            ]
        ]
    },
    "188": {
        "class": "Isotope",
        "ID": 188,
        "element": "IT",
        "infexes": [],
        "freedom": 0.30185557837082605,
        "max_count": 4,
        "options": [
            [
                38,
                94,
                204,
                189,
                61
            ],
            [
                38,
                94,
                46,
                75,
                53
            ],
            [
                38,
                94,
                115,
                183,
                182
            ]
        ],
        "defaults": [
            [
                38,
                94,
                204,
                189,
                61
            ]
        ]
    },
    "189": {
        "class": "Isotope",
        "ID": 189,
        "element": "IT",
        "infexes": [],
        "freedom": 0,
        "max_count": 14,
        "options": [
            [
                36,
                46,
                31,
                80,
                90
            ]
        ],
        "defaults": [
            [
                36,
                46,
                31,
                80,
                90
            ]
        ]
    },
    "190": {
        "class": "Isotope",
        "ID": 190,
        "element": "SPIN",
        "infexes": [],
        "freedom": 0,
        "max_count": 20,
        "options": [
            [
                113,
                208,
                164
            ]
        ],
        "defaults": [
            [
                113,
                208,
                164
            ]
        ]
    },
    "191": {
        "class": "Isotope",
        "ID": 191,
        "element": "INV",
        "infexes": [],
        "freedom": 0.35428756172439124,
        "max_count": 28,
        "options": [
            [
                59
            ],
            [
                130
            ]
        ],
        "defaults": [
            [
                59
            ],
            [
                130
            ]
        ]
    },
    "192": {
        "class": "Isotope",
        "ID": 192,
        "element": "INV",
        "infexes": [],
        "freedom": 0,
        "max_count": 1,
        "options": [
            [
                160
            ]
        ],
        "defaults": [
            [
                160
            ]
        ]
    },
    "193": {
        "class": "Isotope",
        "ID": 193,
        "element": "GMEAN",
        "infexes": [
            2,
            3
        ],
        "freedom": 0,
        "max_count": 36,
        "options": [
            [
                140,
                150,
                157
            ]
        ],
        "defaults": [
            [
                140,
                150,
                157
            ]
        ]
    },
    "194": {
        "class": "Isotope",
        "ID": 194,
        "element": "IT",
        "infexes": [],
        "freedom": 0,
        "max_count": 29,
        "options": [
            [
                11,
                63,
                102,
                123,
                106
            ]
        ],
        "defaults": [
            [
                11,
                63,
                102,
                123,
                106
            ]
        ]
    },
    "195": {
        "class": "Isotope",
        "ID": 195,
        "element": "INV",
        "infexes": [],
        "freedom": 0,
        "max_count": 36,
        "options": [
            [
                131
            ]
        ],
        "defaults": [
            [
                131
            ]
        ]
    },
    "196": {
        "class": "Isotope",
        "ID": 196,
        "element": "ARCFAN",
        "infexes": [],
        "freedom": 0.3802338475480148,
        "max_count": 190,
        "options": [
            [
                210,
                21
            ],
            [
                82,
                186
            ]
        ],
        "defaults": [
            [
                82,
                186
            ]
        ]
    },
    "197": {
        "class": "Isotope",
        "ID": 197,
        "element": "SIN",
        "infexes": [],
        "freedom": 0,
        "max_count": 25,
        "options": [
            [
                27
            ]
        ],
        "defaults": [
            [
                27
            ]
        ]
    },
    "198": {
        "class": "Isotope",
        "ID": 198,
        "element": "GMEAN",
        "infexes": [
            3,
            6
        ],
        "freedom": 0.5278110970487699,
        "max_count": 35,
        "options": [
            [
                182,
                190,
                80,
                39,
                55,
                61
            ],
            [
                117,
                15,
                82
            ]
        ],
        "defaults": [
            [
                117,
                15,
                82
            ]
        ]
    },
    "199": {
        "class": "Isotope",
        "ID": 199,
        "element": "SPIN",
        "infexes": [],
        "freedom": 0,
        "max_count": 24,
        "options": [
            [
                112,
                123,
                107
            ]
        ],
        "defaults": [
            [
                112,
                123,
                107
            ]
        ]
    },
    "200": {
        "class": "Isotope",
        "ID": 200,
        "element": "IT",
        "infexes": [],
        "freedom": 0.3371662861484016,
        "max_count": 24,
        "options": [
            [
                26,
                129,
                35,
                59,
                196
            ],
            [
                26,
                129,
                26,
                50,
                205
            ]
        ],
        "defaults": [
            [
                26,
                129,
                26,
                50,
                205
            ]
        ]
    },
    "201": {
        "class": "Isotope",
        "ID": 201,
        "element": "ARCFAN",
        "infexes": [],
        "freedom": 0,
        "max_count": 4,
        "options": [
            [
                156,
                6
            ]
        ],
        "defaults": [
            [
                156,
                6
            ]
        ]
    },
    "202": {
        "class": "Isotope",
        "ID": 202,
        "element": "MINX",
        "infexes": [
            2,
            2
        ],
        "freedom": 0.6339000169916597,
        "max_count": 16,
        "options": [
            [
                12,
                216
            ],
            [
                64,
                87
            ],
            [
                76,
                148
            ]
        ],
        "defaults": [
            [
                12,
                216
            ]
        ]
    },
    "203": {
        "class": "Isotope",
        "ID": 203,
        "element": "IT",
        "infexes": [],
        "freedom": 0,
        "max_count": 17,
        "options": [
            [
                31,
                93,
                143,
                84,
                40
            ]
        ],
        "defaults": [
            [
                31,
                93,
                143,
                84,
                40
            ]
        ]
    },
    "204": {
        "class": "Isotope",
        "ID": 204,
        "element": "SPIN",
        "infexes": [],
        "freedom": 0,
        "max_count": 39,
        "options": [
            [
                30,
                131,
                50
            ]
        ],
        "defaults": [
            [
                30,
                131,
                50
            ]
        ]
    },
    "205": {
        "class": "Isotope",
        "ID": 205,
        "element": "GMEAN",
        "infexes": [
            3,
            8
        ],
        "freedom": 0,
        "max_count": 44,
        "options": [
            [
                86,
                69,
                168,
                78,
                47,
                67,
                153,
                138
            ]
        ],
        "defaults": [
            [
                86,
                69,
                168,
                78,
                47,
                67,
                153,
                138
            ]
        ]
    },
    "206": {
        "class": "Isotope",
        "ID": 206,
        "element": "IT",
        "infexes": [],
        "freedom": 0.1755113215319134,
        "max_count": 2,
        "options": [
            [
                7,
                54,
                67,
                92,
                159
            ],
            [
                7,
                54,
                96,
                67,
                156
            ]
        ],
        "defaults": [
            [
                7,
                54,
                96,
                67,
                156
            ]
        ]
    },
    "207": {
        "class": "Isotope",
        "ID": 207,
        "element": "RAND",
        "infexes": [],
        "freedom": 0,
        "max_count": 40,
        "options": [
            [
                146
            ]
        ],
        "defaults": [
            [
                146
            ]
        ]
    },
    "208": {
        "class": "Isotope",
        "ID": 208,
        "element": "IT",
        "infexes": [],
        "freedom": 0,
        "max_count": 70,
        "options": [
            [
                38,
                132,
                84,
                194,
                55
            ]
        ],
        "defaults": [
            [
                38,
                132,
                84,
                194,
                55
            ]
        ]
    },
    "209": {
        "class": "Isotope",
        "ID": 209,
        "element": "SIN",
        "infexes": [],
        "freedom": 0.3408431132178518,
        "max_count": 82,
        "options": [
            [
                52
            ],
            [
                73
            ]
        ],
        "defaults": [
            [
                52
            ],
            [
                73
            ]
        ]
    },
    "210": {
        "class": "Isotope",
        "ID": 210,
        "element": "MINX",
        "infexes": [
            2,
            4
        ],
        "freedom": 0.3350994504032789,
        "max_count": 15,
        "options": [
            [
                200,
                203,
                187,
                211
            ],
            [
                60,
                141,
                93,
                134
            ]
        ],
        "defaults": [
            [
                60,
                141,
                93,
                134
            ]
        ]
    },
    "211": {
        "class": "Isotope",
        "ID": 211,
        "element": "IT",
        "infexes": [],
        "freedom": 0.06919604680627396,
        "max_count": 16,
        "options": [
            [
                11,
                132,
                189,
                122,
                85
            ],
            [
                11,
                132,
                61,
                213,
                23
            ]
        ],
        "defaults": [
            [
                11,
                132,
                189,
                122,
                85
            ]
        ]
    },
    "212": {
        "class": "Isotope",
        "ID": 212,
        "element": "ARCFAN",
        "infexes": [],
        "freedom": 0,
        "max_count": 46,
        "options": [
            [
                108,
                89
            ]
        ],
        "defaults": [
            [
                108,
                89
            ]
        ]
    },
    "213": {
        "class": "Isotope",
        "ID": 213,
        "element": "SPIN",
        "infexes": [],
        "freedom": 0.495647497511155,
        "max_count": 1,
        "options": [
            [
                27,
                98,
                178
            ],
            [
                46,
                111,
                28
            ]
        ],
        "defaults": [
            [
                46,
                111,
                28
            ]
        ]
    },
    "214": {
        "class": "Isotope",
        "ID": 214,
        "element": "IT",
        "infexes": [],
        "freedom": 0,
        "max_count": 2,
        "options": [
            [
                30,
                55,
                97,
                48,
                9
            ]
        ],
        "defaults": [
            [
                30,
                55,
                97,
                48,
                9
            ]
        ]
    },
    "215": {
        "class": "Isotope",
        "ID": 215,
        "element": "IT",
        "infexes": [],
        "freedom": 0.8561708596473968,
        "max_count": 18,
        "options": [
            [
                16,
                53,
                99,
                101,
                165
            ],
            [
                16,
                53,
                29,
                155,
                209
            ]
        ],
        "defaults": [
            [
                16,
                53,
                29,
                155,
                209
            ]
        ]
    },
    "216": {
        "class": "Isotope",
        "ID": 216,
        "element": "GMEAN",
        "infexes": [
            4,
            4
        ],
        "freedom": 0,
        "max_count": 10,
        "options": [
            [
                135,
                126,
                97,
                204
            ]
        ],
        "defaults": [
            [
                135,
                126,
                97,
                204
            ]
        ]
    },
    "217": {
        "class": "Isotope",
        "ID": 217,
        "element": "ROOT_TARGET",
        "infexes": [],
        "freedom": 0.7929483054444415,
        "max_count": 1,
        "options": [
            [
                77
            ],
            [
                211
            ]
        ],
        "defaults": []
    },
    "218": {
        "class": "Isotope",
        "ID": 218,
        "element": "ROOT_AIM",
        "infexes": [],
        "freedom": 0.7165223812560663,
        "max_count": 1,
        "options": [
            [
                60
            ],
            [
                62
            ]
        ],
        "defaults": []
    }
}