{
    "0": {
        "class": "Isotope",
        "ID": 0,
        "element": "ROOT_MAIN",
        "infexes": [],
        "freedom": 0.6449215992146691,
        "max_count": 1,
        "options": [
            [
                116
            ],
            [
                127
            ]
        ],
        "defaults": [
            [
                127
            ]
        ]
    },
    "1": {
        "class": "Isotope",
        "ID": 1,
        "element": "ROOT_HUE",
        "infexes": [],
        "freedom": 0.42514518952153696,
        "max_count": 1,
        "options": [
            [
                119
            ],
            [
                97
            ],
            [
                103
            ]
        ],
        "defaults": [
            [
                103
            ]
        ]
    },
    "2": {
        "class": "Isotope",
        "ID": 2,
        "element": "ROOT_SAT",
        "infexes": [],
        "freedom": 0.21269071979061183,
        "max_count": 1,
        "options": [
            [
                127
            ],
            [
                91
            ]
        ],
        "defaults": [
            [
                127
            ]
        ]
    },
    "3": {
        "class": "Isotope",
        "ID": 3,
        "element": "ROOT_VAL",
        "infexes": [],
        "freedom": 0.338632054172763,
        "max_count": 1,
        "options": [
            [
                114
            ],
            [
                125
            ],
            [
                93
            ],
            [
                102
            ],
            [
                91
            ],
            [
                83
            ]
        ],
        "defaults": [
            [
                125
            ]
        ]
    },
    "4": {
        "class": "Isotope",
        "ID": 4,
        "element": "ROOT_PAL",
        "infexes": [],
        "freedom": 0.528293133376173,
        "max_count": 1,
        "options": [
            [
                94
            ],
            [
                122
            ]
        ],
        "defaults": [
            [
                94
            ]
        ]
    },
    "5": {
        "class": "Isotope",
        "ID": 5,
        "element": "ROOT_GRAD",
        "infexes": [],
        "freedom": 0.25122167727850575,
        "max_count": 1,
        "options": [
            [
                82
            ],
            [
                112
            ]
        ],
        "defaults": [
            [
                82
            ]
        ]
    },
    "6": {
        "class": "Isotope",
        "ID": 6,
        "element": "ROOT_TARGET",
        "infexes": [],
        "freedom": 0.37458475896767696,
        "max_count": 1,
        "options": [
            [
                92
            ],
            [
                92
            ],
            [
                94
            ],
            [
                105
            ]
        ],
        "defaults": [
            [
                92
            ]
        ]
    },
    "7": {
        "class": "Isotope",
        "ID": 7,
        "element": "ROOT_AIM",
        "infexes": [],
        "freedom": 0.09972906987540023,
        "max_count": 1,
        "options": [
            [
                92
            ],
            [
                110
            ]
        ],
        "defaults": [
            [
                92
            ]
        ]
    },
    "8": {
        "class": "Isotope",
        "ID": 8,
        "element": "X",
        "infexes": [],
        "freedom": 0,
        "max_count": 34,
        "options": [],
        "defaults": []
    },
    "9": {
        "class": "Isotope",
        "ID": 9,
        "element": "X",
        "infexes": [],
        "freedom": 0,
        "max_count": 65,
        "options": [],
        "defaults": []
    },
    "10": {
        "class": "Isotope",
        "ID": 10,
        "element": "X",
        "infexes": [],
        "freedom": 0,
        "max_count": 34,
        "options": [],
        "defaults": []
    },
    "11": {
        "class": "Isotope",
        "ID": 11,
        "element": "X",
        "infexes": [],
        "freedom": 0,
        "max_count": 18,
        "options": [],
        "defaults": []
    },
    "12": {
        "class": "Isotope",
        "ID": 12,
        "element": "X",
        "infexes": [],
        "freedom": 0,
        "max_count": 25,
        "options": [],
        "defaults": []
    },
    "13": {
        "class": "Isotope",
        "ID": 13,
        "element": "X",
        "infexes": [],
        "freedom": 0,
        "max_count": 11,
        "options": [],
        "defaults": []
    },
    "14": {
        "class": "Isotope",
        "ID": 14,
        "element": "X",
        "infexes": [],
        "freedom": 0,
        "max_count": 5,
        "options": [],
        "defaults": []
    },
    "15": {
        "class": "Isotope",
        "ID": 15,
        "element": "X",
        "infexes": [],
        "freedom": 0,
        "max_count": 9,
        "options": [],
        "defaults": []
    },
    "16": {
        "class": "Isotope",
        "ID": 16,
        "element": "X",
        "infexes": [],
        "freedom": 0,
        "max_count": 24,
        "options": [],
        "defaults": []
    },
    "17": {
        "class": "Isotope",
        "ID": 17,
        "element": "X",
        "infexes": [],
        "freedom": 0,
        "max_count": 20,
        "options": [],
        "defaults": []
    },
    "18": {
        "class": "Isotope",
        "ID": 18,
        "element": "X",
        "infexes": [],
        "freedom": 0,
        "max_count": 4,
        "options": [],
        "defaults": []
    },
    "19": {
        "class": "Isotope",
        "ID": 19,
        "element": "X",
        "infexes": [],
        "freedom": 0,
        "max_count": 3,
        "options": [],
        "defaults": []
    },
    "20": {
        "class": "Isotope",
        "ID": 20,
        "element": "X",
        "infexes": [],
        "freedom": 0,
        "max_count": 49,
        "options": [],
        "defaults": []
    },
    "21": {
        "class": "Isotope",
        "ID": 21,
        "element": "X",
        "infexes": [],
        "freedom": 0,
        "max_count": 18,
        "options": [],
        "defaults": []
    },
    "22": {
        "class": "Isotope",
        "ID": 22,
        "element": "X",
        "infexes": [],
        "freedom": 0,
        "max_count": 5,
        "options": [],
        "defaults": []
    },
    "23": {
        "class": "Isotope",
        "ID": 23,
        "element": "X",
        "infexes": [],
        "freedom": 0,
        "max_count": 39,
        "options": [],
        "defaults": []
    },
    "24": {
        "class": "Isotope",
        "ID": 24,
        "element": "X",
        "infexes": [],
        "freedom": 0,
        "max_count": 13,
        "options": [],
        "defaults": []
    },
    "25": {
        "class": "Isotope",
        "ID": 25,
        "element": "X",
        "infexes": [],
        "freedom": 0,
        "max_count": 4,
        "options": [],
        "defaults": []
    },
    "26": {
        "class": "Isotope",
        "ID": 26,
        "element": "X",
        "infexes": [],
        "freedom": 0,
        "max_count": 89,
        "options": [],
        "defaults": []
    },
    "27": {
        "class": "Isotope",
        "ID": 27,
        "element": "X",
        "infexes": [],
        "freedom": 0,
        "max_count": 13,
        "options": [],
        "defaults": []
    },
    "28": {
        "class": "Isotope",
        "ID": 28,
        "element": "X",
        "infexes": [],
        "freedom": 0,
        "max_count": 56,
        "options": [],
        "defaults": []
    },
    "29": {
        "class": "Isotope",
        "ID": 29,
        "element": "X",
        "infexes": [],
        "freedom": 0,
        "max_count": 3,
        "options": [],
        "defaults": []
    },
    "30": {
        "class": "Isotope",
        "ID": 30,
        "element": "X",
        "infexes": [],
        "freedom": 0,
        "max_count": 54,
        "options": [],
        "defaults": []
    },
    "31": {
        "class": "Isotope",
        "ID": 31,
        "element": "X",
        "infexes": [],
        "freedom": 0,
        "max_count": 59,
        "options": [],
        "defaults": []
    },
    "32": {
        "class": "Isotope",
        "ID": 32,
        "element": "Y",
        "infexes": [],
        "freedom": 0,
        "max_count": 4,
        "options": [],
        "defaults": []
    },
    "33": {
        "class": "Isotope",
        "ID": 33,
        "element": "Y",
        "infexes": [],
        "freedom": 0,
        "max_count": 39,
        "options": [],
        "defaults": []
    },
    "34": {
        "class": "Isotope",
        "ID": 34,
        "element": "Y",
        "infexes": [],
        "freedom": 0,
        "max_count": 21,
        "options": [],
        "defaults": []
    },
    "35": {
        "class": "Isotope",
        "ID": 35,
        "element": "Y",
        "infexes": [],
        "freedom": 0,
        "max_count": 20,
        "options": [],
        "defaults": []
    },
    "36": {
        "class": "Isotope",
        "ID": 36,
        "element": "Y",
        "infexes": [],
        "freedom": 0,
        "max_count": 126,
        "options": [],
        "defaults": []
    },
    "37": {
        "class": "Isotope",
        "ID": 37,
        "element": "Y",
        "infexes": [],
        "freedom": 0,
        "max_count": 36,
        "options": [],
        "defaults": []
    },
    "38": {
        "class": "Isotope",
        "ID": 38,
        "element": "Y",
        "infexes": [],
        "freedom": 0,
        "max_count": 5,
        "options": [],
        "defaults": []
    },
    "39": {
        "class": "Isotope",
        "ID": 39,
        "element": "Y",
        "infexes": [],
        "freedom": 0,
        "max_count": 2,
        "options": [],
        "defaults": []
    },
    "40": {
        "class": "Isotope",
        "ID": 40,
        "element": "Y",
        "infexes": [],
        "freedom": 0,
        "max_count": 22,
        "options": [],
        "defaults": []
    },
    "41": {
        "class": "Isotope",
        "ID": 41,
        "element": "Y",
        "infexes": [],
        "freedom": 0,
        "max_count": 13,
        "options": [],
        "defaults": []
    },
    "42": {
        "class": "Isotope",
        "ID": 42,
        "element": "Y",
        "infexes": [],
        "freedom": 0,
        "max_count": 8,
        "options": [],
        "defaults": []
    },
    "43": {
        "class": "Isotope",
        "ID": 43,
        "element": "Y",
        "infexes": [],
        "freedom": 0,
        "max_count": 46,
        "options": [],
        "defaults": []
    },
    "44": {
        "class": "Isotope",
        "ID": 44,
        "element": "Y",
        "infexes": [],
        "freedom": 0,
        "max_count": 15,
        "options": [],
        "defaults": []
    },
    "45": {
        "class": "Isotope",
        "ID": 45,
        "element": "Y",
        "infexes": [],
        "freedom": 0,
        "max_count": 8,
        "options": [],
        "defaults": []
    },
    "46": {
        "class": "Isotope",
        "ID": 46,
        "element": "Y",
        "infexes": [],
        "freedom": 0,
        "max_count": 15,
        "options": [],
        "defaults": []
    },
    "47": {
        "class": "Isotope",
        "ID": 47,
        "element": "Y",
        "infexes": [],
        "freedom": 0,
        "max_count": 12,
        "options": [],
        "defaults": []
    },
    "48": {
        "class": "Isotope",
        "ID": 48,
        "element": "Y",
        "infexes": [],
        "freedom": 0,
        "max_count": 22,
        "options": [],
        "defaults": []
    },
    "49": {
        "class": "Isotope",
        "ID": 49,
        "element": "Y",
        "infexes": [],
        "freedom": 0,
        "max_count": 1,
        "options": [],
        "defaults": []
    },
    "50": {
        "class": "Isotope",
        "ID": 50,
        "element": "Y",
        "infexes": [],
        "freedom": 0,
        "max_count": 23,
        "options": [],
        "defaults": []
    },
    "51": {
        "class": "Isotope",
        "ID": 51,
        "element": "Y",
        "infexes": [],
        "freedom": 0,
        "max_count": 5,
        "options": [],
        "defaults": []
    },
    "52": {
        "class": "Isotope",
        "ID": 52,
        "element": "Y",
        "infexes": [],
        "freedom": 0,
        "max_count": 58,
        "options": [],
        "defaults": []
    },
    "53": {
        "class": "Isotope",
        "ID": 53,
        "element": "Y",
        "infexes": [],
        "freedom": 0,
        "max_count": 15,
        "options": [],
        "defaults": []
    },
    "54": {
        "class": "Isotope",
        "ID": 54,
        "element": "Y",
        "infexes": [],
        "freedom": 0,
        "max_count": 145,
        "options": [],
        "defaults": []
    },
    "55": {
        "class": "Isotope",
        "ID": 55,
        "element": "Y",
        "infexes": [],
        "freedom": 0,
        "max_count": 3,
        "options": [],
        "defaults": []
    },
    "56": {
        "class": "Isotope",
        "ID": 56,
        "element": "Y",
        "infexes": [],
        "freedom": 0,
        "max_count": 9,
        "options": [],
        "defaults": []
    },
    "57": {
        "class": "Isotope",
        "ID": 57,
        "element": "Y",
        "infexes": [],
        "freedom": 0,
        "max_count": 6,
        "options": [],
        "defaults": []
    },
    "58": {
        "class": "Isotope",
        "ID": 58,
        "element": "Y",
        "infexes": [],
        "freedom": 0,
        "max_count": 27,
        "options": [],
        "defaults": []
    },
    "59": {
        "class": "Isotope",
        "ID": 59,
        "element": "Y",
        "infexes": [],
        "freedom": 0,
        "max_count": 8,
        "options": [],
        "defaults": []
    },
    "60": {
        "class": "Isotope",
        "ID": 60,
        "element": "Y",
        "infexes": [],
        "freedom": 0,
        "max_count": 5,
        "options": [],
        "defaults": []
    },
    "61": {
        "class": "Isotope",
        "ID": 61,
        "element": "Y",
        "infexes": [],
        "freedom": 0,
        "max_count": 27,
        "options": [],
        "defaults": []
    },
    "62": {
        "class": "Isotope",
        "ID": 62,
        "element": "Y",
        "infexes": [],
        "freedom": 0,
        "max_count": 18,
        "options": [],
        "defaults": []
    },
    "63": {
        "class": "Isotope",
        "ID": 63,
        "element": "Y",
        "infexes": [],
        "freedom": 0,
        "max_count": 19,
        "options": [],
        "defaults": []
    },
    "64": {
        "class": "Isotope",
        "ID": 64,
        "element": "Y",
        "infexes": [],
        "freedom": 0,
        "max_count": 18,
        "options": [],
        "defaults": []
    },
    "65": {
        "class": "Isotope",
        "ID": 65,
        "element": "POWER",
        "infexes": [],
        "freedom": 0.035817321509226334,
        "max_count": 4,
        "options": [
            [
                19,
                38
            ],
            [
                48,
                26
            ],
            [
                21,
                99
            ]
        ],
        "defaults": [
            [
                19,
                38
            ]
        ]
    },
    "66": {
        "class": "Isotope",
        "ID": 66,
        "element": "RAND",
        "infexes": [],
        "freedom": 0.6568655078273453,
        "max_count": 5,
        "options": [
            [
                31
            ],
            [
                10
            ]
        ],
        "defaults": [
            [
                31
            ],
            [
                10
            ]
        ]
    },
    "67": {
        "class": "Isotope",
        "ID": 67,
        "element": "INV",
        "infexes": [],
        "freedom": 0,
        "max_count": 9,
        "options": [
            [
                23
            ]
        ],
        "defaults": [
            [
                23
            ]
        ]
    },
    "68": {
        "class": "Isotope",
        "ID": 68,
        "element": "SPIN",
        "infexes": [],
        "freedom": 0.3404036294479199,
        "max_count": 23,
        "options": [
            [
                40,
                60,
                8
            ],
            [
                33,
                97,
                36
            ]
        ],
        "defaults": [
            [
                40,
                60,
                8
            ]
        ]
    },
    "69": {
        "class": "Isotope",
        "ID": 69,
        "element": "POWER",
        "infexes": [],
        "freedom": 0.4076831906780764,
        "max_count": 4,
        "options": [
            [
                133,
                42
            ],
            [
                77,
                61
            ]
        ],
        "defaults": [
            [
                77,
                61
            ]
        ]
    },
    "70": {
        "class": "Isotope",
        "ID": 70,
        "element": "SPIN",
        "infexes": [],
        "freedom": 0.12376502521349275,
        "max_count": 24,
        "options": [
            [
                78,
                53,
                12
            ],
            [
                19,
                47,
                90
            ]
        ],
        "defaults": [
            [
                78,
                53,
                12
            ],
            [
                19,
                47,
                90
            ]
        ]
    },
    "71": {
        "class": "Isotope",
        "ID": 71,
        "element": "GMEAN",
        "infexes": [
            2,
            10
        ],
        "freedom": 0.37296625284865226,
        "max_count": 35,
        "options": [
            [
                20,
                64,
                81,
                45,
                135,
                73,
                103,
                136,
                143,
                81
            ],
            [
                47,
                77,
                44
            ]
        ],
        "defaults": [
            [
                47,
                77,
                44
            ]
        ]
    },
    "72": {
        "class": "Isotope",
        "ID": 72,
        "element": "POW",
        "infexes": [],
        "freedom": 0.35676680782757136,
        "max_count": 35,
        "options": [
            [
                50
            ],
            [
                32
            ],
            [
                73
            ],
            [
                50
            ],
            [
                58
            ],
            [
                40
            ],
            [
                32
            ],
            [
                71
            ],
            [
                81
            ],
            [
                44
            ],
            [
                56
            ],
            [
                38
            ],
            [
                61
            ],
            [
                77
            ],
            [
                71
            ],
            [
                39
            ],
            [
                74
            ],
            [
                42
            ],
            [
                40
            ],
            [
                55
            ]
        ],
        "defaults": [
            [
                40
            ]
        ]
    },
    "73": {
        "class": "Isotope",
        "ID": 73,
        "element": "MINX",
        "infexes": [
            2,
            3
        ],
        "freedom": 0.07895773154937596,
        "max_count": 2,
        "options": [
            [
                41,
                63,
                106
            ],
            [
                48,
                48,
                79
            ],
            [
                58,
                30,
                67
            ]
        ],
        "defaults": [
            [
                58,
                30,
                67
            ]
        ]
    },
    "74": {
        "class": "Isotope",
        "ID": 74,
        "element": "POWER",
        "infexes": [],
        "freedom": 0.35775780267627105,
        "max_count": 69,
        "options": [
            [
                50,
                34
            ],
            [
                123,
                57
            ]
        ],
        "defaults": [
            [
                50,
                34
            ]
        ]
    },
    "75": {
        "class": "Isotope",
        "ID": 75,
        "element": "SIN",
        "infexes": [],
        "freedom": 0.23168409307655516,
        "max_count": 12,
        "options": [
            [
                38
            ],
            [
                42
            ]
        ],
        "defaults": [
            [
                38
            ],
            [
                42
            ]
        ]
    },
    "76": {
        "class": "Isotope",
        "ID": 76,
        "element": "POW",
        "infexes": [],
        "freedom": 0,
        "max_count": 68,
        "options": [
            [
                54
            ]
        ],
        "defaults": [
            [
                54
            ]
        ]
    },
    "77": {
        "class": "Isotope",
        "ID": 77,
        "element": "RAND",
        "infexes": [],
        "freedom": 0,
        "max_count": 13,
        "options": [
            [
                58
            ]
        ],
        "defaults": [
            [
                58
            ]
        ]
    },
    "78": {
        "class": "Isotope",
        "ID": 78,
        "element": "POW",
        "infexes": [],
        "freedom": 0,
        "max_count": 16,
        "options": [
            [
                41
            ]
        ],
        "defaults": [
            [
                41
            ]
        ]
    },
    "79": {
        "class": "Isotope",
        "ID": 79,
        "element": "INV",
        "infexes": [],
        "freedom": 0,
        "max_count": 6,
        "options": [
            [
                49
            ]
        ],
        "defaults": [
            [
                49
            ]
        ]
    },
    "80": {
        "class": "Isotope",
        "ID": 80,
        "element": "SIN",
        "infexes": [],
        "freedom": 0,
        "max_count": 5,
        "options": [
            [
                48
            ]
        ],
        "defaults": [
            [
                48
            ]
        ]
    },
    "81": {
        "class": "Isotope",
        "ID": 81,
        "element": "POWER",
        "infexes": [],
        "freedom": 0,
        "max_count": 30,
        "options": [
            [
                43,
                53
            ]
        ],
        "defaults": [
            [
                43,
                53
            ]
        ]
    },
    "82": {
        "class": "Isotope",
        "ID": 82,
        "element": "GMEAN",
        "infexes": [
            17,
            32
        ],
        "freedom": 0,
        "max_count": 18,
        "options": [
            [
                21,
                57,
                59,
                17,
                41,
                8,
                52,
                30,
                46,
                43,
                16,
                15,
                59,
                12,
                52,
                49,
                58,
                16,
                33,
                9,
                22,
                34,
                42,
                49,
                44,
                25,
                33,
                42,
                12,
                47,
                11,
                24
            ]
        ],
        "defaults": [
            [
                21,
                57,
                59,
                17,
                41,
                8,
                52,
                30,
                46,
                43,
                16,
                15,
                59,
                12,
                52,
                49,
                58,
                16,
                33,
                9,
                22,
                34,
                42,
                49,
                44,
                25,
                33,
                42,
                12,
                47,
                11,
                24
            ]
        ]
    },
    "83": {
        "class": "Isotope",
        "ID": 83,
        "element": "SPIN",
        "infexes": [],
        "freedom": 0.030775456832130565,
        "max_count": 168,
        "options": [
            [
                25,
                52,
                56
            ],
            [
                129,
                21,
                70
            ]
        ],
        "defaults": [
            [
                25,
                52,
                56
            ]
        ]
    },
    "84": {
        "class": "Isotope",
        "ID": 84,
        "element": "POWER",
        "infexes": [],
        "freedom": 0,
        "max_count": 32,
        "options": [
            [
                26,
                78
            ]
        ],
        "defaults": [
            [
                26,
                78
            ]
        ]
    },
    "85": {
        "class": "Isotope",
        "ID": 85,
        "element": "SPIN",
        "infexes": [],
        "freedom": 0,
        "max_count": 12,
        "options": [
            [
                77,
                67,
                96
            ]
        ],
        "defaults": [
            [
                77,
                67,
                96
            ]
        ]
    },
    "86": {
        "class": "Isotope",
        "ID": 86,
        "element": "POWER",
        "infexes": [],
        "freedom": 0.3856296228100839,
        "max_count": 185,
        "options": [
            [
                13,
                73
            ],
            [
                26,
                76
            ]
        ],
        "defaults": [
            [
                26,
                76
            ]
        ]
    },
    "87": {
        "class": "Isotope",
        "ID": 87,
        "element": "GMEAN",
        "infexes": [
            3,
            8
        ],
        "freedom": 0.38115045042066803,
        "max_count": 2,
        "options": [
            [
                9,
                76,
                35,
                18,
                28
            ],
            [
                9,
                134,
                43,
                141,
                75,
                76,
                115,
                105
            ]
        ],
        "defaults": [
            [
                9,
                76,
                35,
                18,
                28
            ]
        ]
    },
    "88": {
        "class": "Isotope",
        "ID": 88,
        "element": "IT",
        "infexes": [],
        "freedom": 0.4317425889600651,
        "max_count": 53,
        "options": [
            [
                25,
                40,
                39,
                127,
                81
            ],
            [
                20,
                23,
                17,
                138,
                64
            ]
        ],
        "defaults": [
            [
                25,
                40,
                39,
                127,
                81
            ]
        ]
    },
    "89": {
        "class": "Isotope",
        "ID": 89,
        "element": "GMEAN",
        "infexes": [
            3,
            4
        ],
        "freedom": 0.22553199685170766,
        "max_count": 8,
        "options": [
            [
                128,
                11,
                125,
                47
            ],
            [
                24,
                77,
                24,
                31
            ]
        ],
        "defaults": [
            [
                24,
                77,
                24,
                31
            ]
        ]
    },
    "90": {
        "class": "Isotope",
        "ID": 90,
        "element": "SPIN",
        "infexes": [],
        "freedom": 0,
        "max_count": 15,
        "options": [
            [
                27,
                58,
                96
            ]
        ],
        "defaults": [
            [
                27,
                58,
                96
            ]
        ]
    },
    "91": {
        "class": "Isotope",
        "ID": 91,
        "element": "SPIN",
        "infexes": [],
        "freedom": 0.07086705227801901,
        "max_count": 14,
        "options": [
            [
                131,
                32,
                67
            ],
            [
                8,
                42,
                10
            ]
        ],
        "defaults": [
            [
                8,
                42,
                10
            ]
        ]
    },
    "92": {
        "class": "Isotope",
        "ID": 92,
        "element": "SPIN",
        "infexes": [],
        "freedom": 0,
        "max_count": 16,
        "options": [
            [
                24,
                66,
                59
            ]
        ],
        "defaults": [
            [
                24,
                66,
                59
            ]
        ]
    },
    "93": {
        "class": "Isotope",
        "ID": 93,
        "element": "MINX",
        "infexes": [
            3,
            3
        ],
        "freedom": 0.14265971149982123,
        "max_count": 84,
        "options": [
            [
                26,
                47,
                81
            ],
            [
                53,
                116,
                67
            ]
        ],
        "defaults": [
            [
                26,
                47,
                81
            ]
        ]
    },
    "94": {
        "class": "Isotope",
        "ID": 94,
        "element": "SPIN",
        "infexes": [],
        "freedom": 0,
        "max_count": 5,
        "options": [
            [
                20,
                57,
                80
            ]
        ],
        "defaults": [
            [
                20,
                57,
                80
            ]
        ]
    },
    "95": {
        "class": "Isotope",
        "ID": 95,
        "element": "SPIN",
        "infexes": [],
        "freedom": 0.33848874455776157,
        "max_count": 27,
        "options": [
            [
                13,
                44,
                40
            ],
            [
                68,
                12,
                65
            ]
        ],
        "defaults": [
            [
                13,
                44,
                40
            ]
        ]
    },
    "96": {
        "class": "Isotope",
        "ID": 96,
        "element": "ARCFAN",
        "infexes": [],
        "freedom": 0,
        "max_count": 10,
        "options": [
            [
                81,
                18
            ]
        ],
        "defaults": [
            [
                81,
                18
            ]
        ]
    },
    "97": {
        "class": "Isotope",
        "ID": 97,
        "element": "INV",
        "infexes": [],
        "freedom": 0.728834043962114,
        "max_count": 17,
        "options": [
            [
                82
            ],
            [
                114
            ]
        ],
        "defaults": [
            [
                82
            ]
        ]
    },
    "98": {
        "class": "Isotope",
        "ID": 98,
        "element": "ARCFAN",
        "infexes": [],
        "freedom": 0.3331030273384787,
        "max_count": 194,
        "options": [
            [
                85,
                66
            ],
            [
                115,
                119
            ]
        ],
        "defaults": [
            [
                85,
                66
            ]
        ]
    },
    "99": {
        "class": "Isotope",
        "ID": 99,
        "element": "INV",
        "infexes": [],
        "freedom": 0.16957624060467377,
        "max_count": 4,
        "options": [
            [
                120
            ],
            [
                82
            ],
            [
                103
            ]
        ],
        "defaults": [
            [
                82
            ]
        ]
    },
    "100": {
        "class": "Isotope",
        "ID": 100,
        "element": "IT",
        "infexes": [],
        "freedom": 0.07980391986638816,
        "max_count": 3,
        "options": [
            [
                84,
                26,
                14,
                39,
                85
            ],
            [
                115,
                117,
                21,
                105,
                108
            ]
        ],
        "defaults": [
            [
                84,
                26,
                14,
                39,
                85
            ]
        ]
    },
    "101": {
        "class": "Isotope",
        "ID": 101,
        "element": "RAND",
        "infexes": [],
        "freedom": 0.717023174412452,
        "max_count": 183,
        "options": [
            [
                89
            ],
            [
                96
            ],
            [
                110
            ]
        ],
        "defaults": [
            [
                96
            ]
        ]
    },
    "102": {
        "class": "Isotope",
        "ID": 102,
        "element": "GMEAN",
        "infexes": [
            2,
            3
        ],
        "freedom": 0.17464250540234255,
        "max_count": 9,
        "options": [
            [
                90,
                20,
                90
            ],
            [
                98,
                88,
                37
            ]
        ],
        "defaults": [
            [
                90,
                20,
                90
            ]
        ]
    },
    "103": {
        "class": "Isotope",
        "ID": 103,
        "element": "INV",
        "infexes": [],
        "freedom": 0,
        "max_count": 57,
        "options": [
            [
                85
            ]
        ],
        "defaults": [
            [
                85
            ]
        ]
    },
    "104": {
        "class": "Isotope",
        "ID": 104,
        "element": "SPIN",
        "infexes": [],
        "freedom": 0.038797173465442536,
        "max_count": 14,
        "options": [
            [
                96,
                38,
                16
            ],
            [
                63,
                62,
                95
            ]
        ],
        "defaults": [
            [
                96,
                38,
                16
            ]
        ]
    },
    "105": {
        "class": "Isotope",
        "ID": 105,
        "element": "IT",
        "infexes": [],
        "freedom": 0.24310109088909293,
        "max_count": 4,
        "options": [
            [
                92,
                62,
                140,
                127,
                80
            ],
            [
                47,
                126,
                71,
                57,
                51
            ]
        ],
        "defaults": [
            [
                92,
                62,
                140,
                127,
                80
            ]
        ]
    },
    "106": {
        "class": "Isotope",
        "ID": 106,
        "element": "SIN",
        "infexes": [],
        "freedom": 0.6070891130929762,
        "max_count": 4,
        "options": [
            [
                98
            ],
            [
                96
            ]
        ],
        "defaults": [
            [
                96
            ]
        ]
    },
    "107": {
        "class": "Isotope",
        "ID": 107,
        "element": "AMEAN",
        "infexes": [
            2,
            2
        ],
        "freedom": 0.268084201456995,
        "max_count": 45,
        "options": [
            [
                42,
                108
            ],
            [
                125,
                42
            ],
            [
                98,
                94
            ]
        ],
        "defaults": [
            [
                125,
                42
            ]
        ]
    },
    "108": {
        "class": "Isotope",
        "ID": 108,
        "element": "SIN",
        "infexes": [],
        "freedom": 0.20286337476964456,
        "max_count": 5,
        "options": [
            [
                92
            ],
            [
                118
            ]
        ],
        "defaults": [
            [
                92
            ]
        ]
    },
    "109": {
        "class": "Isotope",
        "ID": 109,
        "element": "SIN",
        "infexes": [],
        "freedom": 0.7537899219007028,
        "max_count": 42,
        "options": [
            [
                118
            ],
            [
                82
            ],
            [
                84
            ]
        ],
        "defaults": [
            [
                82
            ]
        ]
    },
    "110": {
        "class": "Isotope",
        "ID": 110,
        "element": "POW",
        "infexes": [],
        "freedom": 0.25047289232085435,
        "max_count": 3,
        "options": [
            [
                82
            ],
            [
                120
            ]
        ],
        "defaults": [
            [
                82
            ]
        ]
    },
    "111": {
        "class": "Isotope",
        "ID": 111,
        "element": "POWER",
        "infexes": [],
        "freedom": 0.5313974415819586,
        "max_count": 1,
        "options": [
            [
                92,
                80
            ],
            [
                100,
                143
            ]
        ],
        "defaults": [
            [
                92,
                80
            ]
        ]
    },
    "112": {
        "class": "Isotope",
        "ID": 112,
        "element": "INV",
        "infexes": [],
        "freedom": 0.23971696364947964,
        "max_count": 91,
        "options": [
            [
                127
            ],
            [
                83
            ]
        ],
        "defaults": [
            [
                127
            ]
        ]
    },
    "113": {
        "class": "Isotope",
        "ID": 113,
        "element": "RAND",
        "infexes": [],
        "freedom": 0.6644372401773553,
        "max_count": 33,
        "options": [
            [
                104
            ],
            [
                103
            ]
        ],
        "defaults": [
            [
                103
            ]
        ]
    },
    "114": {
        "class": "Isotope",
        "ID": 114,
        "element": "INV",
        "infexes": [],
        "freedom": 0.15999144612112534,
        "max_count": 38,
        "options": [
            [
                90
            ],
            [
                112
            ]
        ],
        "defaults": [
            [
                90
            ]
        ]
    },
    "115": {
        "class": "Isotope",
        "ID": 115,
        "element": "GMEAN",
        "infexes": [
            6,
            11
        ],
        "freedom": 0.32140096894032033,
        "max_count": 38,
        "options": [
            [
                90,
                21,
                21,
                127,
                16,
                140
            ],
            [
                73,
                58,
                51,
                107,
                132,
                125,
                125,
                32,
                20,
                116,
                90
            ]
        ],
        "defaults": [
            [
                90,
                21,
                21,
                127,
                16,
                140
            ]
        ]
    },
    "116": {
        "class": "Isotope",
        "ID": 116,
        "element": "POWER",
        "infexes": [],
        "freedom": 0.451473285519485,
        "max_count": 5,
        "options": [
            [
                103,
                113
            ],
            [
                94,
                16
            ],
            [
                24,
                107
            ]
        ],
        "defaults": [
            [
                94,
                16
            ]
        ]
    },
    "117": {
        "class": "Isotope",
        "ID": 117,
        "element": "INV",
        "infexes": [],
        "freedom": 0.8740016826418417,
        "max_count": 2,
        "options": [
            [
                85
            ],
            [
                124
            ],
            [
                85
            ]
        ],
        "defaults": [
            [
                85
            ]
        ]
    },
    "118": {
        "class": "Isotope",
        "ID": 118,
        "element": "INV",
        "infexes": [],
        "freedom": 0.23990450802341118,
        "max_count": 5,
        "options": [
            [
                125
            ],
            [
                122
            ]
        ],
        "defaults": [
            [
                125
            ]
        ]
    },
    "119": {
        "class": "Isotope",
        "ID": 119,
        "element": "GMEAN",
        "infexes": [
            2,
            3
        ],
        "freedom": 0.07666586615614279,
        "max_count": 34,
        "options": [
            [
                89,
                20,
                47
            ],
            [
                85,
                15
            ]
        ],
        "defaults": [
            [
                85,
                15
            ]
        ]
    },
    "120": {
        "class": "Isotope",
        "ID": 120,
        "element": "AMEAN",
        "infexes": [
            3,
            9
        ],
        "freedom": 0.6694289465498722,
        "max_count": 31,
        "options": [
            [
                109,
                9,
                73,
                30,
                23,
                105,
                13,
                35,
                136
            ],
            [
                103,
                9,
                53,
                37
            ]
        ],
        "defaults": [
            [
                103,
                9,
                53,
                37
            ]
        ]
    },
    "121": {
        "class": "Isotope",
        "ID": 121,
        "element": "GMEAN",
        "infexes": [
            2,
            6
        ],
        "freedom": 0.5923162925483659,
        "max_count": 1,
        "options": [
            [
                87,
                31,
                62,
                101,
                13,
                42
            ],
            [
                127,
                63,
                51
            ]
        ],
        "defaults": [
            [
                127,
                63,
                51
            ]
        ]
    },
    "122": {
        "class": "Isotope",
        "ID": 122,
        "element": "SPIN",
        "infexes": [],
        "freedom": 0.6125142952224206,
        "max_count": 9,
        "options": [
            [
                86,
                24,
                37
            ],
            [
                103,
                82,
                10
            ],
            [
                49,
                106,
                98
            ]
        ],
        "defaults": [
            [
                103,
                82,
                10
            ]
        ]
    },
    "123": {
        "class": "Isotope",
        "ID": 123,
        "element": "SIN",
        "infexes": [],
        "freedom": 0.799762952981572,
        "max_count": 25,
        "options": [
            [
                105
            ],
            [
                84
            ]
        ],
        "defaults": [
            [
                84
            ]
        ]
    },
    "124": {
        "class": "Isotope",
        "ID": 124,
        "element": "SPIN",
        "infexes": [],
        "freedom": 0.39205013861434745,
        "max_count": 36,
        "options": [
            [
                127,
                97,
                37
            ],
            [
                27,
                121,
                125
            ],
            [
                85,
                32,
                30
            ]
        ],
        "defaults": [
            [
                85,
                32,
                30
            ]
        ]
    },
    "125": {
        "class": "Isotope",
        "ID": 125,
        "element": "INV",
        "infexes": [],
        "freedom": 0.3114888603900113,
        "max_count": 20,
        "options": [
            [
                103
            ],
            [
                103
            ]
        ],
        "defaults": [
            [
                103
            ],
            [
                103
            ]
        ]
    },
    "126": {
        "class": "Isotope",
        "ID": 126,
        "element": "SIN",
        "infexes": [],
        "freedom": 0.17906262590524458,
        "max_count": 6,
        "options": [
            [
                124
            ],
            [
                127
            ],
            [
                95
            ],
            [
                127
            ]
        ],
        "defaults": [
            [
                127
            ]
        ]
    },
    "127": {
        "class": "Isotope",
        "ID": 127,
        "element": "POWER",
        "infexes": [],
        "freedom": 0,
        "max_count": 19,
        "options": [
            [
                82,
                50
            ]
        ],
        "defaults": [
            [
                82,
                50
            ]
        ]
    },
    "128": {
        "class": "Isotope",
        "ID": 128,
        "element": "SPIN",
        "infexes": [],
        "freedom": 0.6408631505061528,
        "max_count": 20,
        "options": [
            [
                84,
                58,
                45
            ],
            [
                53,
                93,
                72
            ]
        ],
        "defaults": [
            [
                84,
                58,
                45
            ]
        ]
    },
    "129": {
        "class": "Isotope",
        "ID": 129,
        "element": "SPIN",
        "infexes": [],
        "freedom": 0.0430263818982058,
        "max_count": 2,
        "options": [
            [
                130,
                134,
                65
            ],
            [
                34,
                68,
                63
            ],
            [
                58,
                46,
                9
            ]
        ],
        "defaults": [
            [
                58,
                46,
                9
            ]
        ]
    },
    "130": {
        "class": "Isotope",
        "ID": 130,
        "element": "POW",
        "infexes": [],
        "freedom": 0.4473993655518118,
        "max_count": 7,
        "options": [
            [
                93
            ],
            [
                96
            ],
            [
                101
            ]
        ],
        "defaults": [
            [
                96
            ]
        ]
    },
    "131": {
        "class": "Isotope",
        "ID": 131,
        "element": "SIN",
        "infexes": [],
        "freedom": 0.26089019361553145,
        "max_count": 2,
        "options": [
            [
                49
            ],
            [
                72
            ]
        ],
        "defaults": [
            [
                49
            ]
        ]
    },
    "132": {
        "class": "Isotope",
        "ID": 132,
        "element": "POWER",
        "infexes": [],
        "freedom": 0.1385090086522126,
        "max_count": 35,
        "options": [
            [
                142,
                76
            ],
            [
                125,
                108
            ]
        ],
        "defaults": [
            [
                142,
                76
            ]
        ]
    },
    "133": {
        "class": "Isotope",
        "ID": 133,
        "element": "SPIN",
        "infexes": [],
        "freedom": 0.41246620253099087,
        "max_count": 2,
        "options": [
            [
                118,
                88,
                111
            ],
            [
                59,
                67,
                50
            ]
        ],
        "defaults": [
            [
                59,
                67,
                50
            ]
        ]
    },
    "134": {
        "class": "Isotope",
        "ID": 134,
        "element": "INV",
        "infexes": [],
        "freedom": 0.5122897380689817,
        "max_count": 9,
        "options": [
            [
                40
            ],
            [
                139
            ]
        ],
        "defaults": [
            [
                40
            ]
        ]
    },
    "135": {
        "class": "Isotope",
        "ID": 135,
        "element": "ARCFAN",
        "infexes": [],
        "freedom": 0.2955822371150841,
        "max_count": 100,
        "options": [
            [
                51,
                52
            ],
            [
                69,
                30
            ]
        ],
        "defaults": [
            [
                51,
                52
            ]
        ]
    },
    "136": {
        "class": "Isotope",
        "ID": 136,
        "element": "POWER",
        "infexes": [],
        "freedom": 0.10732413676845091,
        "max_count": 5,
        "options": [
            [
                94,
                96
            ],
            [
                113,
                90
            ]
        ],
        "defaults": [
            [
                94,
                96
            ]
        ]
    },
    "137": {
        "class": "Isotope",
        "ID": 137,
        "element": "SPIN",
        "infexes": [],
        "freedom": 0.23909272942323798,
        "max_count": 31,
        "options": [
            [
                141,
                39,
                43
            ],
            [
                29,
                67,
                15
            ]
        ],
        "defaults": [
            [
                29,
                67,
                15
            ]
        ]
    },
    "138": {
        "class": "Isotope",
        "ID": 138,
        "element": "IT",
        "infexes": [],
        "freedom": 0.45374068261734457,
        "max_count": 22,
        "options": [
            [
                54,
                62,
                84,
                27,
                51
            ],
            [
                42,
                83,
                106,
                47,
                84
            ]
        ],
        "defaults": [
            [
                54,
                62,
                84,
                27,
                51
            ]
        ]
    },
    "139": {
        "class": "Isotope",
        "ID": 139,
        "element": "AMEAN",
        "infexes": [
            4,
            6
        ],
        "freedom": 0.3360262168490782,
        "max_count": 30,
        "options": [
            [
                125,
                47,
                54,
                79,
                127
            ],
            [
                112,
                68,
                34,
                21,
                141,
                45
            ]
        ],
        "defaults": [
            [
                125,
                47,
                54,
                79,
                127
            ]
        ]
    },
    "140": {
        "class": "Isotope",
        "ID": 140,
        "element": "POW",
        "infexes": [],
        "freedom": 0,
        "max_count": 8,
        "options": [
            [
                52
            ]
        ],
        "defaults": [
            [
                52
            ]
        ]
    },
    "141": {
        "class": "Isotope",
        "ID": 141,
        "element": "SPIN",
        "infexes": [],
        "freedom": 0.910089104453867,
        "max_count": 11,
        "options": [
            [
                53,
                25,
                84
            ],
            [
                132,
                131,
                66
            ]
        ],
        "defaults": [
            [
                53,
                25,
                84
            ]
        ]
    },
    "142": {
        "class": "Isotope",
        "ID": 142,
        "element": "INV",
        "infexes": [],
        "freedom": 0,
        "max_count": 38,
        "options": [
            [
                40
            ]
        ],
        "defaults": [
            [
                40
            ]
        ]
    },
    "143": {
        "class": "Isotope",
        "ID": 143,
        "element": "POWER",
        "infexes": [],
        "freedom": 0.19778295278706745,
        "max_count": 19,
        "options": [
            [
                59,
                27
            ],
            [
                49,
                135
            ],
            [
                17,
                94
            ],
            [
                137,
                106
            ],
            [
                26,
                8
            ],
            [
                120,
                125
            ]
        ],
        "defaults": [
            [
                59,
                27
            ]
        ]
    }
}