{
    "0": {
        "class": "Isotope",
        "ID": 0,
        "element": "ROOT_MAIN",
        "infexes": [],
        "freedom": 0.4325874279934945,
        "max_count": 1,
        "options": [
            [
                162
            ],
            [
                148
            ],
            [
                152
            ]
        ],
        "defaults": [
            [
                152
            ]
        ]
    },
    "1": {
        "class": "Isotope",
        "ID": 1,
        "element": "ROOT_HUE",
        "infexes": [],
        "freedom": 0.3625632559051323,
        "max_count": 1,
        "options": [
            [
                158
            ],
            [
                151
            ]
        ],
        "defaults": [
            [
                151
            ]
        ]
    },
    "2": {
        "class": "Isotope",
        "ID": 2,
        "element": "ROOT_SAT",
        "infexes": [],
        "freedom": 0.3804180433509088,
        "max_count": 1,
        "options": [
            [
                158
            ],
            [
                148
            ]
        ],
        "defaults": [
            [
                158
            ]
        ]
    },
    "3": {
        "class": "Isotope",
        "ID": 3,
        "element": "ROOT_VAL",
        "infexes": [],
        "freedom": 0.23928010984244724,
        "max_count": 1,
        "options": [
            [
                151
            ],
            [
                148
            ]
        ],
        "defaults": [
            [
                151
            ]
        ]
    },
    "4": {
        "class": "Isotope",
        "ID": 4,
        "element": "ROOT_PAL",
        "infexes": [],
        "freedom": 0.44151215011227163,
        "max_count": 1,
        "options": [
            [
                159
            ],
            [
                158
            ]
        ],
        "defaults": [
            [
                158
            ]
        ]
    },
    "5": {
        "class": "Isotope",
        "ID": 5,
        "element": "ROOT_GRAD",
        "infexes": [],
        "freedom": 0.5522342617802463,
        "max_count": 1,
        "options": [
            [
                161
            ],
            [
                152
            ]
        ],
        "defaults": [
            [
                152
            ]
        ]
    },
    "6": {
        "class": "Isotope",
        "ID": 6,
        "element": "ROOT_TARGET",
        "infexes": [],
        "freedom": 0.34377268931629795,
        "max_count": 1,
        "options": [
            [
                148
            ],
            [
                151
            ]
        ],
        "defaults": [
            [
                151
            ]
        ]
    },
    "7": {
        "class": "Isotope",
        "ID": 7,
        "element": "ROOT_AIM",
        "infexes": [],
        "freedom": 0.35009846362124,
        "max_count": 1,
        "options": [
            [
                154
            ],
            [
                148
            ]
        ],
        "defaults": [
            [
                148
            ]
        ]
    },
    "8": {
        "class": "Isotope",
        "ID": 8,
        "element": "X",
        "infexes": [],
        "freedom": 0,
        "max_count": 44,
        "options": [],
        "defaults": []
    },
    "9": {
        "class": "Isotope",
        "ID": 9,
        "element": "X",
        "infexes": [],
        "freedom": 0,
        "max_count": 27,
        "options": [],
        "defaults": []
    },
    "10": {
        "class": "Isotope",
        "ID": 10,
        "element": "X",
        "infexes": [],
        "freedom": 0,
        "max_count": 13,
        "options": [],
        "defaults": []
    },
    "11": {
        "class": "Isotope",
        "ID": 11,
        "element": "X",
        "infexes": [],
        "freedom": 0,
        "max_count": 29,
        "options": [],
        "defaults": []
    },
    "12": {
        "class": "Isotope",
        "ID": 12,
        "element": "X",
        "infexes": [],
        "freedom": 0,
        "max_count": 53,
        "options": [],
        "defaults": []
    },
    "13": {
        "class": "Isotope",
        "ID": 13,
        "element": "X",
        "infexes": [],
        "freedom": 0,
        "max_count": 32,
        "options": [],
        "defaults": []
    },
    "14": {
        "class": "Isotope",
        "ID": 14,
        "element": "X",
        "infexes": [],
        "freedom": 0,
        "max_count": 7,
        "options": [],
        "defaults": []
    },
    "15": {
        "class": "Isotope",
        "ID": 15,
        "element": "X",
        "infexes": [],
        "freedom": 0,
        "max_count": 17,
        "options": [],
        "defaults": []
    },
    "16": {
        "class": "Isotope",
        "ID": 16,
        "element": "X",
        "infexes": [],
        "freedom": 0,
        "max_count": 39,
        "options": [],
        "defaults": []
    },
    "17": {
        "class": "Isotope",
        "ID": 17,
        "element": "X",
        "infexes": [],
        "freedom": 0,
        "max_count": 15,
        "options": [],
        "defaults": []
    },
    "18": {
        "class": "Isotope",
        "ID": 18,
        "element": "X",
        "infexes": [],
        "freedom": 0,
        "max_count": 16,
        "options": [],
        "defaults": []
    },
    "19": {
        "class": "Isotope",
        "ID": 19,
        "element": "X",
        "infexes": [],
        "freedom": 0,
        "max_count": 4,
        "options": [],
        "defaults": []
    },
    "20": {
        "class": "Isotope",
        "ID": 20,
        "element": "X",
        "infexes": [],
        "freedom": 0,
        "max_count": 20,
        "options": [],
        "defaults": []
    },
    "21": {
        "class": "Isotope",
        "ID": 21,
        "element": "X",
        "infexes": [],
        "freedom": 0,
        "max_count": 47,
        "options": [],
        "defaults": []
    },
    "22": {
        "class": "Isotope",
        "ID": 22,
        "element": "X",
        "infexes": [],
        "freedom": 0,
        "max_count": 2,
        "options": [],
        "defaults": []
    },
    "23": {
        "class": "Isotope",
        "ID": 23,
        "element": "X",
        "infexes": [],
        "freedom": 0,
        "max_count": 11,
        "options": [],
        "defaults": []
    },
    "24": {
        "class": "Isotope",
        "ID": 24,
        "element": "X",
        "infexes": [],
        "freedom": 0,
        "max_count": 11,
        "options": [],
        "defaults": []
    },
    "25": {
        "class": "Isotope",
        "ID": 25,
        "element": "X",
        "infexes": [],
        "freedom": 0,
        "max_count": 10,
        "options": [],
        "defaults": []
    },
    "26": {
        "class": "Isotope",
        "ID": 26,
        "element": "X",
        "infexes": [],
        "freedom": 0,
        "max_count": 5,
        "options": [],
        "defaults": []
    },
    "27": {
        "class": "Isotope",
        "ID": 27,
        "element": "X",
        "infexes": [],
        "freedom": 0,
        "max_count": 30,
        "options": [],
        "defaults": []
    },
    "28": {
        "class": "Isotope",
        "ID": 28,
        "element": "X",
        "infexes": [],
        "freedom": 0,
        "max_count": 45,
        "options": [],
        "defaults": []
    },
    "29": {
        "class": "Isotope",
        "ID": 29,
        "element": "X",
        "infexes": [],
        "freedom": 0,
        "max_count": 3,
        "options": [],
        "defaults": []
    },
    "30": {
        "class": "Isotope",
        "ID": 30,
        "element": "X",
        "infexes": [],
        "freedom": 0,
        "max_count": 28,
        "options": [],
        "defaults": []
    },
    "31": {
        "class": "Isotope",
        "ID": 31,
        "element": "X",
        "infexes": [],
        "freedom": 0,
        "max_count": 32,
        "options": [],
        "defaults": []
    },
    "32": {
        "class": "Isotope",
        "ID": 32,
        "element": "X",
        "infexes": [],
        "freedom": 0,
        "max_count": 43,
        "options": [],
        "defaults": []
    },
    "33": {
        "class": "Isotope",
        "ID": 33,
        "element": "X",
        "infexes": [],
        "freedom": 0,
        "max_count": 63,
        "options": [],
        "defaults": []
    },
    "34": {
        "class": "Isotope",
        "ID": 34,
        "element": "X",
        "infexes": [],
        "freedom": 0,
        "max_count": 11,
        "options": [],
        "defaults": []
    },
    "35": {
        "class": "Isotope",
        "ID": 35,
        "element": "X",
        "infexes": [],
        "freedom": 0,
        "max_count": 19,
        "options": [],
        "defaults": []
    },
    "36": {
        "class": "Isotope",
        "ID": 36,
        "element": "X",
        "infexes": [],
        "freedom": 0,
        "max_count": 17,
        "options": [],
        "defaults": []
    },
    "37": {
        "class": "Isotope",
        "ID": 37,
        "element": "X",
        "infexes": [],
        "freedom": 0,
        "max_count": 23,
        "options": [],
        "defaults": []
    },
    "38": {
        "class": "Isotope",
        "ID": 38,
        "element": "X",
        "infexes": [],
        "freedom": 0,
        "max_count": 17,
        "options": [],
        "defaults": []
    },
    "39": {
        "class": "Isotope",
        "ID": 39,
        "element": "X",
        "infexes": [],
        "freedom": 0,
        "max_count": 5,
        "options": [],
        "defaults": []
    },
    "40": {
        "class": "Isotope",
        "ID": 40,
        "element": "X",
        "infexes": [],
        "freedom": 0,
        "max_count": 43,
        "options": [],
        "defaults": []
    },
    "41": {
        "class": "Isotope",
        "ID": 41,
        "element": "X",
        "infexes": [],
        "freedom": 0,
        "max_count": 7,
        "options": [],
        "defaults": []
    },
    "42": {
        "class": "Isotope",
        "ID": 42,
        "element": "X",
        "infexes": [],
        "freedom": 0,
        "max_count": 12,
        "options": [],
        "defaults": []
    },
    "43": {
        "class": "Isotope",
        "ID": 43,
        "element": "X",
        "infexes": [],
        "freedom": 0,
        "max_count": 2,
        "options": [],
        "defaults": []
    },
    "44": {
        "class": "Isotope",
        "ID": 44,
        "element": "X",
        "infexes": [],
        "freedom": 0,
        "max_count": 51,
        "options": [],
        "defaults": []
    },
    "45": {
        "class": "Isotope",
        "ID": 45,
        "element": "X",
        "infexes": [],
        "freedom": 0,
        "max_count": 9,
        "options": [],
        "defaults": []
    },
    "46": {
        "class": "Isotope",
        "ID": 46,
        "element": "X",
        "infexes": [],
        "freedom": 0,
        "max_count": 18,
        "options": [],
        "defaults": []
    },
    "47": {
        "class": "Isotope",
        "ID": 47,
        "element": "X",
        "infexes": [],
        "freedom": 0,
        "max_count": 4,
        "options": [],
        "defaults": []
    },
    "48": {
        "class": "Isotope",
        "ID": 48,
        "element": "X",
        "infexes": [],
        "freedom": 0,
        "max_count": 3,
        "options": [],
        "defaults": []
    },
    "49": {
        "class": "Isotope",
        "ID": 49,
        "element": "X",
        "infexes": [],
        "freedom": 0,
        "max_count": 25,
        "options": [],
        "defaults": []
    },
    "50": {
        "class": "Isotope",
        "ID": 50,
        "element": "X",
        "infexes": [],
        "freedom": 0,
        "max_count": 21,
        "options": [],
        "defaults": []
    },
    "51": {
        "class": "Isotope",
        "ID": 51,
        "element": "X",
        "infexes": [],
        "freedom": 0,
        "max_count": 57,
        "options": [],
        "defaults": []
    },
    "52": {
        "class": "Isotope",
        "ID": 52,
        "element": "X",
        "infexes": [],
        "freedom": 0,
        "max_count": 9,
        "options": [],
        "defaults": []
    },
    "53": {
        "class": "Isotope",
        "ID": 53,
        "element": "X",
        "infexes": [],
        "freedom": 0,
        "max_count": 5,
        "options": [],
        "defaults": []
    },
    "54": {
        "class": "Isotope",
        "ID": 54,
        "element": "X",
        "infexes": [],
        "freedom": 0,
        "max_count": 13,
        "options": [],
        "defaults": []
    },
    "55": {
        "class": "Isotope",
        "ID": 55,
        "element": "X",
        "infexes": [],
        "freedom": 0,
        "max_count": 81,
        "options": [],
        "defaults": []
    },
    "56": {
        "class": "Isotope",
        "ID": 56,
        "element": "X",
        "infexes": [],
        "freedom": 0,
        "max_count": 4,
        "options": [],
        "defaults": []
    },
    "57": {
        "class": "Isotope",
        "ID": 57,
        "element": "X",
        "infexes": [],
        "freedom": 0,
        "max_count": 1,
        "options": [],
        "defaults": []
    },
    "58": {
        "class": "Isotope",
        "ID": 58,
        "element": "X",
        "infexes": [],
        "freedom": 0,
        "max_count": 11,
        "options": [],
        "defaults": []
    },
    "59": {
        "class": "Isotope",
        "ID": 59,
        "element": "X",
        "infexes": [],
        "freedom": 0,
        "max_count": 16,
        "options": [],
        "defaults": []
    },
    "60": {
        "class": "Isotope",
        "ID": 60,
        "element": "X",
        "infexes": [],
        "freedom": 0,
        "max_count": 25,
        "options": [],
        "defaults": []
    },
    "61": {
        "class": "Isotope",
        "ID": 61,
        "element": "X",
        "infexes": [],
        "freedom": 0,
        "max_count": 5,
        "options": [],
        "defaults": []
    },
    "62": {
        "class": "Isotope",
        "ID": 62,
        "element": "X",
        "infexes": [],
        "freedom": 0,
        "max_count": 102,
        "options": [],
        "defaults": []
    },
    "63": {
        "class": "Isotope",
        "ID": 63,
        "element": "X",
        "infexes": [],
        "freedom": 0,
        "max_count": 14,
        "options": [],
        "defaults": []
    },
    "64": {
        "class": "Isotope",
        "ID": 64,
        "element": "X",
        "infexes": [],
        "freedom": 0,
        "max_count": 2,
        "options": [],
        "defaults": []
    },
    "65": {
        "class": "Isotope",
        "ID": 65,
        "element": "X",
        "infexes": [],
        "freedom": 0,
        "max_count": 13,
        "options": [],
        "defaults": []
    },
    "66": {
        "class": "Isotope",
        "ID": 66,
        "element": "X",
        "infexes": [],
        "freedom": 0,
        "max_count": 32,
        "options": [],
        "defaults": []
    },
    "67": {
        "class": "Isotope",
        "ID": 67,
        "element": "X",
        "infexes": [],
        "freedom": 0,
        "max_count": 2,
        "options": [],
        "defaults": []
    },
    "68": {
        "class": "Isotope",
        "ID": 68,
        "element": "X",
        "infexes": [],
        "freedom": 0,
        "max_count": 18,
        "options": [],
        "defaults": []
    },
    "69": {
        "class": "Isotope",
        "ID": 69,
        "element": "X",
        "infexes": [],
        "freedom": 0,
        "max_count": 11,
        "options": [],
        "defaults": []
    },
    "70": {
        "class": "Isotope",
        "ID": 70,
        "element": "X",
        "infexes": [],
        "freedom": 0,
        "max_count": 15,
        "options": [],
        "defaults": []
    },
    "71": {
        "class": "Isotope",
        "ID": 71,
        "element": "X",
        "infexes": [],
        "freedom": 0,
        "max_count": 1,
        "options": [],
        "defaults": []
    },
    "72": {
        "class": "Isotope",
        "ID": 72,
        "element": "X",
        "infexes": [],
        "freedom": 0,
        "max_count": 5,
        "options": [],
        "defaults": []
    },
    "73": {
        "class": "Isotope",
        "ID": 73,
        "element": "X",
        "infexes": [],
        "freedom": 0,
        "max_count": 70,
        "options": [],
        "defaults": []
    },
    "74": {
        "class": "Isotope",
        "ID": 74,
        "element": "X",
        "infexes": [],
        "freedom": 0,
        "max_count": 22,
        "options": [],
        "defaults": []
    },
    "75": {
        "class": "Isotope",
        "ID": 75,
        "element": "X",
        "infexes": [],
        "freedom": 0,
        "max_count": 2,
        "options": [],
        "defaults": []
    },
    "76": {
        "class": "Isotope",
        "ID": 76,
        "element": "X",
        "infexes": [],
        "freedom": 0,
        "max_count": 42,
        "options": [],
        "defaults": []
    },
    "77": {
        "class": "Isotope",
        "ID": 77,
        "element": "X",
        "infexes": [],
        "freedom": 0,
        "max_count": 7,
        "options": [],
        "defaults": []
    },
    "78": {
        "class": "Isotope",
        "ID": 78,
        "element": "X",
        "infexes": [],
        "freedom": 0,
        "max_count": 17,
        "options": [],
        "defaults": []
    },
    "79": {
        "class": "Isotope",
        "ID": 79,
        "element": "X",
        "infexes": [],
        "freedom": 0,
        "max_count": 2,
        "options": [],
        "defaults": []
    },
    "80": {
        "class": "Isotope",
        "ID": 80,
        "element": "X",
        "infexes": [],
        "freedom": 0,
        "max_count": 117,
        "options": [],
        "defaults": []
    },
    "81": {
        "class": "Isotope",
        "ID": 81,
        "element": "X",
        "infexes": [],
        "freedom": 0,
        "max_count": 36,
        "options": [],
        "defaults": []
    },
    "82": {
        "class": "Isotope",
        "ID": 82,
        "element": "X",
        "infexes": [],
        "freedom": 0,
        "max_count": 125,
        "options": [],
        "defaults": []
    },
    "83": {
        "class": "Isotope",
        "ID": 83,
        "element": "X",
        "infexes": [],
        "freedom": 0,
        "max_count": 5,
        "options": [],
        "defaults": []
    },
    "84": {
        "class": "Isotope",
        "ID": 84,
        "element": "X",
        "infexes": [],
        "freedom": 0,
        "max_count": 7,
        "options": [],
        "defaults": []
    },
    "85": {
        "class": "Isotope",
        "ID": 85,
        "element": "X",
        "infexes": [],
        "freedom": 0,
        "max_count": 35,
        "options": [],
        "defaults": []
    },
    "86": {
        "class": "Isotope",
        "ID": 86,
        "element": "X",
        "infexes": [],
        "freedom": 0,
        "max_count": 3,
        "options": [],
        "defaults": []
    },
    "87": {
        "class": "Isotope",
        "ID": 87,
        "element": "X",
        "infexes": [],
        "freedom": 0,
        "max_count": 35,
        "options": [],
        "defaults": []
    },
    "88": {
        "class": "Isotope",
        "ID": 88,
        "element": "X",
        "infexes": [],
        "freedom": 0,
        "max_count": 2,
        "options": [],
        "defaults": []
    },
    "89": {
        "class": "Isotope",
        "ID": 89,
        "element": "X",
        "infexes": [],
        "freedom": 0,
        "max_count": 29,
        "options": [],
        "defaults": []
    },
    "90": {
        "class": "Isotope",
        "ID": 90,
        "element": "X",
        "infexes": [],
        "freedom": 0,
        "max_count": 35,
        "options": [],
        "defaults": []
    },
    "91": {
        "class": "Isotope",
        "ID": 91,
        "element": "Y",
        "infexes": [],
        "freedom": 0,
        "max_count": 2,
        "options": [],
        "defaults": []
    },
    "92": {
        "class": "Isotope",
        "ID": 92,
        "element": "Y",
        "infexes": [],
        "freedom": 0,
        "max_count": 21,
        "options": [],
        "defaults": []
    },
    "93": {
        "class": "Isotope",
        "ID": 93,
        "element": "Y",
        "infexes": [],
        "freedom": 0,
        "max_count": 13,
        "options": [],
        "defaults": []
    },
    "94": {
        "class": "Isotope",
        "ID": 94,
        "element": "Y",
        "infexes": [],
        "freedom": 0,
        "max_count": 8,
        "options": [],
        "defaults": []
    },
    "95": {
        "class": "Isotope",
        "ID": 95,
        "element": "Y",
        "infexes": [],
        "freedom": 0,
        "max_count": 24,
        "options": [],
        "defaults": []
    },
    "96": {
        "class": "Isotope",
        "ID": 96,
        "element": "Y",
        "infexes": [],
        "freedom": 0,
        "max_count": 25,
        "options": [],
        "defaults": []
    },
    "97": {
        "class": "Isotope",
        "ID": 97,
        "element": "Y",
        "infexes": [],
        "freedom": 0,
        "max_count": 44,
        "options": [],
        "defaults": []
    },
    "98": {
        "class": "Isotope",
        "ID": 98,
        "element": "Y",
        "infexes": [],
        "freedom": 0,
        "max_count": 30,
        "options": [],
        "defaults": []
    },
    "99": {
        "class": "Isotope",
        "ID": 99,
        "element": "Y",
        "infexes": [],
        "freedom": 0,
        "max_count": 32,
        "options": [],
        "defaults": []
    },
    "100": {
        "class": "Isotope",
        "ID": 100,
        "element": "Y",
        "infexes": [],
        "freedom": 0,
        "max_count": 17,
        "options": [],
        "defaults": []
    },
    "101": {
        "class": "Isotope",
        "ID": 101,
        "element": "SPIN",
        "infexes": [],
        "freedom": 0.452854971122181,
        "max_count": 33,
        "options": [
            [
                76,
                63,
                133
            ],
            [
                27,
                125,
                15
            ]
        ],
        "defaults": [
            [
                76,
                63,
                133
            ],
            [
                27,
                125,
                15
            ]
        ]
    },
    "102": {
        "class": "Isotope",
        "ID": 102,
        "element": "INV",
        "infexes": [],
        "freedom": 0.28908579668106105,
        "max_count": 45,
        "options": [
            [
                145
            ],
            [
                101
            ]
        ],
        "defaults": [
            [
                101
            ]
        ]
    },
    "103": {
        "class": "Isotope",
        "ID": 103,
        "element": "SPIN",
        "infexes": [],
        "freedom": 0,
        "max_count": 4,
        "options": [
            [
                21,
                88,
                51
            ]
        ],
        "defaults": [
            [
                21,
                88,
                51
            ]
        ]
    },
    "104": {
        "class": "Isotope",
        "ID": 104,
        "element": "IT",
        "infexes": [],
        "freedom": 0,
        "max_count": 9,
        "options": [
            [
                80,
                91,
                27,
                69,
                43
            ]
        ],
        "defaults": [
            [
                80,
                91,
                27,
                69,
                43
            ]
        ]
    },
    "105": {
        "class": "Isotope",
        "ID": 105,
        "element": "GMEAN",
        "infexes": [
            4,
            32
        ],
        "freedom": 0.23504583454674732,
        "max_count": 135,
        "options": [
            [
                101,
                72,
                14,
                74,
                65,
                89,
                106,
                20,
                87,
                67,
                69,
                42,
                14,
                168,
                99,
                65,
                17,
                158,
                21,
                62,
                136,
                70,
                152,
                49,
                51,
                138,
                116,
                28,
                167,
                172,
                150,
                34
            ],
            [
                90,
                135,
                54,
                80,
                38,
                55,
                61,
                64,
                119,
                57,
                53,
                146,
                66,
                34,
                65,
                29,
                12,
                16,
                75,
                28,
                12,
                73,
                144,
                36,
                133,
                12,
                13,
                65,
                101,
                62
            ],
            [
                48,
                104,
                48,
                21,
                151,
                48,
                30,
                122,
                36,
                155,
                166,
                11,
                103,
                150,
                103,
                98,
                68,
                125,
                13,
                51,
                98,
                124,
                42,
                65,
                162,
                85,
                15,
                59,
                107,
                169,
                56,
                111
            ]
        ],
        "defaults": [
            [
                90,
                135,
                54,
                80,
                38,
                55,
                61,
                64,
                119,
                57,
                53,
                146,
                66,
                34,
                65,
                29,
                12,
                16,
                75,
                28,
                12,
                73,
                144,
                36,
                133,
                12,
                13,
                65,
                101,
                62
            ]
        ]
    },
    "106": {
        "class": "Isotope",
        "ID": 106,
        "element": "POW",
        "infexes": [],
        "freedom": 0.510584486829316,
        "max_count": 13,
        "options": [
            [
                76
            ],
            [
                123
            ],
            [
                27
            ]
        ],
        "defaults": [
            [
                76
            ]
        ]
    },
    "107": {
        "class": "Isotope",
        "ID": 107,
        "element": "SPIN",
        "infexes": [],
        "freedom": 0.37791126265520925,
        "max_count": 10,
        "options": [
            [
                20,
                80,
                64
            ],
            [
                166,
                68,
                32
            ]
        ],
        "defaults": [
            [
                20,
                80,
                64
            ]
        ]
    },
    "108": {
        "class": "Isotope",
        "ID": 108,
        "element": "SPIN",
        "infexes": [],
        "freedom": 0.24101833345573698,
        "max_count": 1,
        "options": [
            [
                119,
                105,
                40
            ],
            [
                112,
                91,
                54
            ]
        ],
        "defaults": [
            [
                112,
                91,
                54
            ]
        ]
    },
    "109": {
        "class": "Isotope",
        "ID": 109,
        "element": "SPIN",
        "infexes": [],
        "freedom": 0.2737931241755213,
        "max_count": 22,
        "options": [
            [
                32,
                115,
                35
            ],
            [
                28,
                77,
                13
            ],
            [
                66,
                81,
                13
            ]
        ],
        "defaults": [
            [
                28,
                77,
                13
            ]
        ]
    },
    "110": {
        "class": "Isotope",
        "ID": 110,
        "element": "POW",
        "infexes": [],
        "freedom": 0,
        "max_count": 7,
        "options": [
            [
                146
            ]
        ],
        "defaults": [
            [
                146
            ]
        ]
    },
    "111": {
        "class": "Isotope",
        "ID": 111,
        "element": "INV",
        "infexes": [],
        "freedom": 0.3908051591684291,
        "max_count": 4,
        "options": [
            [
                24
            ],
            [
                47
            ],
            [
                22
            ],
            [
                87
            ]
        ],
        "defaults": [
            [
                24
            ],
            [
                47
            ],
            [
                22
            ],
            [
                87
            ]
        ]
    },
    "112": {
        "class": "Isotope",
        "ID": 112,
        "element": "SIGMOID",
        "infexes": [],
        "freedom": 0,
        "max_count": 41,
        "options": [
            [
                43
            ]
        ],
        "defaults": [
            [
                43
            ]
        ]
    },
    "113": {
        "class": "Isotope",
        "ID": 113,
        "element": "SPIN",
        "infexes": [],
        "freedom": 0,
        "max_count": 14,
        "options": [
            [
                97,
                68,
                32
            ]
        ],
        "defaults": [
            [
                97,
                68,
                32
            ]
        ]
    },
    "114": {
        "class": "Isotope",
        "ID": 114,
        "element": "POW",
        "infexes": [],
        "freedom": 0,
        "max_count": 27,
        "options": [
            [
                72
            ]
        ],
        "defaults": [
            [
                72
            ]
        ]
    },
    "115": {
        "class": "Isotope",
        "ID": 115,
        "element": "POW",
        "infexes": [],
        "freedom": 0.4195413163233753,
        "max_count": 33,
        "options": [
            [
                122
            ],
            [
                101
            ],
            [
                64
            ]
        ],
        "defaults": [
            [
                101
            ]
        ]
    },
    "116": {
        "class": "Isotope",
        "ID": 116,
        "element": "SIGMOID",
        "infexes": [],
        "freedom": 0.3465990317490247,
        "max_count": 68,
        "options": [
            [
                109
            ],
            [
                36
            ]
        ],
        "defaults": [
            [
                36
            ]
        ]
    },
    "117": {
        "class": "Isotope",
        "ID": 117,
        "element": "SPIN",
        "infexes": [],
        "freedom": 0.8024206353182177,
        "max_count": 32,
        "options": [
            [
                38,
                58,
                124
            ],
            [
                76,
                33,
                63
            ]
        ],
        "defaults": [
            [
                76,
                33,
                63
            ]
        ]
    },
    "118": {
        "class": "Isotope",
        "ID": 118,
        "element": "MINX",
        "infexes": [
            2,
            2
        ],
        "freedom": 0.26813505239440255,
        "max_count": 18,
        "options": [
            [
                62,
                141
            ],
            [
                88,
                75
            ]
        ],
        "defaults": [
            [
                88,
                75
            ]
        ]
    },
    "119": {
        "class": "Isotope",
        "ID": 119,
        "element": "ARCFAN",
        "infexes": [],
        "freedom": 0,
        "max_count": 1,
        "options": [
            [
                20,
                48
            ]
        ],
        "defaults": [
            [
                20,
                48
            ]
        ]
    },
    "120": {
        "class": "Isotope",
        "ID": 120,
        "element": "POW",
        "infexes": [],
        "freedom": 0.45251223630469656,
        "max_count": 2,
        "options": [
            [
                125
            ],
            [
                88
            ],
            [
                105
            ]
        ],
        "defaults": [
            [
                88
            ]
        ]
    },
    "121": {
        "class": "Isotope",
        "ID": 121,
        "element": "SPIN",
        "infexes": [],
        "freedom": 0,
        "max_count": 15,
        "options": [
            [
                104,
                45,
                146
            ]
        ],
        "defaults": [
            [
                104,
                45,
                146
            ]
        ]
    },
    "122": {
        "class": "Isotope",
        "ID": 122,
        "element": "AMEAN",
        "infexes": [
            2,
            20
        ],
        "freedom": 0.030560297338207535,
        "max_count": 6,
        "options": [
            [
                109,
                44,
                165,
                54,
                15,
                16,
                150,
                112,
                72,
                143,
                109,
                39,
                103,
                85,
                59,
                12,
                173,
                144,
                105,
                105
            ],
            [
                70,
                142,
                32,
                24,
                163,
                82,
                68,
                146,
                93,
                76,
                119,
                57,
                74,
                39,
                15,
                28,
                73,
                44
            ],
            [
                41,
                49,
                137,
                24,
                86,
                89,
                84,
                152,
                75,
                46,
                49,
                167,
                152,
                112,
                21,
                9,
                32,
                114,
                153,
                46
            ],
            [
                131,
                78,
                95,
                25,
                26,
                107,
                173,
                73,
                63,
                39,
                154,
                18,
                128,
                67,
                167,
                143,
                51,
                79,
                52,
                137
            ]
        ],
        "defaults": [
            [
                70,
                142,
                32,
                24,
                163,
                82,
                68,
                146,
                93,
                76,
                119,
                57,
                74,
                39,
                15,
                28,
                73,
                44
            ]
        ]
    },
    "123": {
        "class": "Isotope",
        "ID": 123,
        "element": "IT",
        "infexes": [],
        "freedom": 0.5633078584379315,
        "max_count": 16,
        "options": [
            [
                43,
                98,
                17,
                24,
                146
            ],
            [
                43,
                98,
                11,
                85,
                157
            ]
        ],
        "defaults": [
            [
                43,
                98,
                17,
                24,
                146
            ]
        ]
    },
    "124": {
        "class": "Isotope",
        "ID": 124,
        "element": "SPIN",
        "infexes": [],
        "freedom": 0.18959925520952106,
        "max_count": 3,
        "options": [
            [
                60,
                45,
                39
            ],
            [
                86,
                35,
                156
            ]
        ],
        "defaults": [
            [
                60,
                45,
                39
            ]
        ]
    },
    "125": {
        "class": "Isotope",
        "ID": 125,
        "element": "SIN",
        "infexes": [],
        "freedom": 0,
        "max_count": 43,
        "options": [
            [
                138
            ]
        ],
        "defaults": [
            [
                138
            ]
        ]
    },
    "126": {
        "class": "Isotope",
        "ID": 126,
        "element": "IT",
        "infexes": [],
        "freedom": 0,
        "max_count": 3,
        "options": [
            [
                40,
                95,
                140,
                148,
                73
            ]
        ],
        "defaults": [
            [
                40,
                95,
                140,
                148,
                73
            ]
        ]
    },
    "127": {
        "class": "Isotope",
        "ID": 127,
        "element": "GMEAN",
        "infexes": [
            2,
            2
        ],
        "freedom": 0.2658637606849184,
        "max_count": 93,
        "options": [
            [
                47,
                117
            ],
            [
                96,
                33
            ],
            [
                152,
                41
            ],
            [
                28,
                50
            ]
        ],
        "defaults": [
            [
                28,
                50
            ]
        ]
    },
    "128": {
        "class": "Isotope",
        "ID": 128,
        "element": "AMEAN",
        "infexes": [
            7,
            8
        ],
        "freedom": 0.6555293359163267,
        "max_count": 16,
        "options": [
            [
                164,
                164,
                153,
                105,
                31,
                50,
                58,
                51
            ],
            [
                30,
                121,
                56,
                30,
                17,
                19,
                66
            ]
        ],
        "defaults": [
            [
                30,
                121,
                56,
                30,
                17,
                19,
                66
            ]
        ]
    },
    "129": {
        "class": "Isotope",
        "ID": 129,
        "element": "SPIN",
        "infexes": [],
        "freedom": 0.6538008955627407,
        "max_count": 11,
        "options": [
            [
                9,
                138,
                91
            ],
            [
                144,
                171,
                50
            ],
            [
                51,
                16,
                82
            ]
        ],
        "defaults": [
            [
                51,
                16,
                82
            ]
        ]
    },
    "130": {
        "class": "Isotope",
        "ID": 130,
        "element": "IT",
        "infexes": [],
        "freedom": 0.25705242211355844,
        "max_count": 32,
        "options": [
            [
                76,
                97,
                165,
                104,
                29
            ],
            [
                76,
                97,
                74,
                32,
                79
            ]
        ],
        "defaults": [
            [
                76,
                97,
                74,
                32,
                79
            ]
        ]
    },
    "131": {
        "class": "Isotope",
        "ID": 131,
        "element": "SIN",
        "infexes": [],
        "freedom": 0,
        "max_count": 199,
        "options": [
            [
                126
            ]
        ],
        "defaults": [
            [
                126
            ]
        ]
    },
    "132": {
        "class": "Isotope",
        "ID": 132,
        "element": "SIN",
        "infexes": [],
        "freedom": 0,
        "max_count": 185,
        "options": [
            [
                144
            ]
        ],
        "defaults": [
            [
                144
            ]
        ]
    },
    "133": {
        "class": "Isotope",
        "ID": 133,
        "element": "INV",
        "infexes": [],
        "freedom": 0,
        "max_count": 31,
        "options": [
            [
                70
            ]
        ],
        "defaults": [
            [
                70
            ]
        ]
    },
    "134": {
        "class": "Isotope",
        "ID": 134,
        "element": "POW",
        "infexes": [],
        "freedom": 0.42864462128774306,
        "max_count": 8,
        "options": [
            [
                8
            ],
            [
                56
            ],
            [
                54
            ],
            [
                28
            ],
            [
                28
            ],
            [
                144
            ],
            [
                52
            ],
            [
                48
            ],
            [
                142
            ],
            [
                21
            ],
            [
                20
            ],
            [
                63
            ],
            [
                109
            ],
            [
                17
            ],
            [
                65
            ],
            [
                18
            ],
            [
                104
            ]
        ],
        "defaults": [
            [
                142
            ]
        ]
    },
    "135": {
        "class": "Isotope",
        "ID": 135,
        "element": "POW",
        "infexes": [],
        "freedom": 0,
        "max_count": 18,
        "options": [
            [
                104
            ]
        ],
        "defaults": [
            [
                104
            ]
        ]
    },
    "136": {
        "class": "Isotope",
        "ID": 136,
        "element": "SPIN",
        "infexes": [],
        "freedom": 0.1355778780858635,
        "max_count": 56,
        "options": [
            [
                111,
                173,
                134
            ],
            [
                68,
                108,
                143
            ],
            [
                130,
                33,
                54
            ],
            [
                129,
                135,
                33
            ],
            [
                37,
                114,
                130
            ],
            [
                36,
                115,
                27
            ],
            [
                133,
                56,
                87
            ],
            [
                12,
                24,
                62
            ],
            [
                53,
                145,
                12
            ],
            [
                38,
                143,
                63
            ],
            [
                58,
                153,
                106
            ],
            [
                88,
                79,
                51
            ],
            [
                134,
                59,
                61
            ],
            [
                67,
                37,
                138
            ]
        ],
        "defaults": [
            [
                88,
                79,
                51
            ]
        ]
    },
    "137": {
        "class": "Isotope",
        "ID": 137,
        "element": "POW",
        "infexes": [],
        "freedom": 0,
        "max_count": 32,
        "options": [
            [
                57
            ]
        ],
        "defaults": [
            [
                57
            ]
        ]
    },
    "138": {
        "class": "Isotope",
        "ID": 138,
        "element": "GMEAN",
        "infexes": [
            2,
            4
        ],
        "freedom": 0,
        "max_count": 1,
        "options": [
            [
                132,
                45,
                23,
                58
            ]
        ],
        "defaults": [
            [
                132,
                45,
                23,
                58
            ]
        ]
    },
    "139": {
        "class": "Isotope",
        "ID": 139,
        "element": "IT",
        "infexes": [],
        "freedom": 0.819086569830648,
        "max_count": 29,
        "options": [
            [
                68,
                95,
                87,
                173,
                89
            ],
            [
                68,
                95,
                68,
                64,
                130
            ],
            [
                68,
                95,
                51,
                41,
                135
            ]
        ],
        "defaults": [
            [
                68,
                95,
                51,
                41,
                135
            ]
        ]
    },
    "140": {
        "class": "Isotope",
        "ID": 140,
        "element": "RAND",
        "infexes": [],
        "freedom": 0.29645858280842124,
        "max_count": 11,
        "options": [
            [
                84
            ],
            [
                17
            ]
        ],
        "defaults": [
            [
                84
            ],
            [
                17
            ]
        ]
    },
    "141": {
        "class": "Isotope",
        "ID": 141,
        "element": "GMEAN",
        "infexes": [
            5,
            6
        ],
        "freedom": 0.5575805377832873,
        "max_count": 10,
        "options": [
            [
                79,
                72,
                76,
                23,
                112,
                133
            ],
            [
                36,
                100,
                92,
                128,
                120,
                146
            ]
        ],
        "defaults": [
            [
                79,
                72,
                76,
                23,
                112,
                133
            ]
        ]
    },
    "142": {
        "class": "Isotope",
        "ID": 142,
        "element": "POW",
        "infexes": [],
        "freedom": 0.17655607411790225,
        "max_count": 185,
        "options": [
            [
                19
            ],
            [
                64
            ],
            [
                14
            ],
            [
                28
            ]
        ],
        "defaults": [
            [
                19
            ],
            [
                64
            ],
            [
                14
            ],
            [
                28
            ]
        ]
    },
    "143": {
        "class": "Isotope",
        "ID": 143,
        "element": "GMEAN",
        "infexes": [
            3,
            3
        ],
        "freedom": 0.21445612585556312,
        "max_count": 3,
        "options": [
            [
                102,
                20,
                34
            ],
            [
                145,
                88,
                22
            ],
            [
                82,
                50,
                43
            ]
        ],
        "defaults": [
            [
                82,
                50,
                43
            ]
        ]
    },
    "144": {
        "class": "Isotope",
        "ID": 144,
        "element": "INV",
        "infexes": [],
        "freedom": 0,
        "max_count": 39,
        "options": [
            [
                89
            ]
        ],
        "defaults": [
            [
                89
            ]
        ]
    },
    "145": {
        "class": "Isotope",
        "ID": 145,
        "element": "SPIN",
        "infexes": [],
        "freedom": 0.21893490107182403,
        "max_count": 41,
        "options": [
            [
                115,
                132,
                109
            ],
            [
                45,
                104,
                64
            ],
            [
                58,
                173,
                39
            ]
        ],
        "defaults": [
            [
                58,
                173,
                39
            ]
        ]
    },
    "146": {
        "class": "Isotope",
        "ID": 146,
        "element": "SPIN",
        "infexes": [],
        "freedom": 0,
        "max_count": 5,
        "options": [
            [
                11,
                32,
                34
            ]
        ],
        "defaults": [
            [
                11,
                32,
                34
            ]
        ]
    },
    "147": {
        "class": "Isotope",
        "ID": 147,
        "element": "IT",
        "infexes": [],
        "freedom": 0.4482600484554335,
        "max_count": 27,
        "options": [
            [
                37,
                97,
                58,
                66,
                11
            ],
            [
                37,
                97,
                45,
                72,
                26
            ],
            [
                37,
                97,
                46,
                68,
                91
            ],
            [
                37,
                97,
                81,
                132,
                96
            ],
            [
                37,
                97,
                37,
                97,
                50
            ],
            [
                37,
                97,
                167,
                52,
                119
            ],
            [
                37,
                97,
                142,
                93,
                9
            ],
            [
                37,
                97,
                163,
                22,
                59
            ],
            [
                37,
                97,
                10,
                137,
                84
            ],
            [
                37,
                97,
                93,
                143,
                127
            ],
            [
                37,
                97,
                126,
                165,
                79
            ],
            [
                37,
                97,
                20,
                62,
                37
            ],
            [
                37,
                97,
                110,
                145,
                59
            ],
            [
                37,
                97,
                8,
                85,
                24
            ],
            [
                37,
                97,
                165,
                84,
                65
            ],
            [
                37,
                97,
                119,
                141,
                171
            ],
            [
                37,
                97,
                77,
                84,
                72
            ],
            [
                37,
                97,
                47,
                67,
                144
            ],
            [
                37,
                97,
                148,
                160,
                31
            ],
            [
                37,
                97,
                68,
                160,
                133
            ]
        ],
        "defaults": [
            [
                37,
                97,
                8,
                85,
                24
            ]
        ]
    },
    "148": {
        "class": "Isotope",
        "ID": 148,
        "element": "GMEAN",
        "infexes": [
            2,
            4
        ],
        "freedom": 0,
        "max_count": 8,
        "options": [
            [
                67,
                10,
                58,
                100
            ]
        ],
        "defaults": [
            [
                67,
                10,
                58,
                100
            ]
        ]
    },
    "149": {
        "class": "Isotope",
        "ID": 149,
        "element": "AMEAN",
        "infexes": [
            4,
            5
        ],
        "freedom": 0.12643325552312537,
        "max_count": 8,
        "options": [
            [
                112,
                94,
                72,
                55
            ],
            [
                68,
                73,
                80,
                91,
                150
            ]
        ],
        "defaults": [
            [
                112,
                94,
                72,
                55
            ]
        ]
    },
    "150": {
        "class": "Isotope",
        "ID": 150,
        "element": "IT",
        "infexes": [],
        "freedom": 0.20039481435932519,
        "max_count": 155,
        "options": [
            [
                54,
                99,
                147,
                30,
                91
            ],
            [
                54,
                99,
                98,
                102,
                47
            ],
            [
                54,
                99,
                109,
                83,
                94
            ],
            [
                54,
                99,
                91,
                115,
                56
            ],
            [
                54,
                99,
                64,
                99,
                56
            ],
            [
                54,
                99,
                100,
                69,
                52
            ],
            [
                54,
                99,
                91,
                32,
                83
            ],
            [
                54,
                99,
                129,
                94,
                126
            ],
            [
                54,
                99,
                120,
                91,
                108
            ],
            [
                54,
                99,
                100,
                134,
                66
            ],
            [
                54,
                99,
                16,
                98,
                84
            ],
            [
                54,
                99,
                68,
                94,
                142
            ],
            [
                54,
                99,
                97,
                24,
                25
            ],
            [
                54,
                99,
                96,
                47,
                131
            ],
            [
                54,
                99,
                125,
                96,
                102
            ],
            [
                54,
                99,
                40,
                77,
                95
            ],
            [
                54,
                99,
                87,
                57,
                93
            ],
            [
                54,
                99,
                100,
                170,
                62
            ],
            [
                54,
                99,
                95,
                24,
                60
            ],
            [
                54,
                99,
                166,
                97,
                27
            ]
        ],
        "defaults": [
            [
                54,
                99,
                64,
                99,
                56
            ]
        ]
    },
    "151": {
        "class": "Isotope",
        "ID": 151,
        "element": "IT",
        "infexes": [],
        "freedom": 0.366234707555165,
        "max_count": 60,
        "options": [
            [
                20,
                100,
                95,
                47,
                35
            ],
            [
                20,
                100,
                94,
                28,
                61
            ]
        ],
        "defaults": [
            [
                20,
                100,
                95,
                47,
                35
            ],
            [
                20,
                100,
                94,
                28,
                61
            ]
        ]
    },
    "152": {
        "class": "Isotope",
        "ID": 152,
        "element": "SPIN",
        "infexes": [],
        "freedom": 0,
        "max_count": 20,
        "options": [
            [
                95,
                91,
                39
            ]
        ],
        "defaults": [
            [
                95,
                91,
                39
            ]
        ]
    },
    "153": {
        "class": "Isotope",
        "ID": 153,
        "element": "SPIN",
        "infexes": [],
        "freedom": 0.0929200714814372,
        "max_count": 57,
        "options": [
            [
                155,
                61,
                67
            ],
            [
                148,
                78,
                142
            ],
            [
                123,
                160,
                16
            ],
            [
                34,
                150,
                152
            ]
        ],
        "defaults": [
            [
                148,
                78,
                142
            ]
        ]
    },
    "154": {
        "class": "Isotope",
        "ID": 154,
        "element": "GMEAN",
        "infexes": [
            2,
            7
        ],
        "freedom": 0.1883830169786685,
        "max_count": 37,
        "options": [
            [
                158,
                137,
                24,
                86
            ],
            [
                21,
                152,
                31,
                69,
                146,
                111,
                130
            ],
            [
                165,
                67,
                168,
                9,
                58,
                108,
                166
            ]
        ],
        "defaults": [
            [
                158,
                137,
                24,
                86
            ]
        ]
    },
    "155": {
        "class": "Isotope",
        "ID": 155,
        "element": "INV",
        "infexes": [],
        "freedom": 0.3971387517397977,
        "max_count": 2,
        "options": [
            [
                150
            ],
            [
                148
            ]
        ],
        "defaults": [
            [
                148
            ]
        ]
    },
    "156": {
        "class": "Isotope",
        "ID": 156,
        "element": "SPIN",
        "infexes": [],
        "freedom": 0.5743985996529533,
        "max_count": 86,
        "options": [
            [
                163,
                34,
                101
            ],
            [
                149,
                50,
                59
            ]
        ],
        "defaults": [
            [
                163,
                34,
                101
            ]
        ]
    },
    "157": {
        "class": "Isotope",
        "ID": 157,
        "element": "SIN",
        "infexes": [],
        "freedom": 0.3086735713943082,
        "max_count": 8,
        "options": [
            [
                158
            ],
            [
                163
            ],
            [
                164
            ]
        ],
        "defaults": [
            [
                158
            ]
        ]
    },
    "158": {
        "class": "Isotope",
        "ID": 158,
        "element": "SPIN",
        "infexes": [],
        "freedom": 0,
        "max_count": 37,
        "options": [
            [
                103,
                152,
                133
            ]
        ],
        "defaults": [
            [
                103,
                152,
                133
            ]
        ]
    },
    "159": {
        "class": "Isotope",
        "ID": 159,
        "element": "POWER",
        "infexes": [],
        "freedom": 0.333366687421835,
        "max_count": 49,
        "options": [
            [
                110,
                160
            ],
            [
                152,
                42
            ]
        ],
        "defaults": [
            [
                152,
                42
            ]
        ]
    },
    "160": {
        "class": "Isotope",
        "ID": 160,
        "element": "INV",
        "infexes": [],
        "freedom": 0.13476214327479338,
        "max_count": 79,
        "options": [
            [
                158
            ],
            [
                150
            ]
        ],
        "defaults": [
            [
                158
            ]
        ]
    },
    "161": {
        "class": "Isotope",
        "ID": 161,
        "element": "GMEAN",
        "infexes": [
            3,
            5
        ],
        "freedom": 0.8213196653937627,
        "max_count": 67,
        "options": [
            [
                151,
                16,
                49,
                17,
                133
            ],
            [
                124,
                36,
                157,
                71,
                129
            ]
        ],
        "defaults": [
            [
                151,
                16,
                49,
                17,
                133
            ]
        ]
    },
    "162": {
        "class": "Isotope",
        "ID": 162,
        "element": "SPIN",
        "infexes": [],
        "freedom": 0.592391994272125,
        "max_count": 29,
        "options": [
            [
                158,
                87,
                144
            ],
            [
                152,
                134,
                140
            ]
        ],
        "defaults": [
            [
                158,
                87,
                144
            ]
        ]
    },
    "163": {
        "class": "Isotope",
        "ID": 163,
        "element": "SIGMOID",
        "infexes": [],
        "freedom": 0,
        "max_count": 3,
        "options": [
            [
                148
            ]
        ],
        "defaults": [
            [
                148
            ]
        ]
    },
    "164": {
        "class": "Isotope",
        "ID": 164,
        "element": "POW",
        "infexes": [],
        "freedom": 0.4815712750203413,
        "max_count": 33,
        "options": [
            [
                149
            ],
            [
                163
            ]
        ],
        "defaults": [
            [
                163
            ]
        ]
    },
    "165": {
        "class": "Isotope",
        "ID": 165,
        "element": "POW",
        "infexes": [],
        "freedom": 0.3481110781184626,
        "max_count": 8,
        "options": [
            [
                149
            ],
            [
                148
            ]
        ],
        "defaults": [
            [
                148
            ]
        ]
    },
    "166": {
        "class": "Isotope",
        "ID": 166,
        "element": "POW",
        "infexes": [],
        "freedom": 0.0997495058861865,
        "max_count": 30,
        "options": [
            [
                115
            ],
            [
                166
            ],
            [
                35
            ]
        ],
        "defaults": [
            [
                35
            ]
        ]
    },
    "167": {
        "class": "Isotope",
        "ID": 167,
        "element": "ARCFAN",
        "infexes": [],
        "freedom": 0.205547398813005,
        "max_count": 8,
        "options": [
            [
                59,
                77
            ],
            [
                94,
                76
            ],
            [
                96,
                118
            ]
        ],
        "defaults": [
            [
                94,
                76
            ]
        ]
    },
    "168": {
        "class": "Isotope",
        "ID": 168,
        "element": "ARCFAN",
        "infexes": [],
        "freedom": 0.17990500396859876,
        "max_count": 10,
        "options": [
            [
                113,
                41
            ],
            [
                108,
                84
            ]
        ],
        "defaults": [
            [
                113,
                41
            ]
        ]
    },
    "169": {
        "class": "Isotope",
        "ID": 169,
        "element": "POWER",
        "infexes": [],
        "freedom": 0.29978308694396205,
        "max_count": 2,
        "options": [
            [
                126,
                116
            ],
            [
                29,
                15
            ],
            [
                43,
                36
            ]
        ],
        "defaults": [
            [
                43,
                36
            ]
        ]
    },
    "170": {
        "class": "Isotope",
        "ID": 170,
        "element": "GMEAN",
        "infexes": [
            2,
            4
        ],
        "freedom": 0.006717274281500152,
        "max_count": 4,
        "options": [
            [
                148,
                9
            ],
            [
                112,
                139,
                59,
                151
            ]
        ],
        "defaults": [
            [
                148,
                9
            ]
        ]
    },
    "171": {
        "class": "Isotope",
        "ID": 171,
        "element": "POW",
        "infexes": [],
        "freedom": 0.5354182660892479,
        "max_count": 4,
        "options": [
            [
                140
            ],
            [
                143
            ]
        ],
        "defaults": [
            [
                140
            ]
        ]
    },
    "172": {
        "class": "Isotope",
        "ID": 172,
        "element": "GMEAN",
        "infexes": [
            3,
            3
        ],
        "freedom": 0.5350716757443561,
        "max_count": 1,
        "options": [
            [
                114,
                19,
                26
            ],
            [
                74,
                159,
                88
            ]
        ],
        "defaults": [
            [
                114,
                19,
                26
            ]
        ]
    },
    "173": {
        "class": "Isotope",
        "ID": 173,
        "element": "SPIN",
        "infexes": [],
        "freedom": 0,
        "max_count": 24,
        "options": [
            [
                23,
                50,
                73
            ]
        ],
        "defaults": [
            [
                23,
                50,
                73
            ]
        ]
    }
}