{
    "0": {
        "class": "Isotope",
        "ID": 0,
        "element": "ROOT_MAIN",
        "infexes": [],
        "freedom": 0.3893260139798952,
        "max_count": 1,
        "options": [
            [
                88
            ],
            [
                73
            ]
        ],
        "defaults": [
            [
                88
            ]
        ]
    },
    "1": {
        "class": "Isotope",
        "ID": 1,
        "element": "ROOT_HUE",
        "infexes": [],
        "freedom": 0.7908256443019134,
        "max_count": 1,
        "options": [
            [
                85
            ],
            [
                81
            ]
        ],
        "defaults": [
            [
                81
            ]
        ]
    },
    "2": {
        "class": "Isotope",
        "ID": 2,
        "element": "ROOT_SAT",
        "infexes": [],
        "freedom": 0.6170793673562882,
        "max_count": 1,
        "options": [
            [
                88
            ],
            [
                84
            ]
        ],
        "defaults": [
            [
                84
            ]
        ]
    },
    "3": {
        "class": "Isotope",
        "ID": 3,
        "element": "ROOT_VAL",
        "infexes": [],
        "freedom": 0.1023335750653,
        "max_count": 1,
        "options": [
            [
                86
            ],
            [
                85
            ],
            [
                86
            ],
            [
                89
            ]
        ],
        "defaults": [
            [
                89
            ]
        ]
    },
    "4": {
        "class": "Isotope",
        "ID": 4,
        "element": "ROOT_PAL",
        "infexes": [],
        "freedom": 0.19244865773120742,
        "max_count": 1,
        "options": [
            [
                82
            ],
            [
                86
            ],
            [
                88
            ]
        ],
        "defaults": [
            [
                82
            ]
        ]
    },
    "5": {
        "class": "Isotope",
        "ID": 5,
        "element": "ROOT_GRAD",
        "infexes": [],
        "freedom": 0.04375012926983593,
        "max_count": 1,
        "options": [
            [
                88
            ],
            [
                75
            ]
        ],
        "defaults": [
            [
                88
            ]
        ]
    },
    "6": {
        "class": "Isotope",
        "ID": 6,
        "element": "ROOT_TARGET",
        "infexes": [],
        "freedom": 0.2090551861210472,
        "max_count": 1,
        "options": [
            [
                89
            ],
            [
                77
            ]
        ],
        "defaults": [
            [
                89
            ]
        ]
    },
    "7": {
        "class": "Isotope",
        "ID": 7,
        "element": "ROOT_AIM",
        "infexes": [],
        "freedom": 0.27778099059115224,
        "max_count": 1,
        "options": [
            [
                80
            ],
            [
                85
            ]
        ],
        "defaults": [
            [
                85
            ]
        ]
    },
    "8": {
        "class": "Isotope",
        "ID": 8,
        "element": "X",
        "infexes": [],
        "freedom": 0,
        "max_count": 127,
        "options": [],
        "defaults": []
    },
    "9": {
        "class": "Isotope",
        "ID": 9,
        "element": "X",
        "infexes": [],
        "freedom": 0,
        "max_count": 3,
        "options": [],
        "defaults": []
    },
    "10": {
        "class": "Isotope",
        "ID": 10,
        "element": "X",
        "infexes": [],
        "freedom": 0,
        "max_count": 18,
        "options": [],
        "defaults": []
    },
    "11": {
        "class": "Isotope",
        "ID": 11,
        "element": "X",
        "infexes": [],
        "freedom": 0,
        "max_count": 4,
        "options": [],
        "defaults": []
    },
    "12": {
        "class": "Isotope",
        "ID": 12,
        "element": "X",
        "infexes": [],
        "freedom": 0,
        "max_count": 20,
        "options": [],
        "defaults": []
    },
    "13": {
        "class": "Isotope",
        "ID": 13,
        "element": "X",
        "infexes": [],
        "freedom": 0,
        "max_count": 9,
        "options": [],
        "defaults": []
    },
    "14": {
        "class": "Isotope",
        "ID": 14,
        "element": "X",
        "infexes": [],
        "freedom": 0,
        "max_count": 21,
        "options": [],
        "defaults": []
    },
    "15": {
        "class": "Isotope",
        "ID": 15,
        "element": "X",
        "infexes": [],
        "freedom": 0,
        "max_count": 31,
        "options": [],
        "defaults": []
    },
    "16": {
        "class": "Isotope",
        "ID": 16,
        "element": "X",
        "infexes": [],
        "freedom": 0,
        "max_count": 46,
        "options": [],
        "defaults": []
    },
    "17": {
        "class": "Isotope",
        "ID": 17,
        "element": "X",
        "infexes": [],
        "freedom": 0,
        "max_count": 22,
        "options": [],
        "defaults": []
    },
    "18": {
        "class": "Isotope",
        "ID": 18,
        "element": "X",
        "infexes": [],
        "freedom": 0,
        "max_count": 18,
        "options": [],
        "defaults": []
    },
    "19": {
        "class": "Isotope",
        "ID": 19,
        "element": "X",
        "infexes": [],
        "freedom": 0,
        "max_count": 15,
        "options": [],
        "defaults": []
    },
    "20": {
        "class": "Isotope",
        "ID": 20,
        "element": "X",
        "infexes": [],
        "freedom": 0,
        "max_count": 47,
        "options": [],
        "defaults": []
    },
    "21": {
        "class": "Isotope",
        "ID": 21,
        "element": "X",
        "infexes": [],
        "freedom": 0,
        "max_count": 5,
        "options": [],
        "defaults": []
    },
    "22": {
        "class": "Isotope",
        "ID": 22,
        "element": "X",
        "infexes": [],
        "freedom": 0,
        "max_count": 7,
        "options": [],
        "defaults": []
    },
    "23": {
        "class": "Isotope",
        "ID": 23,
        "element": "X",
        "infexes": [],
        "freedom": 0,
        "max_count": 1,
        "options": [],
        "defaults": []
    },
    "24": {
        "class": "Isotope",
        "ID": 24,
        "element": "X",
        "infexes": [],
        "freedom": 0,
        "max_count": 48,
        "options": [],
        "defaults": []
    },
    "25": {
        "class": "Isotope",
        "ID": 25,
        "element": "X",
        "infexes": [],
        "freedom": 0,
        "max_count": 112,
        "options": [],
        "defaults": []
    },
    "26": {
        "class": "Isotope",
        "ID": 26,
        "element": "X",
        "infexes": [],
        "freedom": 0,
        "max_count": 55,
        "options": [],
        "defaults": []
    },
    "27": {
        "class": "Isotope",
        "ID": 27,
        "element": "X",
        "infexes": [],
        "freedom": 0,
        "max_count": 150,
        "options": [],
        "defaults": []
    },
    "28": {
        "class": "Isotope",
        "ID": 28,
        "element": "X",
        "infexes": [],
        "freedom": 0,
        "max_count": 1,
        "options": [],
        "defaults": []
    },
    "29": {
        "class": "Isotope",
        "ID": 29,
        "element": "Y",
        "infexes": [],
        "freedom": 0,
        "max_count": 170,
        "options": [],
        "defaults": []
    },
    "30": {
        "class": "Isotope",
        "ID": 30,
        "element": "Y",
        "infexes": [],
        "freedom": 0,
        "max_count": 185,
        "options": [],
        "defaults": []
    },
    "31": {
        "class": "Isotope",
        "ID": 31,
        "element": "Y",
        "infexes": [],
        "freedom": 0,
        "max_count": 31,
        "options": [],
        "defaults": []
    },
    "32": {
        "class": "Isotope",
        "ID": 32,
        "element": "Y",
        "infexes": [],
        "freedom": 0,
        "max_count": 3,
        "options": [],
        "defaults": []
    },
    "33": {
        "class": "Isotope",
        "ID": 33,
        "element": "Y",
        "infexes": [],
        "freedom": 0,
        "max_count": 2,
        "options": [],
        "defaults": []
    },
    "34": {
        "class": "Isotope",
        "ID": 34,
        "element": "Y",
        "infexes": [],
        "freedom": 0,
        "max_count": 10,
        "options": [],
        "defaults": []
    },
    "35": {
        "class": "Isotope",
        "ID": 35,
        "element": "Y",
        "infexes": [],
        "freedom": 0,
        "max_count": 22,
        "options": [],
        "defaults": []
    },
    "36": {
        "class": "Isotope",
        "ID": 36,
        "element": "Y",
        "infexes": [],
        "freedom": 0,
        "max_count": 20,
        "options": [],
        "defaults": []
    },
    "37": {
        "class": "Isotope",
        "ID": 37,
        "element": "Y",
        "infexes": [],
        "freedom": 0,
        "max_count": 15,
        "options": [],
        "defaults": []
    },
    "38": {
        "class": "Isotope",
        "ID": 38,
        "element": "Y",
        "infexes": [],
        "freedom": 0,
        "max_count": 11,
        "options": [],
        "defaults": []
    },
    "39": {
        "class": "Isotope",
        "ID": 39,
        "element": "Y",
        "infexes": [],
        "freedom": 0,
        "max_count": 26,
        "options": [],
        "defaults": []
    },
    "40": {
        "class": "Isotope",
        "ID": 40,
        "element": "Y",
        "infexes": [],
        "freedom": 0,
        "max_count": 5,
        "options": [],
        "defaults": []
    },
    "41": {
        "class": "Isotope",
        "ID": 41,
        "element": "Y",
        "infexes": [],
        "freedom": 0,
        "max_count": 14,
        "options": [],
        "defaults": []
    },
    "42": {
        "class": "Isotope",
        "ID": 42,
        "element": "Y",
        "infexes": [],
        "freedom": 0,
        "max_count": 65,
        "options": [],
        "defaults": []
    },
    "43": {
        "class": "Isotope",
        "ID": 43,
        "element": "Y",
        "infexes": [],
        "freedom": 0,
        "max_count": 29,
        "options": [],
        "defaults": []
    },
    "44": {
        "class": "Isotope",
        "ID": 44,
        "element": "Y",
        "infexes": [],
        "freedom": 0,
        "max_count": 25,
        "options": [],
        "defaults": []
    },
    "45": {
        "class": "Isotope",
        "ID": 45,
        "element": "Y",
        "infexes": [],
        "freedom": 0,
        "max_count": 8,
        "options": [],
        "defaults": []
    },
    "46": {
        "class": "Isotope",
        "ID": 46,
        "element": "Y",
        "infexes": [],
        "freedom": 0,
        "max_count": 21,
        "options": [],
        "defaults": []
    },
    "47": {
        "class": "Isotope",
        "ID": 47,
        "element": "Y",
        "infexes": [],
        "freedom": 0,
        "max_count": 31,
        "options": [],
        "defaults": []
    },
    "48": {
        "class": "Isotope",
        "ID": 48,
        "element": "Y",
        "infexes": [],
        "freedom": 0,
        "max_count": 84,
        "options": [],
        "defaults": []
    },
    "49": {
        "class": "Isotope",
        "ID": 49,
        "element": "Y",
        "infexes": [],
        "freedom": 0,
        "max_count": 41,
        "options": [],
        "defaults": []
    },
    "50": {
        "class": "Isotope",
        "ID": 50,
        "element": "Y",
        "infexes": [],
        "freedom": 0,
        "max_count": 126,
        "options": [],
        "defaults": []
    },
    "51": {
        "class": "Isotope",
        "ID": 51,
        "element": "Y",
        "infexes": [],
        "freedom": 0,
        "max_count": 2,
        "options": [],
        "defaults": []
    },
    "52": {
        "class": "Isotope",
        "ID": 52,
        "element": "Y",
        "infexes": [],
        "freedom": 0,
        "max_count": 2,
        "options": [],
        "defaults": []
    },
    "53": {
        "class": "Isotope",
        "ID": 53,
        "element": "Y",
        "infexes": [],
        "freedom": 0,
        "max_count": 34,
        "options": [],
        "defaults": []
    },
    "54": {
        "class": "Isotope",
        "ID": 54,
        "element": "Y",
        "infexes": [],
        "freedom": 0,
        "max_count": 30,
        "options": [],
        "defaults": []
    },
    "55": {
        "class": "Isotope",
        "ID": 55,
        "element": "Y",
        "infexes": [],
        "freedom": 0,
        "max_count": 13,
        "options": [],
        "defaults": []
    },
    "56": {
        "class": "Isotope",
        "ID": 56,
        "element": "Y",
        "infexes": [],
        "freedom": 0,
        "max_count": 24,
        "options": [],
        "defaults": []
    },
    "57": {
        "class": "Isotope",
        "ID": 57,
        "element": "Y",
        "infexes": [],
        "freedom": 0,
        "max_count": 78,
        "options": [],
        "defaults": []
    },
    "58": {
        "class": "Isotope",
        "ID": 58,
        "element": "Y",
        "infexes": [],
        "freedom": 0,
        "max_count": 2,
        "options": [],
        "defaults": []
    },
    "59": {
        "class": "Isotope",
        "ID": 59,
        "element": "Y",
        "infexes": [],
        "freedom": 0,
        "max_count": 10,
        "options": [],
        "defaults": []
    },
    "60": {
        "class": "Isotope",
        "ID": 60,
        "element": "Y",
        "infexes": [],
        "freedom": 0,
        "max_count": 31,
        "options": [],
        "defaults": []
    },
    "61": {
        "class": "Isotope",
        "ID": 61,
        "element": "Y",
        "infexes": [],
        "freedom": 0,
        "max_count": 28,
        "options": [],
        "defaults": []
    },
    "62": {
        "class": "Isotope",
        "ID": 62,
        "element": "Y",
        "infexes": [],
        "freedom": 0,
        "max_count": 21,
        "options": [],
        "defaults": []
    },
    "63": {
        "class": "Isotope",
        "ID": 63,
        "element": "Y",
        "infexes": [],
        "freedom": 0,
        "max_count": 27,
        "options": [],
        "defaults": []
    },
    "64": {
        "class": "Isotope",
        "ID": 64,
        "element": "Y",
        "infexes": [],
        "freedom": 0,
        "max_count": 3,
        "options": [],
        "defaults": []
    },
    "65": {
        "class": "Isotope",
        "ID": 65,
        "element": "Y",
        "infexes": [],
        "freedom": 0,
        "max_count": 29,
        "options": [],
        "defaults": []
    },
    "66": {
        "class": "Isotope",
        "ID": 66,
        "element": "Y",
        "infexes": [],
        "freedom": 0,
        "max_count": 18,
        "options": [],
        "defaults": []
    },
    "67": {
        "class": "Isotope",
        "ID": 67,
        "element": "SIN",
        "infexes": [],
        "freedom": 0,
        "max_count": 19,
        "options": [
            [
                18
            ]
        ],
        "defaults": [
            [
                18
            ]
        ]
    },
    "68": {
        "class": "Isotope",
        "ID": 68,
        "element": "SPIN",
        "infexes": [],
        "freedom": 0,
        "max_count": 42,
        "options": [
            [
                47,
                27,
                33
            ]
        ],
        "defaults": [
            [
                47,
                27,
                33
            ]
        ]
    },
    "69": {
        "class": "Isotope",
        "ID": 69,
        "element": "SIN",
        "infexes": [],
        "freedom": 0,
        "max_count": 14,
        "options": [
            [
                18
            ]
        ],
        "defaults": [
            [
                18
            ]
        ]
    },
    "70": {
        "class": "Isotope",
        "ID": 70,
        "element": "POW",
        "infexes": [],
        "freedom": 0.3715429127797355,
        "max_count": 47,
        "options": [
            [
                66
            ],
            [
                63
            ],
            [
                31
            ],
            [
                53
            ],
            [
                61
            ],
            [
                62
            ],
            [
                70
            ],
            [
                31
            ],
            [
                62
            ],
            [
                54
            ],
            [
                37
            ],
            [
                51
            ],
            [
                38
            ],
            [
                39
            ],
            [
                51
            ],
            [
                41
            ],
            [
                66
            ],
            [
                40
            ],
            [
                58
            ],
            [
                51
            ]
        ],
        "defaults": [
            [
                31
            ]
        ]
    },
    "71": {
        "class": "Isotope",
        "ID": 71,
        "element": "RAND",
        "infexes": [],
        "freedom": 0.23228856830029354,
        "max_count": 6,
        "options": [
            [
                37
            ],
            [
                29
            ]
        ],
        "defaults": [
            [
                37
            ],
            [
                29
            ]
        ]
    },
    "72": {
        "class": "Isotope",
        "ID": 72,
        "element": "GMEAN",
        "infexes": [
            2,
            7
        ],
        "freedom": 0.45499335998998974,
        "max_count": 34,
        "options": [
            [
                51,
                80,
                36,
                64,
                89,
                30,
                81
            ],
            [
                58,
                14
            ]
        ],
        "defaults": [
            [
                58,
                14
            ]
        ]
    },
    "73": {
        "class": "Isotope",
        "ID": 73,
        "element": "ARCFAN",
        "infexes": [],
        "freedom": 0,
        "max_count": 19,
        "options": [
            [
                31,
                13
            ]
        ],
        "defaults": [
            [
                31,
                13
            ]
        ]
    },
    "74": {
        "class": "Isotope",
        "ID": 74,
        "element": "POWER",
        "infexes": [],
        "freedom": 0,
        "max_count": 10,
        "options": [
            [
                22,
                35
            ]
        ],
        "defaults": [
            [
                22,
                35
            ]
        ]
    },
    "75": {
        "class": "Isotope",
        "ID": 75,
        "element": "ARCFAN",
        "infexes": [],
        "freedom": 0,
        "max_count": 15,
        "options": [
            [
                63,
                10
            ]
        ],
        "defaults": [
            [
                63,
                10
            ]
        ]
    },
    "76": {
        "class": "Isotope",
        "ID": 76,
        "element": "IT",
        "infexes": [],
        "freedom": 0,
        "max_count": 39,
        "options": [
            [
                17,
                41,
                64,
                69,
                29
            ]
        ],
        "defaults": [
            [
                17,
                41,
                64,
                69,
                29
            ]
        ]
    },
    "77": {
        "class": "Isotope",
        "ID": 77,
        "element": "POWER",
        "infexes": [],
        "freedom": 0.2514024729153412,
        "max_count": 7,
        "options": [
            [
                20,
                34
            ],
            [
                9,
                36
            ]
        ],
        "defaults": [
            [
                20,
                34
            ],
            [
                9,
                36
            ]
        ]
    },
    "78": {
        "class": "Isotope",
        "ID": 78,
        "element": "GMEAN",
        "infexes": [
            2,
            6
        ],
        "freedom": 0.3549978710719981,
        "max_count": 2,
        "options": [
            [
                11,
                61,
                96,
                47,
                82
            ],
            [
                49,
                49,
                93,
                53,
                22,
                16
            ]
        ],
        "defaults": [
            [
                11,
                61,
                96,
                47,
                82
            ]
        ]
    },
    "79": {
        "class": "Isotope",
        "ID": 79,
        "element": "MINX",
        "infexes": [
            4,
            6
        ],
        "freedom": 0.25728691779379076,
        "max_count": 38,
        "options": [
            [
                8,
                33,
                83,
                46,
                46,
                48
            ],
            [
                75,
                9,
                76,
                93,
                14,
                32
            ]
        ],
        "defaults": [
            [
                8,
                33,
                83,
                46,
                46,
                48
            ]
        ]
    },
    "80": {
        "class": "Isotope",
        "ID": 80,
        "element": "GMEAN",
        "infexes": [
            7,
            9
        ],
        "freedom": 0.35494379974859486,
        "max_count": 5,
        "options": [
            [
                16,
                32,
                28,
                60,
                98,
                60,
                84,
                26,
                62
            ],
            [
                43,
                67,
                46,
                41,
                92,
                99,
                20,
                15,
                58
            ],
            [
                27,
                24,
                41,
                100,
                26,
                57,
                70,
                95,
                52
            ]
        ],
        "defaults": [
            [
                16,
                32,
                28,
                60,
                98,
                60,
                84,
                26,
                62
            ]
        ]
    },
    "81": {
        "class": "Isotope",
        "ID": 81,
        "element": "GMEAN",
        "infexes": [
            2,
            3
        ],
        "freedom": 0,
        "max_count": 57,
        "options": [
            [
                11,
                65,
                47
            ]
        ],
        "defaults": [
            [
                11,
                65,
                47
            ]
        ]
    },
    "82": {
        "class": "Isotope",
        "ID": 82,
        "element": "POWER",
        "infexes": [],
        "freedom": 0,
        "max_count": 18,
        "options": [
            [
                28,
                35
            ]
        ],
        "defaults": [
            [
                28,
                35
            ]
        ]
    },
    "83": {
        "class": "Isotope",
        "ID": 83,
        "element": "SPIN",
        "infexes": [],
        "freedom": 0,
        "max_count": 23,
        "options": [
            [
                82,
                41,
                18
            ]
        ],
        "defaults": [
            [
                82,
                41,
                18
            ]
        ]
    },
    "84": {
        "class": "Isotope",
        "ID": 84,
        "element": "MINX",
        "infexes": [
            2,
            3
        ],
        "freedom": 0,
        "max_count": 29,
        "options": [
            [
                88,
                14,
                64
            ]
        ],
        "defaults": [
            [
                88,
                14,
                64
            ]
        ]
    },
    "85": {
        "class": "Isotope",
        "ID": 85,
        "element": "RAND",
        "infexes": [],
        "freedom": 0,
        "max_count": 3,
        "options": [
            [
                84
            ]
        ],
        "defaults": [
            [
                84
            ]
        ]
    },
    "86": {
        "class": "Isotope",
        "ID": 86,
        "element": "SPIN",
        "infexes": [],
        "freedom": 0,
        "max_count": 22,
        "options": [
            [
                75,
                59,
                8
            ]
        ],
        "defaults": [
            [
                75,
                59,
                8
            ]
        ]
    },
    "87": {
        "class": "Isotope",
        "ID": 87,
        "element": "RAND",
        "infexes": [],
        "freedom": 0,
        "max_count": 30,
        "options": [
            [
                83
            ]
        ],
        "defaults": [
            [
                83
            ]
        ]
    },
    "88": {
        "class": "Isotope",
        "ID": 88,
        "element": "POWER",
        "infexes": [],
        "freedom": 0,
        "max_count": 8,
        "options": [
            [
                81,
                87
            ]
        ],
        "defaults": [
            [
                81,
                87
            ]
        ]
    },
    "89": {
        "class": "Isotope",
        "ID": 89,
        "element": "ARCFAN",
        "infexes": [],
        "freedom": 0,
        "max_count": 55,
        "options": [
            [
                75,
                50
            ]
        ],
        "defaults": [
            [
                75,
                50
            ]
        ]
    },
    "90": {
        "class": "Isotope",
        "ID": 90,
        "element": "GMEAN",
        "infexes": [
            2,
            10
        ],
        "freedom": 0.3122793827650831,
        "max_count": 17,
        "options": [
            [
                77,
                75,
                33,
                71,
                74
            ],
            [
                40,
                83,
                97,
                65,
                42,
                62,
                82,
                88,
                72,
                54
            ]
        ],
        "defaults": [
            [
                77,
                75,
                33,
                71,
                74
            ]
        ]
    },
    "91": {
        "class": "Isotope",
        "ID": 91,
        "element": "RAND",
        "infexes": [],
        "freedom": 0.295376422248287,
        "max_count": 32,
        "options": [
            [
                79
            ],
            [
                27
            ]
        ],
        "defaults": [
            [
                27
            ]
        ]
    },
    "92": {
        "class": "Isotope",
        "ID": 92,
        "element": "GMEAN",
        "infexes": [
            2,
            2
        ],
        "freedom": 0,
        "max_count": 1,
        "options": [
            [
                46,
                98
            ]
        ],
        "defaults": [
            [
                46,
                98
            ]
        ]
    },
    "93": {
        "class": "Isotope",
        "ID": 93,
        "element": "AMEAN",
        "infexes": [
            2,
            15
        ],
        "freedom": 0.29319720672019667,
        "max_count": 5,
        "options": [
            [
                90,
                23,
                100,
                32,
                91,
                93,
                68,
                44,
                61,
                89,
                42,
                99,
                43,
                50,
                57
            ],
            [
                53,
                17,
                73,
                10,
                82,
                92,
                52,
                94,
                84,
                71,
                45,
                55
            ]
        ],
        "defaults": [
            [
                53,
                17,
                73,
                10,
                82,
                92,
                52,
                94,
                84,
                71,
                45,
                55
            ]
        ]
    },
    "94": {
        "class": "Isotope",
        "ID": 94,
        "element": "RAND",
        "infexes": [],
        "freedom": 0,
        "max_count": 7,
        "options": [
            [
                55
            ]
        ],
        "defaults": [
            [
                55
            ]
        ]
    },
    "95": {
        "class": "Isotope",
        "ID": 95,
        "element": "MINX",
        "infexes": [
            2,
            4
        ],
        "freedom": 0,
        "max_count": 7,
        "options": [
            [
                56,
                97,
                52,
                37
            ]
        ],
        "defaults": [
            [
                56,
                97,
                52,
                37
            ]
        ]
    },
    "96": {
        "class": "Isotope",
        "ID": 96,
        "element": "SPIN",
        "infexes": [],
        "freedom": 0.4038624595672283,
        "max_count": 1,
        "options": [
            [
                21,
                76,
                24
            ],
            [
                27,
                66,
                19
            ]
        ],
        "defaults": [
            [
                21,
                76,
                24
            ],
            [
                27,
                66,
                19
            ]
        ]
    },
    "97": {
        "class": "Isotope",
        "ID": 97,
        "element": "ARCFAN",
        "infexes": [],
        "freedom": 0,
        "max_count": 166,
        "options": [
            [
                16,
                10
            ]
        ],
        "defaults": [
            [
                16,
                10
            ]
        ]
    },
    "98": {
        "class": "Isotope",
        "ID": 98,
        "element": "MINX",
        "infexes": [
            3,
            4
        ],
        "freedom": 0,
        "max_count": 28,
        "options": [
            [
                25,
                46,
                76,
                15
            ]
        ],
        "defaults": [
            [
                25,
                46,
                76,
                15
            ]
        ]
    },
    "99": {
        "class": "Isotope",
        "ID": 99,
        "element": "SPIN",
        "infexes": [],
        "freedom": 0,
        "max_count": 7,
        "options": [
            [
                13,
                57,
                30
            ]
        ],
        "defaults": [
            [
                13,
                57,
                30
            ]
        ]
    },
    "100": {
        "class": "Isotope",
        "ID": 100,
        "element": "ARCFAN",
        "infexes": [],
        "freedom": 0.21965666619345986,
        "max_count": 24,
        "options": [
            [
                15,
                78
            ],
            [
                37,
                12
            ]
        ],
        "defaults": [
            [
                37,
                12
            ]
        ]
    }
}