{
    "0": {
        "class": "Isotope",
        "ID": 0,
        "element": "ROOT_MAIN",
        "infexes": [],
        "freedom": 0.16841392429239477,
        "max_count": 1,
        "options": [
            [
                112
            ],
            [
                115
            ],
            [
                115
            ]
        ],
        "defaults": [
            [
                115
            ]
        ]
    },
    "1": {
        "class": "Isotope",
        "ID": 1,
        "element": "ROOT_HUE",
        "infexes": [],
        "freedom": 0.5865236762463352,
        "max_count": 1,
        "options": [
            [
                111
            ],
            [
                116
            ]
        ],
        "defaults": [
            [
                116
            ]
        ]
    },
    "2": {
        "class": "Isotope",
        "ID": 2,
        "element": "ROOT_SAT",
        "infexes": [],
        "freedom": 0.26274032449324414,
        "max_count": 1,
        "options": [
            [
                122
            ],
            [
                118
            ]
        ],
        "defaults": [
            [
                122
            ]
        ]
    },
    "3": {
        "class": "Isotope",
        "ID": 3,
        "element": "ROOT_VAL",
        "infexes": [],
        "freedom": 0.40964800960328973,
        "max_count": 1,
        "options": [
            [
                119
            ],
            [
                115
            ]
        ],
        "defaults": [
            [
                115
            ]
        ]
    },
    "4": {
        "class": "Isotope",
        "ID": 4,
        "element": "ROOT_PAL",
        "infexes": [],
        "freedom": 0.36125632732136587,
        "max_count": 1,
        "options": [
            [
                116
            ],
            [
                121
            ]
        ],
        "defaults": [
            [
                116
            ]
        ]
    },
    "5": {
        "class": "Isotope",
        "ID": 5,
        "element": "ROOT_GRAD",
        "infexes": [],
        "freedom": 0.16811650089886537,
        "max_count": 1,
        "options": [
            [
                116
            ],
            [
                120
            ]
        ],
        "defaults": [
            [
                116
            ]
        ]
    },
    "6": {
        "class": "Isotope",
        "ID": 6,
        "element": "ROOT_TARGET",
        "infexes": [],
        "freedom": 0.2186208565591253,
        "max_count": 1,
        "options": [
            [
                121
            ],
            [
                111
            ]
        ],
        "defaults": [
            [
                121
            ]
        ]
    },
    "7": {
        "class": "Isotope",
        "ID": 7,
        "element": "ROOT_AIM",
        "infexes": [],
        "freedom": 0.297330653437175,
        "max_count": 1,
        "options": [
            [
                110
            ],
            [
                117
            ]
        ],
        "defaults": [
            [
                110
            ]
        ]
    },
    "8": {
        "class": "Isotope",
        "ID": 8,
        "element": "X",
        "infexes": [],
        "freedom": 0,
        "max_count": 36,
        "options": [],
        "defaults": []
    },
    "9": {
        "class": "Isotope",
        "ID": 9,
        "element": "X",
        "infexes": [],
        "freedom": 0,
        "max_count": 15,
        "options": [],
        "defaults": []
    },
    "10": {
        "class": "Isotope",
        "ID": 10,
        "element": "X",
        "infexes": [],
        "freedom": 0,
        "max_count": 3,
        "options": [],
        "defaults": []
    },
    "11": {
        "class": "Isotope",
        "ID": 11,
        "element": "X",
        "infexes": [],
        "freedom": 0,
        "max_count": 34,
        "options": [],
        "defaults": []
    },
    "12": {
        "class": "Isotope",
        "ID": 12,
        "element": "X",
        "infexes": [],
        "freedom": 0,
        "max_count": 7,
        "options": [],
        "defaults": []
    },
    "13": {
        "class": "Isotope",
        "ID": 13,
        "element": "X",
        "infexes": [],
        "freedom": 0,
        "max_count": 4,
        "options": [],
        "defaults": []
    },
    "14": {
        "class": "Isotope",
        "ID": 14,
        "element": "X",
        "infexes": [],
        "freedom": 0,
        "max_count": 17,
        "options": [],
        "defaults": []
    },
    "15": {
        "class": "Isotope",
        "ID": 15,
        "element": "X",
        "infexes": [],
        "freedom": 0,
        "max_count": 10,
        "options": [],
        "defaults": []
    },
    "16": {
        "class": "Isotope",
        "ID": 16,
        "element": "X",
        "infexes": [],
        "freedom": 0,
        "max_count": 14,
        "options": [],
        "defaults": []
    },
    "17": {
        "class": "Isotope",
        "ID": 17,
        "element": "X",
        "infexes": [],
        "freedom": 0,
        "max_count": 27,
        "options": [],
        "defaults": []
    },
    "18": {
        "class": "Isotope",
        "ID": 18,
        "element": "X",
        "infexes": [],
        "freedom": 0,
        "max_count": 9,
        "options": [],
        "defaults": []
    },
    "19": {
        "class": "Isotope",
        "ID": 19,
        "element": "X",
        "infexes": [],
        "freedom": 0,
        "max_count": 20,
        "options": [],
        "defaults": []
    },
    "20": {
        "class": "Isotope",
        "ID": 20,
        "element": "X",
        "infexes": [],
        "freedom": 0,
        "max_count": 21,
        "options": [],
        "defaults": []
    },
    "21": {
        "class": "Isotope",
        "ID": 21,
        "element": "X",
        "infexes": [],
        "freedom": 0,
        "max_count": 43,
        "options": [],
        "defaults": []
    },
    "22": {
        "class": "Isotope",
        "ID": 22,
        "element": "X",
        "infexes": [],
        "freedom": 0,
        "max_count": 3,
        "options": [],
        "defaults": []
    },
    "23": {
        "class": "Isotope",
        "ID": 23,
        "element": "X",
        "infexes": [],
        "freedom": 0,
        "max_count": 75,
        "options": [],
        "defaults": []
    },
    "24": {
        "class": "Isotope",
        "ID": 24,
        "element": "X",
        "infexes": [],
        "freedom": 0,
        "max_count": 3,
        "options": [],
        "defaults": []
    },
    "25": {
        "class": "Isotope",
        "ID": 25,
        "element": "X",
        "infexes": [],
        "freedom": 0,
        "max_count": 7,
        "options": [],
        "defaults": []
    },
    "26": {
        "class": "Isotope",
        "ID": 26,
        "element": "X",
        "infexes": [],
        "freedom": 0,
        "max_count": 2,
        "options": [],
        "defaults": []
    },
    "27": {
        "class": "Isotope",
        "ID": 27,
        "element": "X",
        "infexes": [],
        "freedom": 0,
        "max_count": 7,
        "options": [],
        "defaults": []
    },
    "28": {
        "class": "Isotope",
        "ID": 28,
        "element": "X",
        "infexes": [],
        "freedom": 0,
        "max_count": 59,
        "options": [],
        "defaults": []
    },
    "29": {
        "class": "Isotope",
        "ID": 29,
        "element": "X",
        "infexes": [],
        "freedom": 0,
        "max_count": 42,
        "options": [],
        "defaults": []
    },
    "30": {
        "class": "Isotope",
        "ID": 30,
        "element": "X",
        "infexes": [],
        "freedom": 0,
        "max_count": 75,
        "options": [],
        "defaults": []
    },
    "31": {
        "class": "Isotope",
        "ID": 31,
        "element": "X",
        "infexes": [],
        "freedom": 0,
        "max_count": 10,
        "options": [],
        "defaults": []
    },
    "32": {
        "class": "Isotope",
        "ID": 32,
        "element": "X",
        "infexes": [],
        "freedom": 0,
        "max_count": 55,
        "options": [],
        "defaults": []
    },
    "33": {
        "class": "Isotope",
        "ID": 33,
        "element": "X",
        "infexes": [],
        "freedom": 0,
        "max_count": 3,
        "options": [],
        "defaults": []
    },
    "34": {
        "class": "Isotope",
        "ID": 34,
        "element": "X",
        "infexes": [],
        "freedom": 0,
        "max_count": 19,
        "options": [],
        "defaults": []
    },
    "35": {
        "class": "Isotope",
        "ID": 35,
        "element": "X",
        "infexes": [],
        "freedom": 0,
        "max_count": 2,
        "options": [],
        "defaults": []
    },
    "36": {
        "class": "Isotope",
        "ID": 36,
        "element": "X",
        "infexes": [],
        "freedom": 0,
        "max_count": 30,
        "options": [],
        "defaults": []
    },
    "37": {
        "class": "Isotope",
        "ID": 37,
        "element": "X",
        "infexes": [],
        "freedom": 0,
        "max_count": 43,
        "options": [],
        "defaults": []
    },
    "38": {
        "class": "Isotope",
        "ID": 38,
        "element": "X",
        "infexes": [],
        "freedom": 0,
        "max_count": 12,
        "options": [],
        "defaults": []
    },
    "39": {
        "class": "Isotope",
        "ID": 39,
        "element": "X",
        "infexes": [],
        "freedom": 0,
        "max_count": 26,
        "options": [],
        "defaults": []
    },
    "40": {
        "class": "Isotope",
        "ID": 40,
        "element": "X",
        "infexes": [],
        "freedom": 0,
        "max_count": 49,
        "options": [],
        "defaults": []
    },
    "41": {
        "class": "Isotope",
        "ID": 41,
        "element": "X",
        "infexes": [],
        "freedom": 0,
        "max_count": 23,
        "options": [],
        "defaults": []
    },
    "42": {
        "class": "Isotope",
        "ID": 42,
        "element": "X",
        "infexes": [],
        "freedom": 0,
        "max_count": 5,
        "options": [],
        "defaults": []
    },
    "43": {
        "class": "Isotope",
        "ID": 43,
        "element": "X",
        "infexes": [],
        "freedom": 0,
        "max_count": 13,
        "options": [],
        "defaults": []
    },
    "44": {
        "class": "Isotope",
        "ID": 44,
        "element": "X",
        "infexes": [],
        "freedom": 0,
        "max_count": 11,
        "options": [],
        "defaults": []
    },
    "45": {
        "class": "Isotope",
        "ID": 45,
        "element": "X",
        "infexes": [],
        "freedom": 0,
        "max_count": 5,
        "options": [],
        "defaults": []
    },
    "46": {
        "class": "Isotope",
        "ID": 46,
        "element": "Y",
        "infexes": [],
        "freedom": 0,
        "max_count": 48,
        "options": [],
        "defaults": []
    },
    "47": {
        "class": "Isotope",
        "ID": 47,
        "element": "Y",
        "infexes": [],
        "freedom": 0,
        "max_count": 19,
        "options": [],
        "defaults": []
    },
    "48": {
        "class": "Isotope",
        "ID": 48,
        "element": "Y",
        "infexes": [],
        "freedom": 0,
        "max_count": 7,
        "options": [],
        "defaults": []
    },
    "49": {
        "class": "Isotope",
        "ID": 49,
        "element": "Y",
        "infexes": [],
        "freedom": 0,
        "max_count": 42,
        "options": [],
        "defaults": []
    },
    "50": {
        "class": "Isotope",
        "ID": 50,
        "element": "Y",
        "infexes": [],
        "freedom": 0,
        "max_count": 9,
        "options": [],
        "defaults": []
    },
    "51": {
        "class": "Isotope",
        "ID": 51,
        "element": "Y",
        "infexes": [],
        "freedom": 0,
        "max_count": 62,
        "options": [],
        "defaults": []
    },
    "52": {
        "class": "Isotope",
        "ID": 52,
        "element": "Y",
        "infexes": [],
        "freedom": 0,
        "max_count": 8,
        "options": [],
        "defaults": []
    },
    "53": {
        "class": "Isotope",
        "ID": 53,
        "element": "Y",
        "infexes": [],
        "freedom": 0,
        "max_count": 46,
        "options": [],
        "defaults": []
    },
    "54": {
        "class": "Isotope",
        "ID": 54,
        "element": "Y",
        "infexes": [],
        "freedom": 0,
        "max_count": 75,
        "options": [],
        "defaults": []
    },
    "55": {
        "class": "Isotope",
        "ID": 55,
        "element": "Y",
        "infexes": [],
        "freedom": 0,
        "max_count": 6,
        "options": [],
        "defaults": []
    },
    "56": {
        "class": "Isotope",
        "ID": 56,
        "element": "Y",
        "infexes": [],
        "freedom": 0,
        "max_count": 2,
        "options": [],
        "defaults": []
    },
    "57": {
        "class": "Isotope",
        "ID": 57,
        "element": "Y",
        "infexes": [],
        "freedom": 0,
        "max_count": 45,
        "options": [],
        "defaults": []
    },
    "58": {
        "class": "Isotope",
        "ID": 58,
        "element": "Y",
        "infexes": [],
        "freedom": 0,
        "max_count": 25,
        "options": [],
        "defaults": []
    },
    "59": {
        "class": "Isotope",
        "ID": 59,
        "element": "Y",
        "infexes": [],
        "freedom": 0,
        "max_count": 19,
        "options": [],
        "defaults": []
    },
    "60": {
        "class": "Isotope",
        "ID": 60,
        "element": "Y",
        "infexes": [],
        "freedom": 0,
        "max_count": 3,
        "options": [],
        "defaults": []
    },
    "61": {
        "class": "Isotope",
        "ID": 61,
        "element": "Y",
        "infexes": [],
        "freedom": 0,
        "max_count": 28,
        "options": [],
        "defaults": []
    },
    "62": {
        "class": "Isotope",
        "ID": 62,
        "element": "Y",
        "infexes": [],
        "freedom": 0,
        "max_count": 70,
        "options": [],
        "defaults": []
    },
    "63": {
        "class": "Isotope",
        "ID": 63,
        "element": "Y",
        "infexes": [],
        "freedom": 0,
        "max_count": 21,
        "options": [],
        "defaults": []
    },
    "64": {
        "class": "Isotope",
        "ID": 64,
        "element": "Y",
        "infexes": [],
        "freedom": 0,
        "max_count": 50,
        "options": [],
        "defaults": []
    },
    "65": {
        "class": "Isotope",
        "ID": 65,
        "element": "Y",
        "infexes": [],
        "freedom": 0,
        "max_count": 16,
        "options": [],
        "defaults": []
    },
    "66": {
        "class": "Isotope",
        "ID": 66,
        "element": "Y",
        "infexes": [],
        "freedom": 0,
        "max_count": 26,
        "options": [],
        "defaults": []
    },
    "67": {
        "class": "Isotope",
        "ID": 67,
        "element": "Y",
        "infexes": [],
        "freedom": 0,
        "max_count": 3,
        "options": [],
        "defaults": []
    },
    "68": {
        "class": "Isotope",
        "ID": 68,
        "element": "Y",
        "infexes": [],
        "freedom": 0,
        "max_count": 66,
        "options": [],
        "defaults": []
    },
    "69": {
        "class": "Isotope",
        "ID": 69,
        "element": "Y",
        "infexes": [],
        "freedom": 0,
        "max_count": 143,
        "options": [],
        "defaults": []
    },
    "70": {
        "class": "Isotope",
        "ID": 70,
        "element": "Y",
        "infexes": [],
        "freedom": 0,
        "max_count": 24,
        "options": [],
        "defaults": []
    },
    "71": {
        "class": "Isotope",
        "ID": 71,
        "element": "Y",
        "infexes": [],
        "freedom": 0,
        "max_count": 4,
        "options": [],
        "defaults": []
    },
    "72": {
        "class": "Isotope",
        "ID": 72,
        "element": "Y",
        "infexes": [],
        "freedom": 0,
        "max_count": 27,
        "options": [],
        "defaults": []
    },
    "73": {
        "class": "Isotope",
        "ID": 73,
        "element": "Y",
        "infexes": [],
        "freedom": 0,
        "max_count": 46,
        "options": [],
        "defaults": []
    },
    "74": {
        "class": "Isotope",
        "ID": 74,
        "element": "Y",
        "infexes": [],
        "freedom": 0,
        "max_count": 2,
        "options": [],
        "defaults": []
    },
    "75": {
        "class": "Isotope",
        "ID": 75,
        "element": "Y",
        "infexes": [],
        "freedom": 0,
        "max_count": 2,
        "options": [],
        "defaults": []
    },
    "76": {
        "class": "Isotope",
        "ID": 76,
        "element": "Y",
        "infexes": [],
        "freedom": 0,
        "max_count": 7,
        "options": [],
        "defaults": []
    },
    "77": {
        "class": "Isotope",
        "ID": 77,
        "element": "Y",
        "infexes": [],
        "freedom": 0,
        "max_count": 12,
        "options": [],
        "defaults": []
    },
    "78": {
        "class": "Isotope",
        "ID": 78,
        "element": "Y",
        "infexes": [],
        "freedom": 0,
        "max_count": 3,
        "options": [],
        "defaults": []
    },
    "79": {
        "class": "Isotope",
        "ID": 79,
        "element": "Y",
        "infexes": [],
        "freedom": 0,
        "max_count": 2,
        "options": [],
        "defaults": []
    },
    "80": {
        "class": "Isotope",
        "ID": 80,
        "element": "Y",
        "infexes": [],
        "freedom": 0,
        "max_count": 3,
        "options": [],
        "defaults": []
    },
    "81": {
        "class": "Isotope",
        "ID": 81,
        "element": "Y",
        "infexes": [],
        "freedom": 0,
        "max_count": 10,
        "options": [],
        "defaults": []
    },
    "82": {
        "class": "Isotope",
        "ID": 82,
        "element": "Y",
        "infexes": [],
        "freedom": 0,
        "max_count": 7,
        "options": [],
        "defaults": []
    },
    "83": {
        "class": "Isotope",
        "ID": 83,
        "element": "Y",
        "infexes": [],
        "freedom": 0,
        "max_count": 16,
        "options": [],
        "defaults": []
    },
    "84": {
        "class": "Isotope",
        "ID": 84,
        "element": "Y",
        "infexes": [],
        "freedom": 0,
        "max_count": 38,
        "options": [],
        "defaults": []
    },
    "85": {
        "class": "Isotope",
        "ID": 85,
        "element": "Y",
        "infexes": [],
        "freedom": 0,
        "max_count": 52,
        "options": [],
        "defaults": []
    },
    "86": {
        "class": "Isotope",
        "ID": 86,
        "element": "Y",
        "infexes": [],
        "freedom": 0,
        "max_count": 19,
        "options": [],
        "defaults": []
    },
    "87": {
        "class": "Isotope",
        "ID": 87,
        "element": "Y",
        "infexes": [],
        "freedom": 0,
        "max_count": 16,
        "options": [],
        "defaults": []
    },
    "88": {
        "class": "Isotope",
        "ID": 88,
        "element": "SIN",
        "infexes": [],
        "freedom": 0.5192564572893679,
        "max_count": 4,
        "options": [
            [
                103
            ],
            [
                32
            ]
        ],
        "defaults": [
            [
                32
            ]
        ]
    },
    "89": {
        "class": "Isotope",
        "ID": 89,
        "element": "IT",
        "infexes": [],
        "freedom": 0,
        "max_count": 8,
        "options": [
            [
                42,
                78,
                9,
                75,
                10
            ]
        ],
        "defaults": [
            [
                42,
                78,
                9,
                75,
                10
            ]
        ]
    },
    "90": {
        "class": "Isotope",
        "ID": 90,
        "element": "POW",
        "infexes": [],
        "freedom": 0.3488937659554095,
        "max_count": 6,
        "options": [
            [
                90
            ],
            [
                45
            ]
        ],
        "defaults": [
            [
                45
            ]
        ]
    },
    "91": {
        "class": "Isotope",
        "ID": 91,
        "element": "SPIN",
        "infexes": [],
        "freedom": 0.016242769834791893,
        "max_count": 25,
        "options": [
            [
                104,
                97,
                32
            ],
            [
                37,
                24,
                120
            ],
            [
                19,
                36,
                86
            ]
        ],
        "defaults": [
            [
                19,
                36,
                86
            ]
        ]
    },
    "92": {
        "class": "Isotope",
        "ID": 92,
        "element": "ARCFAN",
        "infexes": [],
        "freedom": 0.46572235261134715,
        "max_count": 195,
        "options": [
            [
                120,
                43
            ],
            [
                29,
                84
            ],
            [
                15,
                99
            ]
        ],
        "defaults": [
            [
                29,
                84
            ]
        ]
    },
    "93": {
        "class": "Isotope",
        "ID": 93,
        "element": "SIGMOID",
        "infexes": [],
        "freedom": 0.35207265611568817,
        "max_count": 14,
        "options": [
            [
                103
            ],
            [
                37
            ]
        ],
        "defaults": [
            [
                37
            ]
        ]
    },
    "94": {
        "class": "Isotope",
        "ID": 94,
        "element": "SPIN",
        "infexes": [],
        "freedom": 0.8600026691012552,
        "max_count": 18,
        "options": [
            [
                43,
                99,
                42
            ],
            [
                94,
                63,
                23
            ],
            [
                40,
                39,
                65
            ]
        ],
        "defaults": [
            [
                40,
                39,
                65
            ]
        ]
    },
    "95": {
        "class": "Isotope",
        "ID": 95,
        "element": "SIN",
        "infexes": [],
        "freedom": 0,
        "max_count": 46,
        "options": [
            [
                12
            ]
        ],
        "defaults": [
            [
                12
            ]
        ]
    },
    "96": {
        "class": "Isotope",
        "ID": 96,
        "element": "GMEAN",
        "infexes": [
            2,
            3
        ],
        "freedom": 0.2621002727987857,
        "max_count": 38,
        "options": [
            [
                13,
                62,
                102
            ],
            [
                48,
                93,
                77
            ]
        ],
        "defaults": [
            [
                13,
                62,
                102
            ]
        ]
    },
    "97": {
        "class": "Isotope",
        "ID": 97,
        "element": "AMEAN",
        "infexes": [
            2,
            8
        ],
        "freedom": 0.5671579515807471,
        "max_count": 9,
        "options": [
            [
                29,
                106,
                76,
                35,
                63,
                104
            ],
            [
                56,
                28,
                78,
                31,
                100,
                107,
                121,
                87
            ],
            [
                101,
                41,
                55,
                94,
                104,
                59,
                93,
                34
            ]
        ],
        "defaults": [
            [
                29,
                106,
                76,
                35,
                63,
                104
            ]
        ]
    },
    "98": {
        "class": "Isotope",
        "ID": 98,
        "element": "RAND",
        "infexes": [],
        "freedom": 0.4034437599126366,
        "max_count": 17,
        "options": [
            [
                98
            ],
            [
                100
            ]
        ],
        "defaults": [
            [
                100
            ]
        ]
    },
    "99": {
        "class": "Isotope",
        "ID": 99,
        "element": "ARCFAN",
        "infexes": [],
        "freedom": 0,
        "max_count": 34,
        "options": [
            [
                10,
                30
            ]
        ],
        "defaults": [
            [
                10,
                30
            ]
        ]
    },
    "100": {
        "class": "Isotope",
        "ID": 100,
        "element": "RAND",
        "infexes": [],
        "freedom": 0.11369943644986866,
        "max_count": 30,
        "options": [
            [
                9
            ],
            [
                95
            ]
        ],
        "defaults": [
            [
                9
            ],
            [
                95
            ]
        ]
    },
    "101": {
        "class": "Isotope",
        "ID": 101,
        "element": "SPIN",
        "infexes": [],
        "freedom": 0.601143822350151,
        "max_count": 24,
        "options": [
            [
                74,
                38,
                32
            ],
            [
                122,
                22,
                10
            ]
        ],
        "defaults": [
            [
                74,
                38,
                32
            ],
            [
                122,
                22,
                10
            ]
        ]
    },
    "102": {
        "class": "Isotope",
        "ID": 102,
        "element": "SPIN",
        "infexes": [],
        "freedom": 0,
        "max_count": 57,
        "options": [
            [
                38,
                35,
                14
            ]
        ],
        "defaults": [
            [
                38,
                35,
                14
            ]
        ]
    },
    "103": {
        "class": "Isotope",
        "ID": 103,
        "element": "SIN",
        "infexes": [],
        "freedom": 0.5220897185447645,
        "max_count": 3,
        "options": [
            [
                30
            ],
            [
                97
            ],
            [
                95
            ]
        ],
        "defaults": [
            [
                30
            ]
        ]
    },
    "104": {
        "class": "Isotope",
        "ID": 104,
        "element": "POW",
        "infexes": [],
        "freedom": 0,
        "max_count": 51,
        "options": [
            [
                43
            ]
        ],
        "defaults": [
            [
                43
            ]
        ]
    },
    "105": {
        "class": "Isotope",
        "ID": 105,
        "element": "SPIN",
        "infexes": [],
        "freedom": 0.3813147517752375,
        "max_count": 4,
        "options": [
            [
                91,
                16,
                111
            ],
            [
                95,
                8,
                20
            ],
            [
                45,
                96,
                95
            ],
            [
                40,
                102,
                20
            ],
            [
                117,
                44,
                69
            ],
            [
                9,
                24,
                43
            ],
            [
                90,
                88,
                96
            ],
            [
                78,
                94,
                46
            ],
            [
                37,
                68,
                104
            ]
        ],
        "defaults": [
            [
                40,
                102,
                20
            ]
        ]
    },
    "106": {
        "class": "Isotope",
        "ID": 106,
        "element": "SIGMOID",
        "infexes": [],
        "freedom": 0,
        "max_count": 23,
        "options": [
            [
                95
            ]
        ],
        "defaults": [
            [
                95
            ]
        ]
    },
    "107": {
        "class": "Isotope",
        "ID": 107,
        "element": "GMEAN",
        "infexes": [
            5,
            43
        ],
        "freedom": 0.874850128567269,
        "max_count": 1,
        "options": [
            [
                117,
                105,
                22,
                32,
                117,
                45,
                106,
                45,
                120,
                114,
                101,
                32,
                77,
                52,
                122,
                54,
                104,
                116,
                41,
                112,
                99,
                86,
                105,
                89,
                50,
                95,
                50,
                92,
                116,
                85,
                79,
                122,
                27,
                109,
                46,
                27,
                27,
                56,
                86,
                102,
                39,
                11,
                106
            ],
            [
                73,
                63,
                22,
                55,
                80,
                34,
                82,
                62,
                62,
                99,
                19,
                26,
                72,
                67,
                66,
                100,
                104,
                14,
                85,
                23,
                17
            ]
        ],
        "defaults": [
            [
                73,
                63,
                22,
                55,
                80,
                34,
                82,
                62,
                62,
                99,
                19,
                26,
                72,
                67,
                66,
                100,
                104,
                14,
                85,
                23,
                17
            ]
        ]
    },
    "108": {
        "class": "Isotope",
        "ID": 108,
        "element": "INV",
        "infexes": [],
        "freedom": 0,
        "max_count": 33,
        "options": [
            [
                56
            ]
        ],
        "defaults": [
            [
                56
            ]
        ]
    },
    "109": {
        "class": "Isotope",
        "ID": 109,
        "element": "POWER",
        "infexes": [],
        "freedom": 0,
        "max_count": 4,
        "options": [
            [
                55,
                31
            ]
        ],
        "defaults": [
            [
                55,
                31
            ]
        ]
    },
    "110": {
        "class": "Isotope",
        "ID": 110,
        "element": "POWER",
        "infexes": [],
        "freedom": 0,
        "max_count": 2,
        "options": [
            [
                68,
                18
            ]
        ],
        "defaults": [
            [
                68,
                18
            ]
        ]
    },
    "111": {
        "class": "Isotope",
        "ID": 111,
        "element": "GMEAN",
        "infexes": [
            3,
            9
        ],
        "freedom": 0.4608172514009826,
        "max_count": 57,
        "options": [
            [
                14,
                77,
                45,
                34,
                71,
                89,
                75,
                22,
                45
            ],
            [
                31,
                53,
                48,
                101,
                94,
                94,
                17,
                99,
                21
            ]
        ],
        "defaults": [
            [
                14,
                77,
                45,
                34,
                71,
                89,
                75,
                22,
                45
            ]
        ]
    },
    "112": {
        "class": "Isotope",
        "ID": 112,
        "element": "AMEAN",
        "infexes": [
            4,
            30
        ],
        "freedom": 0.24637085664629757,
        "max_count": 38,
        "options": [
            [
                28,
                70,
                121,
                80,
                47,
                101,
                109,
                80,
                23,
                52,
                101,
                61,
                28,
                43,
                56,
                24,
                78,
                108,
                15,
                110,
                123,
                95
            ],
            [
                61,
                87,
                45,
                98,
                103,
                22,
                48,
                85,
                38,
                117,
                74,
                97,
                123,
                40,
                24,
                125,
                25,
                55,
                98,
                71,
                51,
                26,
                90,
                71,
                77,
                23,
                50,
                120,
                116,
                57
            ]
        ],
        "defaults": [
            [
                28,
                70,
                121,
                80,
                47,
                101,
                109,
                80,
                23,
                52,
                101,
                61,
                28,
                43,
                56,
                24,
                78,
                108,
                15,
                110,
                123,
                95
            ]
        ]
    },
    "113": {
        "class": "Isotope",
        "ID": 113,
        "element": "POWER",
        "infexes": [],
        "freedom": 0,
        "max_count": 39,
        "options": [
            [
                71,
                33
            ]
        ],
        "defaults": [
            [
                71,
                33
            ]
        ]
    },
    "114": {
        "class": "Isotope",
        "ID": 114,
        "element": "IT",
        "infexes": [],
        "freedom": 0,
        "max_count": 6,
        "options": [
            [
                36,
                68,
                35,
                50,
                82
            ]
        ],
        "defaults": [
            [
                36,
                68,
                35,
                50,
                82
            ]
        ]
    },
    "115": {
        "class": "Isotope",
        "ID": 115,
        "element": "GMEAN",
        "infexes": [
            2,
            2
        ],
        "freedom": 0,
        "max_count": 7,
        "options": [
            [
                64,
                38
            ]
        ],
        "defaults": [
            [
                64,
                38
            ]
        ]
    },
    "116": {
        "class": "Isotope",
        "ID": 116,
        "element": "SPIN",
        "infexes": [],
        "freedom": 0,
        "max_count": 137,
        "options": [
            [
                8,
                44,
                54
            ]
        ],
        "defaults": [
            [
                8,
                44,
                54
            ]
        ]
    },
    "117": {
        "class": "Isotope",
        "ID": 117,
        "element": "SPIN",
        "infexes": [],
        "freedom": 0.18001830760102744,
        "max_count": 18,
        "options": [
            [
                87,
                120,
                124
            ],
            [
                114,
                83,
                82
            ]
        ],
        "defaults": [
            [
                114,
                83,
                82
            ]
        ]
    },
    "118": {
        "class": "Isotope",
        "ID": 118,
        "element": "SPIN",
        "infexes": [],
        "freedom": 0.15512711360047782,
        "max_count": 2,
        "options": [
            [
                114,
                102,
                73
            ],
            [
                74,
                120,
                34
            ],
            [
                114,
                119,
                116
            ]
        ],
        "defaults": [
            [
                114,
                102,
                73
            ]
        ]
    },
    "119": {
        "class": "Isotope",
        "ID": 119,
        "element": "GMEAN",
        "infexes": [
            2,
            4
        ],
        "freedom": 0.1450663833489224,
        "max_count": 15,
        "options": [
            [
                9,
                74,
                110,
                90
            ],
            [
                110,
                84
            ]
        ],
        "defaults": [
            [
                110,
                84
            ]
        ]
    },
    "120": {
        "class": "Isotope",
        "ID": 120,
        "element": "SIN",
        "infexes": [],
        "freedom": 0.23156640303225515,
        "max_count": 13,
        "options": [
            [
                119
            ],
            [
                113
            ]
        ],
        "defaults": [
            [
                113
            ]
        ]
    },
    "121": {
        "class": "Isotope",
        "ID": 121,
        "element": "SIN",
        "infexes": [],
        "freedom": 0.014627916589712187,
        "max_count": 8,
        "options": [
            [
                122
            ],
            [
                114
            ]
        ],
        "defaults": [
            [
                122
            ],
            [
                114
            ]
        ]
    },
    "122": {
        "class": "Isotope",
        "ID": 122,
        "element": "SIGMOID",
        "infexes": [],
        "freedom": 0.2281949752564227,
        "max_count": 3,
        "options": [
            [
                109
            ],
            [
                109
            ]
        ],
        "defaults": [
            [
                109
            ],
            [
                109
            ]
        ]
    },
    "123": {
        "class": "Isotope",
        "ID": 123,
        "element": "IT",
        "infexes": [],
        "freedom": 0,
        "max_count": 68,
        "options": [
            [
                12,
                49,
                57,
                44,
                113
            ]
        ],
        "defaults": [
            [
                12,
                49,
                57,
                44,
                113
            ]
        ]
    },
    "124": {
        "class": "Isotope",
        "ID": 124,
        "element": "GMEAN",
        "infexes": [
            2,
            23
        ],
        "freedom": 0.21377178743351327,
        "max_count": 46,
        "options": [
            [
                44,
                59,
                115,
                75,
                49,
                19,
                58,
                94,
                103,
                22,
                111,
                53,
                76,
                19,
                79,
                60,
                73,
                108,
                81,
                121,
                33,
                24,
                40
            ],
            [
                41,
                108,
                41,
                25,
                25,
                114,
                80,
                83,
                18
            ]
        ],
        "defaults": [
            [
                41,
                108,
                41,
                25,
                25,
                114,
                80,
                83,
                18
            ]
        ]
    },
    "125": {
        "class": "Isotope",
        "ID": 125,
        "element": "SIN",
        "infexes": [],
        "freedom": 0.4397894345563688,
        "max_count": 9,
        "options": [
            [
                100
            ],
            [
                60
            ]
        ],
        "defaults": [
            [
                100
            ],
            [
                60
            ]
        ]
    }
}