{
    "0": {
        "class": "Isotope",
        "ID": 0,
        "element": "ROOT_MAIN",
        "infexes": [],
        "freedom": 0.3408816568739706,
        "max_count": 1,
        "options": [
            [
                39
            ],
            [
                45
            ]
        ],
        "defaults": [
            [
                39
            ]
        ]
    },
    "1": {
        "class": "Isotope",
        "ID": 1,
        "element": "ROOT_HUE",
        "infexes": [],
        "freedom": 0.26455212083344826,
        "max_count": 1,
        "options": [
            [
                46
            ],
            [
                41
            ]
        ],
        "defaults": [
            [
                41
            ]
        ]
    },
    "2": {
        "class": "Isotope",
        "ID": 2,
        "element": "ROOT_SAT",
        "infexes": [],
        "freedom": 0.1728042069327559,
        "max_count": 1,
        "options": [
            [
                42
            ],
            [
                41
            ]
        ],
        "defaults": [
            [
                41
            ]
        ]
    },
    "3": {
        "class": "Isotope",
        "ID": 3,
        "element": "ROOT_VAL",
        "infexes": [],
        "freedom": 0.3621710469383716,
        "max_count": 1,
        "options": [
            [
                46
            ],
            [
                39
            ]
        ],
        "defaults": [
            [
                39
            ]
        ]
    },
    "4": {
        "class": "Isotope",
        "ID": 4,
        "element": "ROOT_PAL",
        "infexes": [],
        "freedom": 0.04485944173581796,
        "max_count": 1,
        "options": [
            [
                41
            ],
            [
                45
            ]
        ],
        "defaults": [
            [
                41
            ]
        ]
    },
    "5": {
        "class": "Isotope",
        "ID": 5,
        "element": "ROOT_GRAD",
        "infexes": [],
        "freedom": 0.3953569648134045,
        "max_count": 1,
        "options": [
            [
                42
            ],
            [
                40
            ]
        ],
        "defaults": [
            [
                40
            ]
        ]
    },
    "6": {
        "class": "Isotope",
        "ID": 6,
        "element": "ROOT_TARGET",
        "infexes": [],
        "freedom": 0.315016912134798,
        "max_count": 1,
        "options": [
            [
                39
            ],
            [
                44
            ]
        ],
        "defaults": [
            [
                39
            ]
        ]
    },
    "7": {
        "class": "Isotope",
        "ID": 7,
        "element": "ROOT_AIM",
        "infexes": [],
        "freedom": 0.22441218025239618,
        "max_count": 1,
        "options": [
            [
                46
            ],
            [
                41
            ]
        ],
        "defaults": [
            [
                41
            ]
        ]
    },
    "8": {
        "class": "Isotope",
        "ID": 8,
        "element": "X",
        "infexes": [],
        "freedom": 0,
        "max_count": 30,
        "options": [],
        "defaults": []
    },
    "9": {
        "class": "Isotope",
        "ID": 9,
        "element": "X",
        "infexes": [],
        "freedom": 0,
        "max_count": 3,
        "options": [],
        "defaults": []
    },
    "10": {
        "class": "Isotope",
        "ID": 10,
        "element": "X",
        "infexes": [],
        "freedom": 0,
        "max_count": 26,
        "options": [],
        "defaults": []
    },
    "11": {
        "class": "Isotope",
        "ID": 11,
        "element": "X",
        "infexes": [],
        "freedom": 0,
        "max_count": 40,
        "options": [],
        "defaults": []
    },
    "12": {
        "class": "Isotope",
        "ID": 12,
        "element": "X",
        "infexes": [],
        "freedom": 0,
        "max_count": 54,
        "options": [],
        "defaults": []
    },
    "13": {
        "class": "Isotope",
        "ID": 13,
        "element": "X",
        "infexes": [],
        "freedom": 0,
        "max_count": 7,
        "options": [],
        "defaults": []
    },
    "14": {
        "class": "Isotope",
        "ID": 14,
        "element": "X",
        "infexes": [],
        "freedom": 0,
        "max_count": 32,
        "options": [],
        "defaults": []
    },
    "15": {
        "class": "Isotope",
        "ID": 15,
        "element": "X",
        "infexes": [],
        "freedom": 0,
        "max_count": 59,
        "options": [],
        "defaults": []
    },
    "16": {
        "class": "Isotope",
        "ID": 16,
        "element": "X",
        "infexes": [],
        "freedom": 0,
        "max_count": 16,
        "options": [],
        "defaults": []
    },
    "17": {
        "class": "Isotope",
        "ID": 17,
        "element": "Y",
        "infexes": [],
        "freedom": 0,
        "max_count": 10,
        "options": [],
        "defaults": []
    },
    "18": {
        "class": "Isotope",
        "ID": 18,
        "element": "Y",
        "infexes": [],
        "freedom": 0,
        "max_count": 25,
        "options": [],
        "defaults": []
    },
    "19": {
        "class": "Isotope",
        "ID": 19,
        "element": "Y",
        "infexes": [],
        "freedom": 0,
        "max_count": 1,
        "options": [],
        "defaults": []
    },
    "20": {
        "class": "Isotope",
        "ID": 20,
        "element": "Y",
        "infexes": [],
        "freedom": 0,
        "max_count": 45,
        "options": [],
        "defaults": []
    },
    "21": {
        "class": "Isotope",
        "ID": 21,
        "element": "Y",
        "infexes": [],
        "freedom": 0,
        "max_count": 6,
        "options": [],
        "defaults": []
    },
    "22": {
        "class": "Isotope",
        "ID": 22,
        "element": "Y",
        "infexes": [],
        "freedom": 0,
        "max_count": 14,
        "options": [],
        "defaults": []
    },
    "23": {
        "class": "Isotope",
        "ID": 23,
        "element": "Y",
        "infexes": [],
        "freedom": 0,
        "max_count": 14,
        "options": [],
        "defaults": []
    },
    "24": {
        "class": "Isotope",
        "ID": 24,
        "element": "Y",
        "infexes": [],
        "freedom": 0,
        "max_count": 4,
        "options": [],
        "defaults": []
    },
    "25": {
        "class": "Isotope",
        "ID": 25,
        "element": "Y",
        "infexes": [],
        "freedom": 0,
        "max_count": 18,
        "options": [],
        "defaults": []
    },
    "26": {
        "class": "Isotope",
        "ID": 26,
        "element": "MINX",
        "infexes": [
            2,
            4
        ],
        "freedom": 0.08514380960069093,
        "max_count": 31,
        "options": [
            [
                38,
                11,
                32,
                49
            ],
            [
                9,
                51,
                39
            ]
        ],
        "defaults": [
            [
                9,
                51,
                39
            ]
        ]
    },
    "27": {
        "class": "Isotope",
        "ID": 27,
        "element": "ARCFAN",
        "infexes": [],
        "freedom": 0,
        "max_count": 56,
        "options": [
            [
                15,
                21
            ]
        ],
        "defaults": [
            [
                15,
                21
            ]
        ]
    },
    "28": {
        "class": "Isotope",
        "ID": 28,
        "element": "IT",
        "infexes": [],
        "freedom": 0.1431610433787972,
        "max_count": 16,
        "options": [
            [
                14,
                41,
                30,
                29,
                41
            ],
            [
                30,
                13,
                14,
                17,
                30
            ]
        ],
        "defaults": [
            [
                30,
                13,
                14,
                17,
                30
            ]
        ]
    },
    "29": {
        "class": "Isotope",
        "ID": 29,
        "element": "POWER",
        "infexes": [],
        "freedom": 0.4614436110180488,
        "max_count": 14,
        "options": [
            [
                27,
                37
            ],
            [
                10,
                10
            ]
        ],
        "defaults": [
            [
                10,
                10
            ]
        ]
    },
    "30": {
        "class": "Isotope",
        "ID": 30,
        "element": "RAND",
        "infexes": [],
        "freedom": 0,
        "max_count": 6,
        "options": [
            [
                27
            ]
        ],
        "defaults": [
            [
                27
            ]
        ]
    },
    "31": {
        "class": "Isotope",
        "ID": 31,
        "element": "SPIN",
        "infexes": [],
        "freedom": 0.1228005272933862,
        "max_count": 34,
        "options": [
            [
                11,
                8,
                8
            ],
            [
                16,
                8,
                52
            ]
        ],
        "defaults": [
            [
                11,
                8,
                8
            ]
        ]
    },
    "32": {
        "class": "Isotope",
        "ID": 32,
        "element": "SPIN",
        "infexes": [],
        "freedom": 0.31661272604654056,
        "max_count": 5,
        "options": [
            [
                17,
                29,
                27
            ],
            [
                10,
                16,
                42
            ],
            [
                45,
                27,
                16
            ],
            [
                12,
                22,
                10
            ],
            [
                14,
                21,
                8
            ],
            [
                11,
                37,
                29
            ]
        ],
        "defaults": [
            [
                12,
                22,
                10
            ]
        ]
    },
    "33": {
        "class": "Isotope",
        "ID": 33,
        "element": "ARCFAN",
        "infexes": [],
        "freedom": 0,
        "max_count": 29,
        "options": [
            [
                18,
                17
            ]
        ],
        "defaults": [
            [
                18,
                17
            ]
        ]
    },
    "34": {
        "class": "Isotope",
        "ID": 34,
        "element": "POWER",
        "infexes": [],
        "freedom": 0.14697123580982438,
        "max_count": 26,
        "options": [
            [
                37,
                19
            ],
            [
                20,
                10
            ]
        ],
        "defaults": [
            [
                20,
                10
            ]
        ]
    },
    "35": {
        "class": "Isotope",
        "ID": 35,
        "element": "INV",
        "infexes": [],
        "freedom": 0.2443409177742592,
        "max_count": 126,
        "options": [
            [
                33
            ],
            [
                25
            ],
            [
                18
            ],
            [
                35
            ],
            [
                37
            ],
            [
                34
            ]
        ],
        "defaults": [
            [
                33
            ]
        ]
    },
    "36": {
        "class": "Isotope",
        "ID": 36,
        "element": "IT",
        "infexes": [],
        "freedom": 0.30153136501763556,
        "max_count": 37,
        "options": [
            [
                49,
                24,
                25,
                50,
                45
            ],
            [
                19,
                25,
                48,
                18,
                25
            ]
        ],
        "defaults": [
            [
                19,
                25,
                48,
                18,
                25
            ]
        ]
    },
    "37": {
        "class": "Isotope",
        "ID": 37,
        "element": "POWER",
        "infexes": [],
        "freedom": 0.2805874429471052,
        "max_count": 12,
        "options": [
            [
                33,
                44
            ],
            [
                17,
                48
            ]
        ],
        "defaults": [
            [
                17,
                48
            ]
        ]
    },
    "38": {
        "class": "Isotope",
        "ID": 38,
        "element": "IT",
        "infexes": [],
        "freedom": 0.3319308699878019,
        "max_count": 85,
        "options": [
            [
                10,
                48,
                10,
                25,
                36
            ],
            [
                24,
                25,
                8,
                22,
                14
            ],
            [
                22,
                34,
                12,
                27,
                9
            ]
        ],
        "defaults": [
            [
                24,
                25,
                8,
                22,
                14
            ]
        ]
    },
    "39": {
        "class": "Isotope",
        "ID": 39,
        "element": "POWER",
        "infexes": [],
        "freedom": 0,
        "max_count": 18,
        "options": [
            [
                16,
                24
            ]
        ],
        "defaults": [
            [
                16,
                24
            ]
        ]
    },
    "40": {
        "class": "Isotope",
        "ID": 40,
        "element": "SPIN",
        "infexes": [],
        "freedom": 0,
        "max_count": 2,
        "options": [
            [
                14,
                21,
                11
            ]
        ],
        "defaults": [
            [
                14,
                21,
                11
            ]
        ]
    },
    "41": {
        "class": "Isotope",
        "ID": 41,
        "element": "POWER",
        "infexes": [],
        "freedom": 0,
        "max_count": 162,
        "options": [
            [
                13,
                19
            ]
        ],
        "defaults": [
            [
                13,
                19
            ]
        ]
    },
    "42": {
        "class": "Isotope",
        "ID": 42,
        "element": "SPIN",
        "infexes": [],
        "freedom": 0.41069308143036315,
        "max_count": 10,
        "options": [
            [
                34,
                31,
                25
            ],
            [
                35,
                31,
                32
            ],
            [
                8,
                9,
                37
            ],
            [
                8,
                17,
                15
            ],
            [
                17,
                42,
                9
            ],
            [
                24,
                9,
                22
            ],
            [
                41,
                29,
                37
            ],
            [
                34,
                27,
                44
            ],
            [
                17,
                36,
                32
            ],
            [
                33,
                29,
                13
            ]
        ],
        "defaults": [
            [
                8,
                17,
                15
            ]
        ]
    },
    "43": {
        "class": "Isotope",
        "ID": 43,
        "element": "SPIN",
        "infexes": [],
        "freedom": 0.10066430802899033,
        "max_count": 42,
        "options": [
            [
                47,
                45,
                45
            ],
            [
                39,
                14,
                48
            ],
            [
                31,
                15,
                40
            ],
            [
                43,
                48,
                39
            ]
        ],
        "defaults": [
            [
                39,
                14,
                48
            ]
        ]
    },
    "44": {
        "class": "Isotope",
        "ID": 44,
        "element": "RAND",
        "infexes": [],
        "freedom": 0.1302656546667856,
        "max_count": 18,
        "options": [
            [
                41
            ],
            [
                45
            ]
        ],
        "defaults": [
            [
                41
            ]
        ]
    },
    "45": {
        "class": "Isotope",
        "ID": 45,
        "element": "SIN",
        "infexes": [],
        "freedom": 0.4071195053701518,
        "max_count": 32,
        "options": [
            [
                40
            ],
            [
                44
            ]
        ],
        "defaults": [
            [
                40
            ]
        ]
    },
    "46": {
        "class": "Isotope",
        "ID": 46,
        "element": "SPIN",
        "infexes": [],
        "freedom": 0.48811624977680285,
        "max_count": 97,
        "options": [
            [
                40,
                11,
                21
            ],
            [
                12,
                43,
                42
            ]
        ],
        "defaults": [
            [
                40,
                11,
                21
            ]
        ]
    },
    "47": {
        "class": "Isotope",
        "ID": 47,
        "element": "MINX",
        "infexes": [
            4,
            5
        ],
        "freedom": 0.5998134811291891,
        "max_count": 7,
        "options": [
            [
                39,
                16,
                25,
                21
            ],
            [
                24,
                30,
                52,
                15,
                52
            ]
        ],
        "defaults": [
            [
                39,
                16,
                25,
                21
            ]
        ]
    },
    "48": {
        "class": "Isotope",
        "ID": 48,
        "element": "INV",
        "infexes": [],
        "freedom": 0,
        "max_count": 38,
        "options": [
            [
                13
            ]
        ],
        "defaults": [
            [
                13
            ]
        ]
    },
    "49": {
        "class": "Isotope",
        "ID": 49,
        "element": "SPIN",
        "infexes": [],
        "freedom": 0.49432512645143056,
        "max_count": 4,
        "options": [
            [
                10,
                27,
                12
            ],
            [
                20,
                9,
                28
            ]
        ],
        "defaults": [
            [
                10,
                27,
                12
            ]
        ]
    },
    "50": {
        "class": "Isotope",
        "ID": 50,
        "element": "MINX",
        "infexes": [
            2,
            9
        ],
        "freedom": 0.8284999886081643,
        "max_count": 5,
        "options": [
            [
                35,
                22,
                20,
                35,
                28,
                14,
                37,
                52,
                47
            ],
            [
                49,
                44,
                15,
                38,
                38,
                23,
                15,
                9,
                48
            ],
            [
                23,
                17,
                33
            ]
        ],
        "defaults": [
            [
                23,
                17,
                33
            ]
        ]
    },
    "51": {
        "class": "Isotope",
        "ID": 51,
        "element": "RAND",
        "infexes": [],
        "freedom": 0,
        "max_count": 2,
        "options": [
            [
                13
            ]
        ],
        "defaults": [
            [
                13
            ]
        ]
    },
    "52": {
        "class": "Isotope",
        "ID": 52,
        "element": "POW",
        "infexes": [],
        "freedom": 0.29909715676211,
        "max_count": 175,
        "options": [
            [
                11
            ],
            [
                26
            ],
            [
                10
            ]
        ],
        "defaults": [
            [
                10
            ]
        ]
    }
}