{
    "0": {
        "class": "Isotope",
        "ID": 0,
        "element": "ROOT_MAIN",
        "infexes": [],
        "freedom": 0.10111432315518698,
        "max_count": 1,
        "options": [
            [
                19
            ],
            [
                17
            ]
        ],
        "defaults": [
            [
                17
            ]
        ]
    },
    "1": {
        "class": "Isotope",
        "ID": 1,
        "element": "ROOT_HUE",
        "infexes": [],
        "freedom": 0.26840027288455603,
        "max_count": 1,
        "options": [
            [
                17
            ],
            [
                19
            ]
        ],
        "defaults": [
            [
                17
            ]
        ]
    },
    "2": {
        "class": "Isotope",
        "ID": 2,
        "element": "ROOT_SAT",
        "infexes": [],
        "freedom": 0.3708598474205079,
        "max_count": 1,
        "options": [
            [
                17
            ],
            [
                17
            ]
        ],
        "defaults": [
            [
                17
            ]
        ]
    },
    "3": {
        "class": "Isotope",
        "ID": 3,
        "element": "ROOT_VAL",
        "infexes": [],
        "freedom": 0.38644708187218013,
        "max_count": 1,
        "options": [
            [
                18
            ],
            [
                17
            ]
        ],
        "defaults": [
            [
                17
            ]
        ]
    },
    "4": {
        "class": "Isotope",
        "ID": 4,
        "element": "ROOT_PAL",
        "infexes": [],
        "freedom": 0.24945539636594818,
        "max_count": 1,
        "options": [
            [
                19
            ],
            [
                17
            ]
        ],
        "defaults": [
            [
                17
            ]
        ]
    },
    "5": {
        "class": "Isotope",
        "ID": 5,
        "element": "ROOT_GRAD",
        "infexes": [],
        "freedom": 0.24127228012247331,
        "max_count": 1,
        "options": [
            [
                17
            ],
            [
                19
            ],
            [
                18
            ],
            [
                17
            ],
            [
                18
            ],
            [
                17
            ],
            [
                18
            ],
            [
                18
            ],
            [
                18
            ],
            [
                18
            ],
            [
                19
            ],
            [
                18
            ],
            [
                17
            ]
        ],
        "defaults": [
            [
                17
            ]
        ]
    },
    "6": {
        "class": "Isotope",
        "ID": 6,
        "element": "ROOT_TARGET",
        "infexes": [],
        "freedom": 0.10840538571335911,
        "max_count": 1,
        "options": [
            [
                17
            ],
            [
                17
            ]
        ],
        "defaults": [
            [
                17
            ]
        ]
    },
    "7": {
        "class": "Isotope",
        "ID": 7,
        "element": "ROOT_AIM",
        "infexes": [],
        "freedom": 0.2591381147914987,
        "max_count": 1,
        "options": [
            [
                17
            ],
            [
                19
            ]
        ],
        "defaults": [
            [
                17
            ]
        ]
    },
    "8": {
        "class": "Isotope",
        "ID": 8,
        "element": "X",
        "infexes": [],
        "freedom": 0,
        "max_count": 20,
        "options": [],
        "defaults": []
    },
    "9": {
        "class": "Isotope",
        "ID": 9,
        "element": "X",
        "infexes": [],
        "freedom": 0,
        "max_count": 1,
        "options": [],
        "defaults": []
    },
    "10": {
        "class": "Isotope",
        "ID": 10,
        "element": "X",
        "infexes": [],
        "freedom": 0,
        "max_count": 148,
        "options": [],
        "defaults": []
    },
    "11": {
        "class": "Isotope",
        "ID": 11,
        "element": "X",
        "infexes": [],
        "freedom": 0,
        "max_count": 10,
        "options": [],
        "defaults": []
    },
    "12": {
        "class": "Isotope",
        "ID": 12,
        "element": "X",
        "infexes": [],
        "freedom": 0,
        "max_count": 11,
        "options": [],
        "defaults": []
    },
    "13": {
        "class": "Isotope",
        "ID": 13,
        "element": "Y",
        "infexes": [],
        "freedom": 0,
        "max_count": 10,
        "options": [],
        "defaults": []
    },
    "14": {
        "class": "Isotope",
        "ID": 14,
        "element": "Y",
        "infexes": [],
        "freedom": 0,
        "max_count": 73,
        "options": [],
        "defaults": []
    },
    "15": {
        "class": "Isotope",
        "ID": 15,
        "element": "Y",
        "infexes": [],
        "freedom": 0,
        "max_count": 1,
        "options": [],
        "defaults": []
    },
    "16": {
        "class": "Isotope",
        "ID": 16,
        "element": "Y",
        "infexes": [],
        "freedom": 0,
        "max_count": 6,
        "options": [],
        "defaults": []
    },
    "17": {
        "class": "Isotope",
        "ID": 17,
        "element": "POWER",
        "infexes": [],
        "freedom": 0.210604763293858,
        "max_count": 2,
        "options": [
            [
                15,
                10
            ],
            [
                8,
                13
            ],
            [
                16,
                8
            ]
        ],
        "defaults": [
            [
                15,
                10
            ],
            [
                8,
                13
            ],
            [
                16,
                8
            ]
        ]
    },
    "18": {
        "class": "Isotope",
        "ID": 18,
        "element": "SIN",
        "infexes": [],
        "freedom": 0.23700659682022954,
        "max_count": 31,
        "options": [
            [
                18
            ],
            [
                19
            ],
            [
                17
            ],
            [
                17
            ]
        ],
        "defaults": [
            [
                17
            ]
        ]
    },
    "19": {
        "class": "Isotope",
        "ID": 19,
        "element": "MINX",
        "infexes": [
            2,
            3
        ],
        "freedom": 0.49632930337047987,
        "max_count": 12,
        "options": [
            [
                12,
                18,
                11
            ],
            [
                17,
                9,
                14
            ]
        ],
        "defaults": [
            [
                17,
                9,
                14
            ]
        ]
    }
}