{
    "0": {
        "class": "Isotope",
        "ID": 0,
        "element": "ROOT_MAIN",
        "infexes": [],
        "freedom": 0.31460071018379304,
        "max_count": 1,
        "options": [
            [
                40
            ],
            [
                43
            ],
            [
                38
            ],
            [
                38
            ],
            [
                43
            ]
        ],
        "defaults": [
            [
                38
            ]
        ]
    },
    "1": {
        "class": "Isotope",
        "ID": 1,
        "element": "ROOT_HUE",
        "infexes": [],
        "freedom": 0.3629952361161131,
        "max_count": 1,
        "options": [
            [
                43
            ],
            [
                43
            ]
        ],
        "defaults": [
            [
                43
            ]
        ]
    },
    "2": {
        "class": "Isotope",
        "ID": 2,
        "element": "ROOT_SAT",
        "infexes": [],
        "freedom": 0.8977663055423843,
        "max_count": 1,
        "options": [
            [
                38
            ],
            [
                38
            ]
        ],
        "defaults": [
            [
                38
            ]
        ]
    },
    "3": {
        "class": "Isotope",
        "ID": 3,
        "element": "ROOT_VAL",
        "infexes": [],
        "freedom": 0.49233406026330934,
        "max_count": 1,
        "options": [
            [
                38
            ],
            [
                38
            ]
        ],
        "defaults": [
            [
                38
            ]
        ]
    },
    "4": {
        "class": "Isotope",
        "ID": 4,
        "element": "ROOT_PAL",
        "infexes": [],
        "freedom": 0.11609636220265421,
        "max_count": 1,
        "options": [
            [
                45
            ],
            [
                39
            ],
            [
                47
            ],
            [
                46
            ],
            [
                38
            ]
        ],
        "defaults": [
            [
                38
            ]
        ]
    },
    "5": {
        "class": "Isotope",
        "ID": 5,
        "element": "ROOT_GRAD",
        "infexes": [],
        "freedom": 0.011921136172708402,
        "max_count": 1,
        "options": [
            [
                41
            ],
            [
                38
            ]
        ],
        "defaults": [
            [
                38
            ]
        ]
    },
    "6": {
        "class": "Isotope",
        "ID": 6,
        "element": "ROOT_TARGET",
        "infexes": [],
        "freedom": 0.3039302829726936,
        "max_count": 1,
        "options": [
            [
                43
            ],
            [
                42
            ]
        ],
        "defaults": [
            [
                43
            ]
        ]
    },
    "7": {
        "class": "Isotope",
        "ID": 7,
        "element": "ROOT_AIM",
        "infexes": [],
        "freedom": 0.07817806028506494,
        "max_count": 1,
        "options": [
            [
                47
            ],
            [
                38
            ]
        ],
        "defaults": [
            [
                38
            ]
        ]
    },
    "8": {
        "class": "Isotope",
        "ID": 8,
        "element": "X",
        "infexes": [],
        "freedom": 0,
        "max_count": 182,
        "options": [],
        "defaults": []
    },
    "9": {
        "class": "Isotope",
        "ID": 9,
        "element": "X",
        "infexes": [],
        "freedom": 0,
        "max_count": 81,
        "options": [],
        "defaults": []
    },
    "10": {
        "class": "Isotope",
        "ID": 10,
        "element": "X",
        "infexes": [],
        "freedom": 0,
        "max_count": 15,
        "options": [],
        "defaults": []
    },
    "11": {
        "class": "Isotope",
        "ID": 11,
        "element": "X",
        "infexes": [],
        "freedom": 0,
        "max_count": 186,
        "options": [],
        "defaults": []
    },
    "12": {
        "class": "Isotope",
        "ID": 12,
        "element": "X",
        "infexes": [],
        "freedom": 0,
        "max_count": 7,
        "options": [],
        "defaults": []
    },
    "13": {
        "class": "Isotope",
        "ID": 13,
        "element": "X",
        "infexes": [],
        "freedom": 0,
        "max_count": 5,
        "options": [],
        "defaults": []
    },
    "14": {
        "class": "Isotope",
        "ID": 14,
        "element": "X",
        "infexes": [],
        "freedom": 0,
        "max_count": 12,
        "options": [],
        "defaults": []
    },
    "15": {
        "class": "Isotope",
        "ID": 15,
        "element": "X",
        "infexes": [],
        "freedom": 0,
        "max_count": 3,
        "options": [],
        "defaults": []
    },
    "16": {
        "class": "Isotope",
        "ID": 16,
        "element": "X",
        "infexes": [],
        "freedom": 0,
        "max_count": 21,
        "options": [],
        "defaults": []
    },
    "17": {
        "class": "Isotope",
        "ID": 17,
        "element": "Y",
        "infexes": [],
        "freedom": 0,
        "max_count": 25,
        "options": [],
        "defaults": []
    },
    "18": {
        "class": "Isotope",
        "ID": 18,
        "element": "Y",
        "infexes": [],
        "freedom": 0,
        "max_count": 26,
        "options": [],
        "defaults": []
    },
    "19": {
        "class": "Isotope",
        "ID": 19,
        "element": "Y",
        "infexes": [],
        "freedom": 0,
        "max_count": 4,
        "options": [],
        "defaults": []
    },
    "20": {
        "class": "Isotope",
        "ID": 20,
        "element": "Y",
        "infexes": [],
        "freedom": 0,
        "max_count": 9,
        "options": [],
        "defaults": []
    },
    "21": {
        "class": "Isotope",
        "ID": 21,
        "element": "Y",
        "infexes": [],
        "freedom": 0,
        "max_count": 13,
        "options": [],
        "defaults": []
    },
    "22": {
        "class": "Isotope",
        "ID": 22,
        "element": "Y",
        "infexes": [],
        "freedom": 0,
        "max_count": 20,
        "options": [],
        "defaults": []
    },
    "23": {
        "class": "Isotope",
        "ID": 23,
        "element": "Y",
        "infexes": [],
        "freedom": 0,
        "max_count": 43,
        "options": [],
        "defaults": []
    },
    "24": {
        "class": "Isotope",
        "ID": 24,
        "element": "Y",
        "infexes": [],
        "freedom": 0,
        "max_count": 6,
        "options": [],
        "defaults": []
    },
    "25": {
        "class": "Isotope",
        "ID": 25,
        "element": "Y",
        "infexes": [],
        "freedom": 0,
        "max_count": 22,
        "options": [],
        "defaults": []
    },
    "26": {
        "class": "Isotope",
        "ID": 26,
        "element": "MINX",
        "infexes": [
            2,
            5
        ],
        "freedom": 0.6601942148377178,
        "max_count": 7,
        "options": [
            [
                29,
                21,
                9,
                19,
                22
            ],
            [
                29,
                49,
                41,
                17,
                22
            ]
        ],
        "defaults": [
            [
                29,
                21,
                9,
                19,
                22
            ]
        ]
    },
    "27": {
        "class": "Isotope",
        "ID": 27,
        "element": "AMEAN",
        "infexes": [
            3,
            3
        ],
        "freedom": 0.15940262975897798,
        "max_count": 20,
        "options": [
            [
                9,
                8,
                18
            ],
            [
                30,
                49,
                48
            ]
        ],
        "defaults": [
            [
                9,
                8,
                18
            ]
        ]
    },
    "28": {
        "class": "Isotope",
        "ID": 28,
        "element": "MINX",
        "infexes": [
            5,
            5
        ],
        "freedom": 0.16881354481687752,
        "max_count": 2,
        "options": [
            [
                10,
                48,
                38,
                35,
                21
            ],
            [
                49,
                30,
                30,
                31,
                32
            ]
        ],
        "defaults": [
            [
                10,
                48,
                38,
                35,
                21
            ]
        ]
    },
    "29": {
        "class": "Isotope",
        "ID": 29,
        "element": "SPIN",
        "infexes": [],
        "freedom": 0,
        "max_count": 3,
        "options": [
            [
                12,
                25,
                13
            ]
        ],
        "defaults": [
            [
                12,
                25,
                13
            ]
        ]
    },
    "30": {
        "class": "Isotope",
        "ID": 30,
        "element": "GMEAN",
        "infexes": [
            2,
            3
        ],
        "freedom": 0.1567115332621085,
        "max_count": 6,
        "options": [
            [
                27,
                31,
                38
            ],
            [
                16,
                23
            ]
        ],
        "defaults": [
            [
                16,
                23
            ]
        ]
    },
    "31": {
        "class": "Isotope",
        "ID": 31,
        "element": "GMEAN",
        "infexes": [
            4,
            5
        ],
        "freedom": 0.3836166838666287,
        "max_count": 8,
        "options": [
            [
                10,
                12,
                11,
                19
            ],
            [
                13,
                14,
                32,
                20,
                32
            ]
        ],
        "defaults": [
            [
                10,
                12,
                11,
                19
            ]
        ]
    },
    "32": {
        "class": "Isotope",
        "ID": 32,
        "element": "INV",
        "infexes": [],
        "freedom": 0.15130252132888705,
        "max_count": 25,
        "options": [
            [
                10
            ],
            [
                28
            ],
            [
                14
            ]
        ],
        "defaults": [
            [
                14
            ]
        ]
    },
    "33": {
        "class": "Isotope",
        "ID": 33,
        "element": "POWER",
        "infexes": [],
        "freedom": 0.315205627978264,
        "max_count": 26,
        "options": [
            [
                42,
                25
            ],
            [
                21,
                29
            ]
        ],
        "defaults": [
            [
                21,
                29
            ]
        ]
    },
    "34": {
        "class": "Isotope",
        "ID": 34,
        "element": "AMEAN",
        "infexes": [
            2,
            4
        ],
        "freedom": 0.224335234339083,
        "max_count": 11,
        "options": [
            [
                21,
                25
            ],
            [
                50,
                34,
                36,
                26
            ]
        ],
        "defaults": [
            [
                21,
                25
            ]
        ]
    },
    "35": {
        "class": "Isotope",
        "ID": 35,
        "element": "ARCFAN",
        "infexes": [],
        "freedom": 0,
        "max_count": 1,
        "options": [
            [
                17,
                24
            ]
        ],
        "defaults": [
            [
                17,
                24
            ]
        ]
    },
    "36": {
        "class": "Isotope",
        "ID": 36,
        "element": "AMEAN",
        "infexes": [
            2,
            3
        ],
        "freedom": 0.46822222753099874,
        "max_count": 66,
        "options": [
            [
                8,
                51,
                36
            ],
            [
                35,
                20,
                35
            ]
        ],
        "defaults": [
            [
                35,
                20,
                35
            ]
        ]
    },
    "37": {
        "class": "Isotope",
        "ID": 37,
        "element": "MINX",
        "infexes": [
            2,
            5
        ],
        "freedom": 0.20367194311596348,
        "max_count": 17,
        "options": [
            [
                32,
                43,
                14,
                39,
                24
            ],
            [
                18,
                13,
                16,
                48
            ]
        ],
        "defaults": [
            [
                18,
                13,
                16,
                48
            ]
        ]
    },
    "38": {
        "class": "Isotope",
        "ID": 38,
        "element": "POWER",
        "infexes": [],
        "freedom": 0.37524709300761083,
        "max_count": 96,
        "options": [
            [
                9,
                24
            ],
            [
                15,
                17
            ],
            [
                9,
                18
            ],
            [
                23,
                16
            ],
            [
                10,
                18
            ],
            [
                10,
                23
            ],
            [
                10,
                17
            ],
            [
                22,
                14
            ],
            [
                19,
                9
            ],
            [
                17,
                13
            ],
            [
                19,
                14
            ],
            [
                8,
                20
            ],
            [
                25,
                10
            ]
        ],
        "defaults": [
            [
                9,
                24
            ],
            [
                15,
                17
            ],
            [
                9,
                18
            ],
            [
                23,
                16
            ],
            [
                10,
                18
            ],
            [
                10,
                23
            ],
            [
                10,
                17
            ],
            [
                22,
                14
            ],
            [
                19,
                9
            ],
            [
                17,
                13
            ],
            [
                19,
                14
            ],
            [
                8,
                20
            ],
            [
                25,
                10
            ]
        ]
    },
    "39": {
        "class": "Isotope",
        "ID": 39,
        "element": "SPIN",
        "infexes": [],
        "freedom": 0.2640963404694818,
        "max_count": 43,
        "options": [
            [
                15,
                19,
                35
            ],
            [
                11,
                18,
                11
            ],
            [
                10,
                23,
                49
            ],
            [
                15,
                34,
                11
            ]
        ],
        "defaults": [
            [
                10,
                23,
                49
            ]
        ]
    },
    "40": {
        "class": "Isotope",
        "ID": 40,
        "element": "POWER",
        "infexes": [],
        "freedom": 0.47154120378037373,
        "max_count": 6,
        "options": [
            [
                31,
                22
            ],
            [
                10,
                19
            ],
            [
                30,
                19
            ]
        ],
        "defaults": [
            [
                10,
                19
            ]
        ]
    },
    "41": {
        "class": "Isotope",
        "ID": 41,
        "element": "MINX",
        "infexes": [
            2,
            6
        ],
        "freedom": 0.1746769643382808,
        "max_count": 15,
        "options": [
            [
                22,
                23,
                42,
                10,
                14,
                9
            ],
            [
                18,
                10,
                8,
                21,
                32,
                13
            ],
            [
                42,
                52,
                34,
                42,
                13,
                32
            ],
            [
                41,
                25,
                8,
                29,
                32,
                25
            ],
            [
                20,
                23,
                35,
                30,
                16,
                19
            ],
            [
                20,
                16,
                27,
                23,
                24,
                8
            ],
            [
                41,
                36,
                34,
                52,
                9,
                27
            ],
            [
                34,
                37,
                52,
                13,
                10,
                26
            ],
            [
                22,
                22,
                13,
                16,
                30,
                16
            ],
            [
                47,
                22,
                9,
                23,
                21,
                39
            ],
            [
                32,
                48,
                11,
                11,
                21,
                20
            ],
            [
                15,
                23,
                21,
                49,
                38
            ],
            [
                29,
                53,
                15,
                28,
                48,
                18
            ],
            [
                22,
                21,
                23,
                13,
                28,
                35
            ],
            [
                54,
                41,
                33,
                37,
                17,
                16
            ],
            [
                53,
                8,
                24,
                39,
                25,
                17
            ]
        ],
        "defaults": [
            [
                15,
                23,
                21,
                49,
                38
            ]
        ]
    },
    "42": {
        "class": "Isotope",
        "ID": 42,
        "element": "MINX",
        "infexes": [
            3,
            4
        ],
        "freedom": 0.15014007185287098,
        "max_count": 43,
        "options": [
            [
                18,
                24,
                37,
                11
            ],
            [
                16,
                17,
                18,
                20
            ]
        ],
        "defaults": [
            [
                16,
                17,
                18,
                20
            ]
        ]
    },
    "43": {
        "class": "Isotope",
        "ID": 43,
        "element": "SPIN",
        "infexes": [],
        "freedom": 0,
        "max_count": 37,
        "options": [
            [
                19,
                48,
                38
            ]
        ],
        "defaults": [
            [
                19,
                48,
                38
            ]
        ]
    },
    "44": {
        "class": "Isotope",
        "ID": 44,
        "element": "SPIN",
        "infexes": [],
        "freedom": 0.33006091047549097,
        "max_count": 23,
        "options": [
            [
                51,
                41,
                50
            ],
            [
                14,
                42,
                21
            ],
            [
                43,
                43,
                13
            ]
        ],
        "defaults": [
            [
                43,
                43,
                13
            ]
        ]
    },
    "45": {
        "class": "Isotope",
        "ID": 45,
        "element": "AMEAN",
        "infexes": [
            3,
            3
        ],
        "freedom": 0.08685596856061953,
        "max_count": 40,
        "options": [
            [
                40,
                50,
                47
            ],
            [
                13,
                46,
                40
            ],
            [
                43,
                24,
                11
            ]
        ],
        "defaults": [
            [
                43,
                24,
                11
            ]
        ]
    },
    "46": {
        "class": "Isotope",
        "ID": 46,
        "element": "GMEAN",
        "infexes": [
            2,
            4
        ],
        "freedom": 0.34102965775424593,
        "max_count": 26,
        "options": [
            [
                38,
                23
            ],
            [
                24,
                39,
                41,
                52
            ],
            [
                21,
                41,
                10,
                54
            ],
            [
                16,
                36,
                40,
                14
            ]
        ],
        "defaults": [
            [
                38,
                23
            ]
        ]
    },
    "47": {
        "class": "Isotope",
        "ID": 47,
        "element": "SPIN",
        "infexes": [],
        "freedom": 0.45780450073230117,
        "max_count": 24,
        "options": [
            [
                49,
                30,
                47
            ],
            [
                38,
                22,
                17
            ]
        ],
        "defaults": [
            [
                38,
                22,
                17
            ]
        ]
    },
    "48": {
        "class": "Isotope",
        "ID": 48,
        "element": "INV",
        "infexes": [],
        "freedom": 0,
        "max_count": 19,
        "options": [
            [
                24
            ]
        ],
        "defaults": [
            [
                24
            ]
        ]
    },
    "49": {
        "class": "Isotope",
        "ID": 49,
        "element": "INV",
        "infexes": [],
        "freedom": 0.9237254179906117,
        "max_count": 38,
        "options": [
            [
                11
            ],
            [
                18
            ]
        ],
        "defaults": [
            [
                11
            ],
            [
                18
            ]
        ]
    },
    "50": {
        "class": "Isotope",
        "ID": 50,
        "element": "GMEAN",
        "infexes": [
            3,
            4
        ],
        "freedom": 0.3376027261439899,
        "max_count": 42,
        "options": [
            [
                25,
                11,
                18,
                14
            ],
            [
                18,
                31,
                20,
                10
            ]
        ],
        "defaults": [
            [
                25,
                11,
                18,
                14
            ]
        ]
    },
    "51": {
        "class": "Isotope",
        "ID": 51,
        "element": "SPIN",
        "infexes": [],
        "freedom": 0.38966573729739773,
        "max_count": 41,
        "options": [
            [
                12,
                13,
                15
            ],
            [
                13,
                29,
                38
            ],
            [
                51,
                44,
                19
            ],
            [
                15,
                9,
                14
            ],
            [
                51,
                37,
                53
            ],
            [
                36,
                18,
                32
            ],
            [
                13,
                14,
                11
            ]
        ],
        "defaults": [
            [
                15,
                9,
                14
            ]
        ]
    },
    "52": {
        "class": "Isotope",
        "ID": 52,
        "element": "SPIN",
        "infexes": [],
        "freedom": 0.24747822252200308,
        "max_count": 16,
        "options": [
            [
                43,
                26,
                10
            ],
            [
                49,
                35,
                24
            ],
            [
                10,
                17,
                36
            ]
        ],
        "defaults": [
            [
                49,
                35,
                24
            ]
        ]
    },
    "53": {
        "class": "Isotope",
        "ID": 53,
        "element": "MINX",
        "infexes": [
            3,
            5
        ],
        "freedom": 0.4809716671228593,
        "max_count": 14,
        "options": [
            [
                48,
                13,
                8,
                8
            ],
            [
                26,
                25,
                20,
                21,
                21
            ]
        ],
        "defaults": [
            [
                48,
                13,
                8,
                8
            ]
        ]
    },
    "54": {
        "class": "Isotope",
        "ID": 54,
        "element": "MINX",
        "infexes": [
            5,
            7
        ],
        "freedom": 0.5508447604030732,
        "max_count": 9,
        "options": [
            [
                16,
                14,
                30,
                54,
                35,
                14,
                31
            ],
            [
                43,
                15,
                22,
                9,
                8
            ]
        ],
        "defaults": [
            [
                43,
                15,
                22,
                9,
                8
            ]
        ]
    }
}