{
    "0": {
        "class": "Isotope",
        "ID": 0,
        "element": "ROOT_MAIN",
        "infexes": [],
        "freedom": 0.11251971853207017,
        "max_count": 1,
        "options": [
            [
                30
            ],
            [
                29
            ]
        ],
        "defaults": [
            [
                29
            ]
        ]
    },
    "1": {
        "class": "Isotope",
        "ID": 1,
        "element": "ROOT_HUE",
        "infexes": [],
        "freedom": 0.1925585789985671,
        "max_count": 1,
        "options": [
            [
                33
            ],
            [
                27
            ]
        ],
        "defaults": [
            [
                33
            ]
        ]
    },
    "2": {
        "class": "Isotope",
        "ID": 2,
        "element": "ROOT_SAT",
        "infexes": [],
        "freedom": 0.1467236127815016,
        "max_count": 1,
        "options": [
            [
                31
            ],
            [
                26
            ],
            [
                26
            ],
            [
                37
            ],
            [
                31
            ],
            [
                34
            ],
            [
                30
            ],
            [
                32
            ],
            [
                28
            ],
            [
                29
            ],
            [
                27
            ]
        ],
        "defaults": [
            [
                29
            ]
        ]
    },
    "3": {
        "class": "Isotope",
        "ID": 3,
        "element": "ROOT_VAL",
        "infexes": [],
        "freedom": 0.33382823204994055,
        "max_count": 1,
        "options": [
            [
                31
            ],
            [
                35
            ],
            [
                29
            ]
        ],
        "defaults": [
            [
                29
            ]
        ]
    },
    "4": {
        "class": "Isotope",
        "ID": 4,
        "element": "ROOT_PAL",
        "infexes": [],
        "freedom": 0.3154724720989434,
        "max_count": 1,
        "options": [
            [
                26
            ],
            [
                26
            ]
        ],
        "defaults": [
            [
                26
            ]
        ]
    },
    "5": {
        "class": "Isotope",
        "ID": 5,
        "element": "ROOT_GRAD",
        "infexes": [],
        "freedom": 0.3967133047670429,
        "max_count": 1,
        "options": [
            [
                32
            ],
            [
                31
            ]
        ],
        "defaults": [
            [
                31
            ]
        ]
    },
    "6": {
        "class": "Isotope",
        "ID": 6,
        "element": "X",
        "infexes": [],
        "freedom": 0,
        "max_count": 33,
        "options": [],
        "defaults": []
    },
    "7": {
        "class": "Isotope",
        "ID": 7,
        "element": "X",
        "infexes": [],
        "freedom": 0,
        "max_count": 60,
        "options": [],
        "defaults": []
    },
    "8": {
        "class": "Isotope",
        "ID": 8,
        "element": "Y",
        "infexes": [],
        "freedom": 0,
        "max_count": 75,
        "options": [],
        "defaults": []
    },
    "9": {
        "class": "Isotope",
        "ID": 9,
        "element": "Y",
        "infexes": [],
        "freedom": 0,
        "max_count": 16,
        "options": [],
        "defaults": []
    },
    "10": {
        "class": "Isotope",
        "ID": 10,
        "element": "Y",
        "infexes": [],
        "freedom": 0,
        "max_count": 23,
        "options": [],
        "defaults": []
    },
    "11": {
        "class": "Isotope",
        "ID": 11,
        "element": "Y",
        "infexes": [],
        "freedom": 0,
        "max_count": 33,
        "options": [],
        "defaults": []
    },
    "12": {
        "class": "Isotope",
        "ID": 12,
        "element": "Y",
        "infexes": [],
        "freedom": 0,
        "max_count": 5,
        "options": [],
        "defaults": []
    },
    "13": {
        "class": "Isotope",
        "ID": 13,
        "element": "Y",
        "infexes": [],
        "freedom": 0,
        "max_count": 1,
        "options": [],
        "defaults": []
    },
    "14": {
        "class": "Isotope",
        "ID": 14,
        "element": "ARCFAN",
        "infexes": [],
        "freedom": 0.2674898001440646,
        "max_count": 2,
        "options": [
            [
                42,
                22
            ],
            [
                31,
                14
            ]
        ],
        "defaults": [
            [
                42,
                22
            ]
        ]
    },
    "15": {
        "class": "Isotope",
        "ID": 15,
        "element": "POW",
        "infexes": [],
        "freedom": 0.2895380640467646,
        "max_count": 8,
        "options": [
            [
                19
            ],
            [
                17
            ],
            [
                42
            ]
        ],
        "defaults": [
            [
                42
            ]
        ]
    },
    "16": {
        "class": "Isotope",
        "ID": 16,
        "element": "ARCFAN",
        "infexes": [],
        "freedom": 0.4096061027076051,
        "max_count": 26,
        "options": [
            [
                15,
                34
            ],
            [
                18,
                43
            ]
        ],
        "defaults": [
            [
                18,
                43
            ]
        ]
    },
    "17": {
        "class": "Isotope",
        "ID": 17,
        "element": "INV",
        "infexes": [],
        "freedom": 0,
        "max_count": 27,
        "options": [
            [
                42
            ]
        ],
        "defaults": [
            [
                42
            ]
        ]
    },
    "18": {
        "class": "Isotope",
        "ID": 18,
        "element": "INV",
        "infexes": [],
        "freedom": 0,
        "max_count": 31,
        "options": [
            [
                42
            ]
        ],
        "defaults": [
            [
                42
            ]
        ]
    },
    "19": {
        "class": "Isotope",
        "ID": 19,
        "element": "GMEAN",
        "infexes": [
            6,
            8
        ],
        "freedom": 0.22057307423892317,
        "max_count": 19,
        "options": [
            [
                42,
                43,
                42,
                18,
                33,
                33
            ],
            [
                42,
                42,
                20,
                36,
                23,
                33,
                17,
                24
            ]
        ],
        "defaults": [
            [
                42,
                43,
                42,
                18,
                33,
                33
            ]
        ]
    },
    "20": {
        "class": "Isotope",
        "ID": 20,
        "element": "GMEAN",
        "infexes": [
            9,
            29
        ],
        "freedom": 0.14164278068258035,
        "max_count": 11,
        "options": [
            [
                43,
                31,
                17,
                22,
                42,
                25,
                43,
                17,
                24,
                43,
                31,
                43,
                43,
                42,
                17,
                17,
                42,
                43,
                33,
                33,
                25
            ],
            [
                26,
                25,
                37,
                19,
                17,
                33,
                43,
                28,
                33,
                32,
                37,
                30,
                16,
                21,
                32,
                43,
                18,
                43,
                22,
                42,
                42,
                35,
                43,
                17,
                27,
                20,
                23,
                42,
                40
            ]
        ],
        "defaults": [
            [
                43,
                31,
                17,
                22,
                42,
                25,
                43,
                17,
                24,
                43,
                31,
                43,
                43,
                42,
                17,
                17,
                42,
                43,
                33,
                33,
                25
            ]
        ]
    },
    "21": {
        "class": "Isotope",
        "ID": 21,
        "element": "AMEAN",
        "infexes": [
            3,
            6
        ],
        "freedom": 0.2726266805248725,
        "max_count": 44,
        "options": [
            [
                43,
                33,
                43,
                42,
                33
            ],
            [
                18,
                34,
                24,
                43,
                39,
                17
            ]
        ],
        "defaults": [
            [
                43,
                33,
                43,
                42,
                33
            ]
        ]
    },
    "22": {
        "class": "Isotope",
        "ID": 22,
        "element": "SIGMOID",
        "infexes": [],
        "freedom": 0,
        "max_count": 44,
        "options": [
            [
                24
            ]
        ],
        "defaults": [
            [
                24
            ]
        ]
    },
    "23": {
        "class": "Isotope",
        "ID": 23,
        "element": "ARCFAN",
        "infexes": [],
        "freedom": 0.7892576231484584,
        "max_count": 30,
        "options": [
            [
                22,
                24
            ],
            [
                14,
                43
            ]
        ],
        "defaults": [
            [
                22,
                24
            ]
        ]
    },
    "24": {
        "class": "Isotope",
        "ID": 24,
        "element": "SIGMOID",
        "infexes": [],
        "freedom": 0.24668372509003664,
        "max_count": 16,
        "options": [
            [
                43
            ],
            [
                43
            ]
        ],
        "defaults": [
            [
                43
            ],
            [
                43
            ]
        ]
    },
    "25": {
        "class": "Isotope",
        "ID": 25,
        "element": "INV",
        "infexes": [],
        "freedom": 0.13032982076850033,
        "max_count": 2,
        "options": [
            [
                43
            ],
            [
                43
            ],
            [
                43
            ]
        ],
        "defaults": [
            [
                43
            ],
            [
                43
            ],
            [
                43
            ]
        ]
    },
    "26": {
        "class": "Isotope",
        "ID": 26,
        "element": "POWER",
        "infexes": [],
        "freedom": 0.3046448080369468,
        "max_count": 53,
        "options": [
            [
                43,
                42
            ],
            [
                42,
                43
            ]
        ],
        "defaults": [
            [
                43,
                42
            ],
            [
                42,
                43
            ]
        ]
    },
    "27": {
        "class": "Isotope",
        "ID": 27,
        "element": "MINX",
        "infexes": [
            4,
            41
        ],
        "freedom": 0.46640068024332215,
        "max_count": 19,
        "options": [
            [
                17,
                43,
                33,
                43,
                43,
                43,
                43,
                43
            ],
            [
                16,
                21,
                21,
                43,
                27,
                43,
                23,
                17,
                43,
                42,
                20,
                24,
                43,
                42,
                24,
                30,
                18,
                23,
                37,
                24,
                43,
                28,
                18,
                24,
                28,
                36,
                43,
                43,
                43,
                34,
                30,
                38,
                29,
                38,
                42,
                40,
                35,
                43,
                26,
                42,
                19
            ]
        ],
        "defaults": [
            [
                17,
                43,
                33,
                43,
                43,
                43,
                43,
                43
            ]
        ]
    },
    "28": {
        "class": "Isotope",
        "ID": 28,
        "element": "ARCFAN",
        "infexes": [],
        "freedom": 0.004183037060798145,
        "max_count": 52,
        "options": [
            [
                19,
                43
            ],
            [
                16,
                43
            ],
            [
                18,
                43
            ],
            [
                16,
                43
            ]
        ],
        "defaults": [
            [
                18,
                43
            ]
        ]
    },
    "29": {
        "class": "Isotope",
        "ID": 29,
        "element": "ARCFAN",
        "infexes": [],
        "freedom": 0,
        "max_count": 12,
        "options": [
            [
                42,
                25
            ]
        ],
        "defaults": [
            [
                42,
                25
            ]
        ]
    },
    "30": {
        "class": "Isotope",
        "ID": 30,
        "element": "SPIN",
        "infexes": [],
        "freedom": 0.7925064028894022,
        "max_count": 72,
        "options": [
            [
                36,
                16,
                43
            ],
            [
                42,
                25,
                24
            ]
        ],
        "defaults": [
            [
                42,
                25,
                24
            ]
        ]
    },
    "31": {
        "class": "Isotope",
        "ID": 31,
        "element": "POWER",
        "infexes": [],
        "freedom": 0,
        "max_count": 22,
        "options": [
            [
                42,
                24
            ]
        ],
        "defaults": [
            [
                42,
                24
            ]
        ]
    },
    "32": {
        "class": "Isotope",
        "ID": 32,
        "element": "POW",
        "infexes": [],
        "freedom": 0.16832606663219385,
        "max_count": 16,
        "options": [
            [
                31
            ],
            [
                27
            ],
            [
                29
            ]
        ],
        "defaults": [
            [
                29
            ]
        ]
    },
    "33": {
        "class": "Isotope",
        "ID": 33,
        "element": "SIGMOID",
        "infexes": [],
        "freedom": 0,
        "max_count": 44,
        "options": [
            [
                26
            ]
        ],
        "defaults": [
            [
                26
            ]
        ]
    },
    "34": {
        "class": "Isotope",
        "ID": 34,
        "element": "ARCFAN",
        "infexes": [],
        "freedom": 0.6237861731043811,
        "max_count": 21,
        "options": [
            [
                26,
                26
            ],
            [
                20,
                36
            ]
        ],
        "defaults": [
            [
                26,
                26
            ]
        ]
    },
    "35": {
        "class": "Isotope",
        "ID": 35,
        "element": "POW",
        "infexes": [],
        "freedom": 0.3891706111850412,
        "max_count": 23,
        "options": [
            [
                28
            ],
            [
                36
            ]
        ],
        "defaults": [
            [
                36
            ]
        ]
    },
    "36": {
        "class": "Isotope",
        "ID": 36,
        "element": "SIGMOID",
        "infexes": [],
        "freedom": 0,
        "max_count": 26,
        "options": [
            [
                31
            ]
        ],
        "defaults": [
            [
                31
            ]
        ]
    },
    "37": {
        "class": "Isotope",
        "ID": 37,
        "element": "SPIN",
        "infexes": [],
        "freedom": 0.46351015388971206,
        "max_count": 87,
        "options": [
            [
                40,
                34,
                43
            ],
            [
                29,
                42,
                24
            ]
        ],
        "defaults": [
            [
                29,
                42,
                24
            ]
        ]
    },
    "38": {
        "class": "Isotope",
        "ID": 38,
        "element": "POW",
        "infexes": [],
        "freedom": 0.10406852401780159,
        "max_count": 23,
        "options": [
            [
                18
            ],
            [
                37
            ]
        ],
        "defaults": [
            [
                18
            ]
        ]
    },
    "39": {
        "class": "Isotope",
        "ID": 39,
        "element": "AMEAN",
        "infexes": [
            2,
            2
        ],
        "freedom": 0.8414983896527316,
        "max_count": 50,
        "options": [
            [
                26,
                16
            ],
            [
                18,
                22
            ],
            [
                27,
                38
            ]
        ],
        "defaults": [
            [
                18,
                22
            ]
        ]
    },
    "40": {
        "class": "Isotope",
        "ID": 40,
        "element": "GMEAN",
        "infexes": [
            2,
            4
        ],
        "freedom": 0.37698263813940996,
        "max_count": 14,
        "options": [
            [
                43,
                42
            ],
            [
                43,
                39,
                43,
                43
            ],
            [
                21,
                31,
                43,
                43
            ]
        ],
        "defaults": [
            [
                43,
                42
            ]
        ]
    },
    "42": {
        "class": "Isotope",
        "ID": 42,
        "element": "IT",
        "infexes": null,
        "freedom": 0,
        "max_count": 1,
        "options": [
            [
                6,
                53,
                74,
                71,
                71
            ],
            [
                6,
                53,
                73,
                77,
                77
            ]
        ],
        "defaults": [
            [
                6,
                53,
                74,
                71,
                71
            ],
            [
                6,
                53,
                73,
                77,
                77
            ]
        ]
    },
    "43": {
        "class": "Isotope",
        "ID": 43,
        "element": "IT",
        "infexes": null,
        "freedom": 0,
        "max_count": 1,
        "options": [
            [
                6,
                54,
                74,
                71,
                71
            ],
            [
                6,
                54,
                73,
                77,
                77
            ]
        ],
        "defaults": [
            [
                6,
                54,
                74,
                71,
                71
            ],
            [
                6,
                54,
                73,
                77,
                77
            ]
        ]
    },
    "50": {
        "class": "Isotope",
        "ID": 50,
        "element": "X",
        "infexes": [],
        "freedom": 0,
        "max_count": 33,
        "options": [],
        "defaults": []
    },
    "51": {
        "class": "Isotope",
        "ID": 51,
        "element": "X",
        "infexes": [],
        "freedom": 0,
        "max_count": 60,
        "options": [],
        "defaults": []
    },
    "52": {
        "class": "Isotope",
        "ID": 52,
        "element": "Y",
        "infexes": [],
        "freedom": 0,
        "max_count": 75,
        "options": [],
        "defaults": []
    },
    "53": {
        "class": "Isotope",
        "ID": 53,
        "element": "Y",
        "infexes": [],
        "freedom": 0,
        "max_count": 16,
        "options": [],
        "defaults": []
    },
    "54": {
        "class": "Isotope",
        "ID": 54,
        "element": "Y",
        "infexes": [],
        "freedom": 0,
        "max_count": 23,
        "options": [],
        "defaults": []
    },
    "55": {
        "class": "Isotope",
        "ID": 55,
        "element": "Y",
        "infexes": [],
        "freedom": 0,
        "max_count": 33,
        "options": [],
        "defaults": []
    },
    "56": {
        "class": "Isotope",
        "ID": 56,
        "element": "Y",
        "infexes": [],
        "freedom": 0,
        "max_count": 5,
        "options": [],
        "defaults": []
    },
    "57": {
        "class": "Isotope",
        "ID": 57,
        "element": "Y",
        "infexes": [],
        "freedom": 0,
        "max_count": 1,
        "options": [],
        "defaults": []
    },
    "58": {
        "class": "Isotope",
        "ID": 58,
        "element": "ARCFAN",
        "infexes": [],
        "freedom": 0.2674898001440646,
        "max_count": 2,
        "options": [
            [
                51,
                66
            ],
            [
                75,
                58
            ]
        ],
        "defaults": [
            [
                51,
                66
            ]
        ]
    },
    "59": {
        "class": "Isotope",
        "ID": 59,
        "element": "POW",
        "infexes": [],
        "freedom": 0.2895380640467646,
        "max_count": 8,
        "options": [
            [
                63
            ],
            [
                61
            ],
            [
                51
            ]
        ],
        "defaults": [
            [
                51
            ]
        ]
    },
    "60": {
        "class": "Isotope",
        "ID": 60,
        "element": "ARCFAN",
        "infexes": [],
        "freedom": 0.4096061027076051,
        "max_count": 26,
        "options": [
            [
                59,
                78
            ],
            [
                62,
                53
            ]
        ],
        "defaults": [
            [
                62,
                53
            ]
        ]
    },
    "61": {
        "class": "Isotope",
        "ID": 61,
        "element": "INV",
        "infexes": [],
        "freedom": 0,
        "max_count": 27,
        "options": [
            [
                51
            ]
        ],
        "defaults": [
            [
                51
            ]
        ]
    },
    "62": {
        "class": "Isotope",
        "ID": 62,
        "element": "INV",
        "infexes": [],
        "freedom": 0,
        "max_count": 31,
        "options": [
            [
                50
            ]
        ],
        "defaults": [
            [
                50
            ]
        ]
    },
    "63": {
        "class": "Isotope",
        "ID": 63,
        "element": "GMEAN",
        "infexes": [
            6,
            8
        ],
        "freedom": 0.22057307423892317,
        "max_count": 19,
        "options": [
            [
                50,
                57,
                51,
                62,
                77,
                77
            ],
            [
                50,
                51,
                64,
                80,
                67,
                77,
                61,
                68
            ]
        ],
        "defaults": [
            [
                50,
                57,
                51,
                62,
                77,
                77
            ]
        ]
    },
    "64": {
        "class": "Isotope",
        "ID": 64,
        "element": "GMEAN",
        "infexes": [
            9,
            29
        ],
        "freedom": 0.14164278068258035,
        "max_count": 11,
        "options": [
            [
                54,
                75,
                61,
                66,
                51,
                69,
                53,
                61,
                68,
                52,
                75,
                57,
                52,
                51,
                61,
                61,
                51,
                54,
                77,
                77,
                69
            ],
            [
                70,
                69,
                81,
                63,
                61,
                77,
                57,
                72,
                77,
                76,
                81,
                74,
                60,
                65,
                76,
                53,
                62,
                56,
                66,
                51,
                51,
                79,
                52,
                61,
                71,
                64,
                67,
                50,
                84
            ]
        ],
        "defaults": [
            [
                54,
                75,
                61,
                66,
                51,
                69,
                53,
                61,
                68,
                52,
                75,
                57,
                52,
                51,
                61,
                61,
                51,
                54,
                77,
                77,
                69
            ]
        ]
    },
    "65": {
        "class": "Isotope",
        "ID": 65,
        "element": "AMEAN",
        "infexes": [
            3,
            6
        ],
        "freedom": 0.2726266805248725,
        "max_count": 44,
        "options": [
            [
                57,
                77,
                52,
                51,
                77
            ],
            [
                62,
                78,
                68,
                56,
                83,
                61
            ]
        ],
        "defaults": [
            [
                57,
                77,
                52,
                51,
                77
            ]
        ]
    },
    "66": {
        "class": "Isotope",
        "ID": 66,
        "element": "SIGMOID",
        "infexes": [],
        "freedom": 0,
        "max_count": 44,
        "options": [
            [
                68
            ]
        ],
        "defaults": [
            [
                68
            ]
        ]
    },
    "67": {
        "class": "Isotope",
        "ID": 67,
        "element": "ARCFAN",
        "infexes": [],
        "freedom": 0.7892576231484584,
        "max_count": 30,
        "options": [
            [
                66,
                68
            ],
            [
                58,
                55
            ]
        ],
        "defaults": [
            [
                66,
                68
            ]
        ]
    },
    "68": {
        "class": "Isotope",
        "ID": 68,
        "element": "SIGMOID",
        "infexes": [],
        "freedom": 0.24668372509003664,
        "max_count": 16,
        "options": [
            [
                54
            ],
            [
                53
            ]
        ],
        "defaults": [
            [
                54
            ],
            [
                53
            ]
        ]
    },
    "69": {
        "class": "Isotope",
        "ID": 69,
        "element": "INV",
        "infexes": [],
        "freedom": 0.13032982076850033,
        "max_count": 2,
        "options": [
            [
                57
            ],
            [
                53
            ],
            [
                53
            ]
        ],
        "defaults": [
            [
                57
            ],
            [
                53
            ],
            [
                53
            ]
        ]
    },
    "70": {
        "class": "Isotope",
        "ID": 70,
        "element": "POWER",
        "infexes": [],
        "freedom": 0.3046448080369468,
        "max_count": 53,
        "options": [
            [
                54,
                50
            ],
            [
                51,
                54
            ]
        ],
        "defaults": [
            [
                54,
                50
            ],
            [
                51,
                54
            ]
        ]
    },
    "71": {
        "class": "Isotope",
        "ID": 71,
        "element": "MINX",
        "infexes": [
            4,
            41
        ],
        "freedom": 0.46640068024332215,
        "max_count": 19,
        "options": [
            [
                61,
                57,
                77,
                57,
                55,
                52,
                56,
                57
            ],
            [
                60,
                65,
                65,
                54,
                71,
                54,
                67,
                61,
                55,
                51,
                64,
                68,
                57,
                50,
                68,
                74,
                62,
                67,
                81,
                68,
                53,
                72,
                62,
                68,
                72,
                80,
                52,
                55,
                53,
                78,
                74,
                82,
                73,
                82,
                51,
                84,
                79,
                54,
                70,
                50,
                63
            ]
        ],
        "defaults": [
            [
                61,
                57,
                77,
                57,
                55,
                52,
                56,
                57
            ]
        ]
    },
    "72": {
        "class": "Isotope",
        "ID": 72,
        "element": "ARCFAN",
        "infexes": [],
        "freedom": 0.004183037060798145,
        "max_count": 52,
        "options": [
            [
                63,
                57
            ],
            [
                60,
                54
            ],
            [
                62,
                56
            ],
            [
                60,
                54
            ]
        ],
        "defaults": [
            [
                62,
                56
            ]
        ]
    },
    "73": {
        "class": "Isotope",
        "ID": 73,
        "element": "ARCFAN",
        "infexes": [],
        "freedom": 0,
        "max_count": 12,
        "options": [
            [
                51,
                69
            ]
        ],
        "defaults": [
            [
                51,
                69
            ]
        ]
    },
    "74": {
        "class": "Isotope",
        "ID": 74,
        "element": "SPIN",
        "infexes": [],
        "freedom": 0.7925064028894022,
        "max_count": 72,
        "options": [
            [
                80,
                60,
                55
            ],
            [
                51,
                69,
                68
            ]
        ],
        "defaults": [
            [
                51,
                69,
                68
            ]
        ]
    },
    "75": {
        "class": "Isotope",
        "ID": 75,
        "element": "POWER",
        "infexes": [],
        "freedom": 0,
        "max_count": 22,
        "options": [
            [
                50,
                68
            ]
        ],
        "defaults": [
            [
                50,
                68
            ]
        ]
    },
    "76": {
        "class": "Isotope",
        "ID": 76,
        "element": "POW",
        "infexes": [],
        "freedom": 0.16832606663219385,
        "max_count": 16,
        "options": [
            [
                75
            ],
            [
                71
            ],
            [
                73
            ]
        ],
        "defaults": [
            [
                73
            ]
        ]
    },
    "77": {
        "class": "Isotope",
        "ID": 77,
        "element": "SIGMOID",
        "infexes": [],
        "freedom": 0,
        "max_count": 44,
        "options": [
            [
                70
            ]
        ],
        "defaults": [
            [
                70
            ]
        ]
    },
    "78": {
        "class": "Isotope",
        "ID": 78,
        "element": "ARCFAN",
        "infexes": [],
        "freedom": 0.6237861731043811,
        "max_count": 21,
        "options": [
            [
                70,
                70
            ],
            [
                64,
                80
            ]
        ],
        "defaults": [
            [
                70,
                70
            ]
        ]
    },
    "79": {
        "class": "Isotope",
        "ID": 79,
        "element": "POW",
        "infexes": [],
        "freedom": 0.3891706111850412,
        "max_count": 23,
        "options": [
            [
                72
            ],
            [
                80
            ]
        ],
        "defaults": [
            [
                80
            ]
        ]
    },
    "80": {
        "class": "Isotope",
        "ID": 80,
        "element": "SIGMOID",
        "infexes": [],
        "freedom": 0,
        "max_count": 26,
        "options": [
            [
                75
            ]
        ],
        "defaults": [
            [
                75
            ]
        ]
    },
    "81": {
        "class": "Isotope",
        "ID": 81,
        "element": "SPIN",
        "infexes": [],
        "freedom": 0.46351015388971206,
        "max_count": 87,
        "options": [
            [
                84,
                78,
                57
            ],
            [
                73,
                50,
                68
            ]
        ],
        "defaults": [
            [
                73,
                50,
                68
            ]
        ]
    },
    "82": {
        "class": "Isotope",
        "ID": 82,
        "element": "POW",
        "infexes": [],
        "freedom": 0.10406852401780159,
        "max_count": 23,
        "options": [
            [
                62
            ],
            [
                81
            ]
        ],
        "defaults": [
            [
                62
            ]
        ]
    },
    "83": {
        "class": "Isotope",
        "ID": 83,
        "element": "AMEAN",
        "infexes": [
            2,
            2
        ],
        "freedom": 0.8414983896527316,
        "max_count": 50,
        "options": [
            [
                70,
                60
            ],
            [
                62,
                66
            ],
            [
                71,
                82
            ]
        ],
        "defaults": [
            [
                62,
                66
            ]
        ]
    },
    "84": {
        "class": "Isotope",
        "ID": 84,
        "element": "GMEAN",
        "infexes": [
            2,
            4
        ],
        "freedom": 0.37698263813940996,
        "max_count": 14,
        "options": [
            [
                55,
                50
            ],
            [
                52,
                83,
                54,
                52
            ],
            [
                65,
                75,
                56,
                56
            ]
        ],
        "defaults": [
            [
                55,
                50
            ]
        ]
    },
    "85": {
        "class": "Isotope",
        "ID": 85,
        "element": "ROOT_TARGET",
        "infexes": [],
        "freedom": 0.4659891986281056,
        "max_count": 1,
        "options": [
            [
                42
            ],
            [
                77
            ]
        ],
        "defaults": []
    },
    "86": {
        "class": "Isotope",
        "ID": 86,
        "element": "ROOT_AIM",
        "infexes": [],
        "freedom": 0.01075361636478811,
        "max_count": 1,
        "options": [
            [
                18
            ],
            [
                81
            ]
        ],
        "defaults": []
    }
}