{
    "0": {
        "class": "Isotope",
        "ID": 0,
        "element": "ROOT_MAIN",
        "infexes": [],
        "freedom": 0.1799589738884081,
        "max_count": 1,
        "options": [
            [
                35
            ],
            [
                39
            ]
        ],
        "defaults": [
            [
                39
            ]
        ]
    },
    "1": {
        "class": "Isotope",
        "ID": 1,
        "element": "ROOT_HUE",
        "infexes": [],
        "freedom": 0.4053508751324601,
        "max_count": 1,
        "options": [
            [
                33
            ],
            [
                35
            ]
        ],
        "defaults": [
            [
                33
            ]
        ]
    },
    "2": {
        "class": "Isotope",
        "ID": 2,
        "element": "ROOT_SAT",
        "infexes": [],
        "freedom": 0.12622661239764413,
        "max_count": 1,
        "options": [
            [
                34
            ],
            [
                33
            ]
        ],
        "defaults": [
            [
                34
            ]
        ]
    },
    "3": {
        "class": "Isotope",
        "ID": 3,
        "element": "ROOT_VAL",
        "infexes": [],
        "freedom": 0.6682445897813126,
        "max_count": 1,
        "options": [
            [
                35
            ],
            [
                33
            ]
        ],
        "defaults": [
            [
                33
            ]
        ]
    },
    "4": {
        "class": "Isotope",
        "ID": 4,
        "element": "ROOT_PAL",
        "infexes": [],
        "freedom": 0.2801325329568698,
        "max_count": 1,
        "options": [
            [
                41
            ],
            [
                40
            ],
            [
                39
            ],
            [
                38
            ],
            [
                40
            ],
            [
                36
            ],
            [
                37
            ],
            [
                36
            ],
            [
                38
            ],
            [
                34
            ],
            [
                36
            ],
            [
                41
            ],
            [
                35
            ],
            [
                41
            ],
            [
                35
            ]
        ],
        "defaults": [
            [
                34
            ]
        ]
    },
    "5": {
        "class": "Isotope",
        "ID": 5,
        "element": "ROOT_GRAD",
        "infexes": [],
        "freedom": 0.2235763103411463,
        "max_count": 1,
        "options": [
            [
                39
            ],
            [
                37
            ],
            [
                33
            ]
        ],
        "defaults": [
            [
                33
            ]
        ]
    },
    "6": {
        "class": "Isotope",
        "ID": 6,
        "element": "ROOT_TARGET",
        "infexes": [],
        "freedom": 0.37923393318680626,
        "max_count": 1,
        "options": [
            [
                33
            ],
            [
                41
            ]
        ],
        "defaults": [
            [
                33
            ]
        ]
    },
    "7": {
        "class": "Isotope",
        "ID": 7,
        "element": "ROOT_AIM",
        "infexes": [],
        "freedom": 0.10259280052372105,
        "max_count": 1,
        "options": [
            [
                39
            ],
            [
                41
            ]
        ],
        "defaults": [
            [
                39
            ]
        ]
    },
    "8": {
        "class": "Isotope",
        "ID": 8,
        "element": "X",
        "infexes": [],
        "freedom": 0,
        "max_count": 4,
        "options": [],
        "defaults": []
    },
    "9": {
        "class": "Isotope",
        "ID": 9,
        "element": "X",
        "infexes": [],
        "freedom": 0,
        "max_count": 2,
        "options": [],
        "defaults": []
    },
    "10": {
        "class": "Isotope",
        "ID": 10,
        "element": "X",
        "infexes": [],
        "freedom": 0,
        "max_count": 3,
        "options": [],
        "defaults": []
    },
    "11": {
        "class": "Isotope",
        "ID": 11,
        "element": "X",
        "infexes": [],
        "freedom": 0,
        "max_count": 53,
        "options": [],
        "defaults": []
    },
    "12": {
        "class": "Isotope",
        "ID": 12,
        "element": "X",
        "infexes": [],
        "freedom": 0,
        "max_count": 28,
        "options": [],
        "defaults": []
    },
    "13": {
        "class": "Isotope",
        "ID": 13,
        "element": "X",
        "infexes": [],
        "freedom": 0,
        "max_count": 32,
        "options": [],
        "defaults": []
    },
    "14": {
        "class": "Isotope",
        "ID": 14,
        "element": "X",
        "infexes": [],
        "freedom": 0,
        "max_count": 31,
        "options": [],
        "defaults": []
    },
    "15": {
        "class": "Isotope",
        "ID": 15,
        "element": "X",
        "infexes": [],
        "freedom": 0,
        "max_count": 9,
        "options": [],
        "defaults": []
    },
    "16": {
        "class": "Isotope",
        "ID": 16,
        "element": "Y",
        "infexes": [],
        "freedom": 0,
        "max_count": 58,
        "options": [],
        "defaults": []
    },
    "17": {
        "class": "Isotope",
        "ID": 17,
        "element": "Y",
        "infexes": [],
        "freedom": 0,
        "max_count": 19,
        "options": [],
        "defaults": []
    },
    "18": {
        "class": "Isotope",
        "ID": 18,
        "element": "Y",
        "infexes": [],
        "freedom": 0,
        "max_count": 29,
        "options": [],
        "defaults": []
    },
    "19": {
        "class": "Isotope",
        "ID": 19,
        "element": "Y",
        "infexes": [],
        "freedom": 0,
        "max_count": 1,
        "options": [],
        "defaults": []
    },
    "20": {
        "class": "Isotope",
        "ID": 20,
        "element": "Y",
        "infexes": [],
        "freedom": 0,
        "max_count": 24,
        "options": [],
        "defaults": []
    },
    "21": {
        "class": "Isotope",
        "ID": 21,
        "element": "Y",
        "infexes": [],
        "freedom": 0,
        "max_count": 28,
        "options": [],
        "defaults": []
    },
    "22": {
        "class": "Isotope",
        "ID": 22,
        "element": "Y",
        "infexes": [],
        "freedom": 0,
        "max_count": 8,
        "options": [],
        "defaults": []
    },
    "23": {
        "class": "Isotope",
        "ID": 23,
        "element": "Y",
        "infexes": [],
        "freedom": 0,
        "max_count": 30,
        "options": [],
        "defaults": []
    },
    "24": {
        "class": "Isotope",
        "ID": 24,
        "element": "Y",
        "infexes": [],
        "freedom": 0,
        "max_count": 4,
        "options": [],
        "defaults": []
    },
    "25": {
        "class": "Isotope",
        "ID": 25,
        "element": "INV",
        "infexes": [],
        "freedom": 0.144809213952305,
        "max_count": 32,
        "options": [
            [
                12
            ],
            [
                28
            ]
        ],
        "defaults": [
            [
                12
            ]
        ]
    },
    "26": {
        "class": "Isotope",
        "ID": 26,
        "element": "MINX",
        "infexes": [
            2,
            2
        ],
        "freedom": 0.04931833018434295,
        "max_count": 18,
        "options": [
            [
                9,
                14
            ],
            [
                14,
                38
            ],
            [
                13,
                14
            ],
            [
                32,
                27
            ],
            [
                10,
                22
            ],
            [
                8,
                42
            ],
            [
                12,
                21
            ],
            [
                14,
                12
            ],
            [
                25,
                20
            ],
            [
                8,
                12
            ],
            [
                27,
                28
            ],
            [
                25,
                9
            ],
            [
                40,
                28
            ],
            [
                10,
                42
            ],
            [
                42,
                26
            ],
            [
                8,
                17
            ],
            [
                34,
                13
            ]
        ],
        "defaults": [
            [
                12,
                21
            ]
        ]
    },
    "27": {
        "class": "Isotope",
        "ID": 27,
        "element": "INV",
        "infexes": [],
        "freedom": 0.4639773496106849,
        "max_count": 1,
        "options": [
            [
                13
            ],
            [
                26
            ]
        ],
        "defaults": [
            [
                13
            ]
        ]
    },
    "28": {
        "class": "Isotope",
        "ID": 28,
        "element": "GMEAN",
        "infexes": [
            6,
            29
        ],
        "freedom": 0.3870603576486114,
        "max_count": 5,
        "options": [
            [
                11,
                10,
                29,
                23,
                22,
                34,
                17,
                44,
                29,
                8,
                24,
                13,
                9,
                44,
                11,
                34,
                8,
                33
            ],
            [
                24,
                12,
                18,
                24,
                10,
                17,
                14,
                38,
                37,
                29,
                10,
                37,
                34,
                8,
                33,
                16,
                30,
                13,
                9,
                15,
                14,
                43,
                27,
                26,
                39,
                15,
                9,
                31,
                31
            ],
            [
                30,
                23,
                18,
                31,
                33,
                15,
                28,
                41,
                36,
                30,
                15,
                31,
                37,
                42,
                40,
                14,
                41,
                8,
                28,
                41,
                40,
                27,
                19,
                16,
                25,
                27,
                15,
                28,
                31
            ]
        ],
        "defaults": [
            [
                11,
                10,
                29,
                23,
                22,
                34,
                17,
                44,
                29,
                8,
                24,
                13,
                9,
                44,
                11,
                34,
                8,
                33
            ]
        ]
    },
    "29": {
        "class": "Isotope",
        "ID": 29,
        "element": "POWER",
        "infexes": [],
        "freedom": 0,
        "max_count": 35,
        "options": [
            [
                20,
                34
            ]
        ],
        "defaults": [
            [
                20,
                34
            ]
        ]
    },
    "30": {
        "class": "Isotope",
        "ID": 30,
        "element": "POWER",
        "infexes": [],
        "freedom": 0.2148572749906023,
        "max_count": 34,
        "options": [
            [
                22,
                43
            ],
            [
                24,
                31
            ],
            [
                9,
                30
            ]
        ],
        "defaults": [
            [
                24,
                31
            ]
        ]
    },
    "31": {
        "class": "Isotope",
        "ID": 31,
        "element": "INV",
        "infexes": [],
        "freedom": 0,
        "max_count": 46,
        "options": [
            [
                20
            ]
        ],
        "defaults": [
            [
                20
            ]
        ]
    },
    "32": {
        "class": "Isotope",
        "ID": 32,
        "element": "INV",
        "infexes": [],
        "freedom": 0.2145967094043283,
        "max_count": 158,
        "options": [
            [
                32
            ],
            [
                16
            ]
        ],
        "defaults": [
            [
                16
            ]
        ]
    },
    "33": {
        "class": "Isotope",
        "ID": 33,
        "element": "POWER",
        "infexes": [],
        "freedom": 0,
        "max_count": 22,
        "options": [
            [
                18,
                13
            ]
        ],
        "defaults": [
            [
                18,
                13
            ]
        ]
    },
    "34": {
        "class": "Isotope",
        "ID": 34,
        "element": "INV",
        "infexes": [],
        "freedom": 0,
        "max_count": 64,
        "options": [
            [
                33
            ]
        ],
        "defaults": [
            [
                33
            ]
        ]
    },
    "35": {
        "class": "Isotope",
        "ID": 35,
        "element": "AMEAN",
        "infexes": [
            2,
            3
        ],
        "freedom": 0.30703779478727966,
        "max_count": 12,
        "options": [
            [
                36,
                17,
                16
            ],
            [
                39,
                23
            ]
        ],
        "defaults": [
            [
                39,
                23
            ]
        ]
    },
    "36": {
        "class": "Isotope",
        "ID": 36,
        "element": "INV",
        "infexes": [],
        "freedom": 0.6412729734517494,
        "max_count": 17,
        "options": [
            [
                38
            ],
            [
                41
            ],
            [
                34
            ],
            [
                41
            ],
            [
                35
            ],
            [
                33
            ],
            [
                40
            ],
            [
                41
            ],
            [
                35
            ],
            [
                38
            ],
            [
                34
            ],
            [
                40
            ],
            [
                37
            ],
            [
                38
            ],
            [
                38
            ],
            [
                34
            ],
            [
                35
            ],
            [
                38
            ],
            [
                33
            ],
            [
                36
            ]
        ],
        "defaults": [
            [
                34
            ]
        ]
    },
    "37": {
        "class": "Isotope",
        "ID": 37,
        "element": "POW",
        "infexes": [],
        "freedom": 0.6501776979827889,
        "max_count": 46,
        "options": [
            [
                39
            ],
            [
                37
            ]
        ],
        "defaults": [
            [
                39
            ]
        ]
    },
    "38": {
        "class": "Isotope",
        "ID": 38,
        "element": "SPIN",
        "infexes": [],
        "freedom": 0.5838279984864755,
        "max_count": 2,
        "options": [
            [
                33,
                22,
                17
            ],
            [
                39,
                36,
                10
            ],
            [
                34,
                36,
                40
            ],
            [
                33,
                20,
                11
            ]
        ],
        "defaults": [
            [
                33,
                20,
                11
            ]
        ]
    },
    "39": {
        "class": "Isotope",
        "ID": 39,
        "element": "RAND",
        "infexes": [],
        "freedom": 0,
        "max_count": 185,
        "options": [
            [
                33
            ]
        ],
        "defaults": [
            [
                33
            ]
        ]
    },
    "40": {
        "class": "Isotope",
        "ID": 40,
        "element": "IT",
        "infexes": [],
        "freedom": 0.22277860464953395,
        "max_count": 16,
        "options": [
            [
                39,
                19,
                11,
                18,
                22
            ],
            [
                12,
                39,
                19,
                32,
                27
            ]
        ],
        "defaults": [
            [
                39,
                19,
                11,
                18,
                22
            ]
        ]
    },
    "41": {
        "class": "Isotope",
        "ID": 41,
        "element": "MINX",
        "infexes": [
            2,
            4
        ],
        "freedom": 0.07152968693188749,
        "max_count": 18,
        "options": [
            [
                39,
                37,
                24,
                41
            ],
            [
                39,
                39
            ]
        ],
        "defaults": [
            [
                39,
                39
            ]
        ]
    },
    "42": {
        "class": "Isotope",
        "ID": 42,
        "element": "MINX",
        "infexes": [
            3,
            3
        ],
        "freedom": 0.6006974208736566,
        "max_count": 4,
        "options": [
            [
                24,
                15,
                39
            ],
            [
                25,
                36,
                21
            ],
            [
                28,
                17,
                40
            ],
            [
                33,
                34,
                8
            ]
        ],
        "defaults": [
            [
                33,
                34,
                8
            ]
        ]
    },
    "43": {
        "class": "Isotope",
        "ID": 43,
        "element": "POWER",
        "infexes": [],
        "freedom": 0.16905354082492846,
        "max_count": 77,
        "options": [
            [
                13,
                31
            ],
            [
                25,
                19
            ]
        ],
        "defaults": [
            [
                13,
                31
            ]
        ]
    },
    "44": {
        "class": "Isotope",
        "ID": 44,
        "element": "INV",
        "infexes": [],
        "freedom": 0,
        "max_count": 107,
        "options": [
            [
                15
            ]
        ],
        "defaults": [
            [
                15
            ]
        ]
    }
}