{
    "0": {
        "class": "Isotope",
        "ID": 0,
        "element": "ROOT_MAIN",
        "infexes": [],
        "freedom": 0.35630886860900873,
        "max_count": 1,
        "options": [
            [
                53
            ],
            [
                51
            ],
            [
                53
            ],
            [
                53
            ],
            [
                53
            ],
            [
                56
            ],
            [
                56
            ],
            [
                55
            ],
            [
                56
            ],
            [
                50
            ],
            [
                54
            ],
            [
                51
            ],
            [
                55
            ],
            [
                51
            ],
            [
                50
            ],
            [
                47
            ],
            [
                56
            ],
            [
                50
            ],
            [
                52
            ]
        ],
        "defaults": [
            [
                55
            ]
        ]
    },
    "1": {
        "class": "Isotope",
        "ID": 1,
        "element": "ROOT_HUE",
        "infexes": [],
        "freedom": 0.2109273749871704,
        "max_count": 1,
        "options": [
            [
                46
            ],
            [
                55
            ]
        ],
        "defaults": [
            [
                55
            ]
        ]
    },
    "2": {
        "class": "Isotope",
        "ID": 2,
        "element": "ROOT_SAT",
        "infexes": [],
        "freedom": 0.41038375041119357,
        "max_count": 1,
        "options": [
            [
                55
            ],
            [
                52
            ],
            [
                52
            ]
        ],
        "defaults": [
            [
                55
            ]
        ]
    },
    "3": {
        "class": "Isotope",
        "ID": 3,
        "element": "ROOT_VAL",
        "infexes": [],
        "freedom": 0.6761981433291567,
        "max_count": 1,
        "options": [
            [
                49
            ],
            [
                55
            ]
        ],
        "defaults": [
            [
                55
            ]
        ]
    },
    "4": {
        "class": "Isotope",
        "ID": 4,
        "element": "ROOT_PAL",
        "infexes": [],
        "freedom": 0.06161073712172068,
        "max_count": 1,
        "options": [
            [
                46
            ],
            [
                45
            ]
        ],
        "defaults": [
            [
                45
            ]
        ]
    },
    "5": {
        "class": "Isotope",
        "ID": 5,
        "element": "ROOT_GRAD",
        "infexes": [],
        "freedom": 0.363138020244178,
        "max_count": 1,
        "options": [
            [
                55
            ],
            [
                46
            ],
            [
                52
            ],
            [
                56
            ]
        ],
        "defaults": [
            [
                46
            ]
        ]
    },
    "6": {
        "class": "Isotope",
        "ID": 6,
        "element": "ROOT_TARGET",
        "infexes": [],
        "freedom": 0.23588811650249056,
        "max_count": 1,
        "options": [
            [
                53
            ],
            [
                51
            ],
            [
                45
            ]
        ],
        "defaults": [
            [
                45
            ]
        ]
    },
    "7": {
        "class": "Isotope",
        "ID": 7,
        "element": "ROOT_AIM",
        "infexes": [],
        "freedom": 0.3480806856623137,
        "max_count": 1,
        "options": [
            [
                55
            ],
            [
                48
            ]
        ],
        "defaults": [
            [
                55
            ]
        ]
    },
    "8": {
        "class": "Isotope",
        "ID": 8,
        "element": "X",
        "infexes": [],
        "freedom": 0,
        "max_count": 46,
        "options": [],
        "defaults": []
    },
    "9": {
        "class": "Isotope",
        "ID": 9,
        "element": "X",
        "infexes": [],
        "freedom": 0,
        "max_count": 5,
        "options": [],
        "defaults": []
    },
    "10": {
        "class": "Isotope",
        "ID": 10,
        "element": "X",
        "infexes": [],
        "freedom": 0,
        "max_count": 33,
        "options": [],
        "defaults": []
    },
    "11": {
        "class": "Isotope",
        "ID": 11,
        "element": "X",
        "infexes": [],
        "freedom": 0,
        "max_count": 65,
        "options": [],
        "defaults": []
    },
    "12": {
        "class": "Isotope",
        "ID": 12,
        "element": "X",
        "infexes": [],
        "freedom": 0,
        "max_count": 20,
        "options": [],
        "defaults": []
    },
    "13": {
        "class": "Isotope",
        "ID": 13,
        "element": "X",
        "infexes": [],
        "freedom": 0,
        "max_count": 32,
        "options": [],
        "defaults": []
    },
    "14": {
        "class": "Isotope",
        "ID": 14,
        "element": "X",
        "infexes": [],
        "freedom": 0,
        "max_count": 36,
        "options": [],
        "defaults": []
    },
    "15": {
        "class": "Isotope",
        "ID": 15,
        "element": "X",
        "infexes": [],
        "freedom": 0,
        "max_count": 40,
        "options": [],
        "defaults": []
    },
    "16": {
        "class": "Isotope",
        "ID": 16,
        "element": "X",
        "infexes": [],
        "freedom": 0,
        "max_count": 52,
        "options": [],
        "defaults": []
    },
    "17": {
        "class": "Isotope",
        "ID": 17,
        "element": "X",
        "infexes": [],
        "freedom": 0,
        "max_count": 4,
        "options": [],
        "defaults": []
    },
    "18": {
        "class": "Isotope",
        "ID": 18,
        "element": "X",
        "infexes": [],
        "freedom": 0,
        "max_count": 19,
        "options": [],
        "defaults": []
    },
    "19": {
        "class": "Isotope",
        "ID": 19,
        "element": "Y",
        "infexes": [],
        "freedom": 0,
        "max_count": 5,
        "options": [],
        "defaults": []
    },
    "20": {
        "class": "Isotope",
        "ID": 20,
        "element": "Y",
        "infexes": [],
        "freedom": 0,
        "max_count": 13,
        "options": [],
        "defaults": []
    },
    "21": {
        "class": "Isotope",
        "ID": 21,
        "element": "Y",
        "infexes": [],
        "freedom": 0,
        "max_count": 77,
        "options": [],
        "defaults": []
    },
    "22": {
        "class": "Isotope",
        "ID": 22,
        "element": "Y",
        "infexes": [],
        "freedom": 0,
        "max_count": 11,
        "options": [],
        "defaults": []
    },
    "23": {
        "class": "Isotope",
        "ID": 23,
        "element": "Y",
        "infexes": [],
        "freedom": 0,
        "max_count": 77,
        "options": [],
        "defaults": []
    },
    "24": {
        "class": "Isotope",
        "ID": 24,
        "element": "Y",
        "infexes": [],
        "freedom": 0,
        "max_count": 12,
        "options": [],
        "defaults": []
    },
    "25": {
        "class": "Isotope",
        "ID": 25,
        "element": "Y",
        "infexes": [],
        "freedom": 0,
        "max_count": 66,
        "options": [],
        "defaults": []
    },
    "26": {
        "class": "Isotope",
        "ID": 26,
        "element": "Y",
        "infexes": [],
        "freedom": 0,
        "max_count": 15,
        "options": [],
        "defaults": []
    },
    "27": {
        "class": "Isotope",
        "ID": 27,
        "element": "Y",
        "infexes": [],
        "freedom": 0,
        "max_count": 6,
        "options": [],
        "defaults": []
    },
    "28": {
        "class": "Isotope",
        "ID": 28,
        "element": "Y",
        "infexes": [],
        "freedom": 0,
        "max_count": 44,
        "options": [],
        "defaults": []
    },
    "29": {
        "class": "Isotope",
        "ID": 29,
        "element": "Y",
        "infexes": [],
        "freedom": 0,
        "max_count": 25,
        "options": [],
        "defaults": []
    },
    "30": {
        "class": "Isotope",
        "ID": 30,
        "element": "Y",
        "infexes": [],
        "freedom": 0,
        "max_count": 27,
        "options": [],
        "defaults": []
    },
    "31": {
        "class": "Isotope",
        "ID": 31,
        "element": "Y",
        "infexes": [],
        "freedom": 0,
        "max_count": 64,
        "options": [],
        "defaults": []
    },
    "32": {
        "class": "Isotope",
        "ID": 32,
        "element": "Y",
        "infexes": [],
        "freedom": 0,
        "max_count": 65,
        "options": [],
        "defaults": []
    },
    "33": {
        "class": "Isotope",
        "ID": 33,
        "element": "POW",
        "infexes": [],
        "freedom": 0,
        "max_count": 8,
        "options": [
            [
                18
            ]
        ],
        "defaults": [
            [
                18
            ]
        ]
    },
    "34": {
        "class": "Isotope",
        "ID": 34,
        "element": "SIN",
        "infexes": [],
        "freedom": 0,
        "max_count": 11,
        "options": [
            [
                8
            ]
        ],
        "defaults": [
            [
                8
            ]
        ]
    },
    "35": {
        "class": "Isotope",
        "ID": 35,
        "element": "SIN",
        "infexes": [],
        "freedom": 0.6467488742962488,
        "max_count": 25,
        "options": [
            [
                33
            ],
            [
                18
            ],
            [
                39
            ],
            [
                34
            ],
            [
                37
            ],
            [
                14
            ],
            [
                37
            ]
        ],
        "defaults": [
            [
                39
            ]
        ]
    },
    "36": {
        "class": "Isotope",
        "ID": 36,
        "element": "INV",
        "infexes": [],
        "freedom": 0,
        "max_count": 11,
        "options": [
            [
                9
            ]
        ],
        "defaults": [
            [
                9
            ]
        ]
    },
    "37": {
        "class": "Isotope",
        "ID": 37,
        "element": "GMEAN",
        "infexes": [
            4,
            10
        ],
        "freedom": 0.36396458813169164,
        "max_count": 61,
        "options": [
            [
                26,
                21,
                40,
                35,
                41,
                11,
                12,
                41,
                18,
                48
            ],
            [
                39,
                15,
                44,
                55,
                20,
                46,
                43,
                60,
                44,
                27
            ]
        ],
        "defaults": [
            [
                39,
                15,
                44,
                55,
                20,
                46,
                43,
                60,
                44,
                27
            ]
        ]
    },
    "38": {
        "class": "Isotope",
        "ID": 38,
        "element": "SIN",
        "infexes": [],
        "freedom": 0,
        "max_count": 19,
        "options": [
            [
                15
            ]
        ],
        "defaults": [
            [
                15
            ]
        ]
    },
    "39": {
        "class": "Isotope",
        "ID": 39,
        "element": "SIN",
        "infexes": [],
        "freedom": 0,
        "max_count": 32,
        "options": [
            [
                15
            ]
        ],
        "defaults": [
            [
                15
            ]
        ]
    },
    "40": {
        "class": "Isotope",
        "ID": 40,
        "element": "POW",
        "infexes": [],
        "freedom": 0,
        "max_count": 12,
        "options": [
            [
                22
            ]
        ],
        "defaults": [
            [
                22
            ]
        ]
    },
    "41": {
        "class": "Isotope",
        "ID": 41,
        "element": "AMEAN",
        "infexes": [
            3,
            6
        ],
        "freedom": 0,
        "max_count": 5,
        "options": [
            [
                11,
                32,
                15,
                32,
                25,
                16
            ]
        ],
        "defaults": [
            [
                11,
                32,
                15,
                32,
                25,
                16
            ]
        ]
    },
    "42": {
        "class": "Isotope",
        "ID": 42,
        "element": "SIN",
        "infexes": [],
        "freedom": 0,
        "max_count": 23,
        "options": [
            [
                21
            ]
        ],
        "defaults": [
            [
                21
            ]
        ]
    },
    "43": {
        "class": "Isotope",
        "ID": 43,
        "element": "POWER",
        "infexes": [],
        "freedom": 0,
        "max_count": 23,
        "options": [
            [
                40,
                42
            ]
        ],
        "defaults": [
            [
                40,
                42
            ]
        ]
    },
    "44": {
        "class": "Isotope",
        "ID": 44,
        "element": "SIN",
        "infexes": [],
        "freedom": 0.1607794326895887,
        "max_count": 30,
        "options": [
            [
                22
            ],
            [
                24
            ],
            [
                23
            ],
            [
                31
            ]
        ],
        "defaults": [
            [
                22
            ],
            [
                24
            ],
            [
                23
            ],
            [
                31
            ]
        ]
    },
    "45": {
        "class": "Isotope",
        "ID": 45,
        "element": "IT",
        "infexes": [],
        "freedom": 0,
        "max_count": 8,
        "options": [
            [
                11,
                20,
                10,
                13,
                21
            ]
        ],
        "defaults": [
            [
                11,
                20,
                10,
                13,
                21
            ]
        ]
    },
    "46": {
        "class": "Isotope",
        "ID": 46,
        "element": "MINX",
        "infexes": [
            3,
            3
        ],
        "freedom": 0,
        "max_count": 1,
        "options": [
            [
                11,
                32,
                34
            ]
        ],
        "defaults": [
            [
                11,
                32,
                34
            ]
        ]
    },
    "47": {
        "class": "Isotope",
        "ID": 47,
        "element": "IT",
        "infexes": [],
        "freedom": 0,
        "max_count": 1,
        "options": [
            [
                12,
                27,
                25,
                17,
                22
            ]
        ],
        "defaults": [
            [
                12,
                27,
                25,
                17,
                22
            ]
        ]
    },
    "48": {
        "class": "Isotope",
        "ID": 48,
        "element": "SIN",
        "infexes": [],
        "freedom": 0.39326867535531146,
        "max_count": 1,
        "options": [
            [
                50
            ],
            [
                46
            ],
            [
                53
            ]
        ],
        "defaults": [
            [
                46
            ]
        ]
    },
    "49": {
        "class": "Isotope",
        "ID": 49,
        "element": "IT",
        "infexes": [],
        "freedom": 0,
        "max_count": 15,
        "options": [
            [
                16,
                32,
                46,
                28,
                44
            ]
        ],
        "defaults": [
            [
                16,
                32,
                46,
                28,
                44
            ]
        ]
    },
    "50": {
        "class": "Isotope",
        "ID": 50,
        "element": "SPIN",
        "infexes": [],
        "freedom": 0.49275971619919123,
        "max_count": 10,
        "options": [
            [
                45,
                34,
                23
            ],
            [
                27,
                29,
                48
            ],
            [
                19,
                9,
                56
            ]
        ],
        "defaults": [
            [
                45,
                34,
                23
            ]
        ]
    },
    "51": {
        "class": "Isotope",
        "ID": 51,
        "element": "ARCFAN",
        "infexes": [],
        "freedom": 0.23494300451940206,
        "max_count": 6,
        "options": [
            [
                32,
                53
            ],
            [
                49,
                32
            ]
        ],
        "defaults": [
            [
                49,
                32
            ]
        ]
    },
    "52": {
        "class": "Isotope",
        "ID": 52,
        "element": "ARCFAN",
        "infexes": [],
        "freedom": 0.23581897832506873,
        "max_count": 4,
        "options": [
            [
                52,
                24
            ],
            [
                47,
                8
            ]
        ],
        "defaults": [
            [
                47,
                8
            ]
        ]
    },
    "53": {
        "class": "Isotope",
        "ID": 53,
        "element": "SIN",
        "infexes": [],
        "freedom": 0.42107000444676507,
        "max_count": 10,
        "options": [
            [
                55
            ],
            [
                52
            ]
        ],
        "defaults": [
            [
                55
            ]
        ]
    },
    "54": {
        "class": "Isotope",
        "ID": 54,
        "element": "IT",
        "infexes": [],
        "freedom": 0.3217895992881498,
        "max_count": 198,
        "options": [
            [
                8,
                23,
                46,
                27,
                39
            ],
            [
                8,
                23,
                54,
                40,
                58
            ],
            [
                8,
                23,
                26,
                53,
                12
            ]
        ],
        "defaults": [
            [
                8,
                23,
                46,
                27,
                39
            ]
        ]
    },
    "55": {
        "class": "Isotope",
        "ID": 55,
        "element": "SIN",
        "infexes": [],
        "freedom": 0,
        "max_count": 15,
        "options": [
            [
                47
            ]
        ],
        "defaults": [
            [
                47
            ]
        ]
    },
    "56": {
        "class": "Isotope",
        "ID": 56,
        "element": "MINX",
        "infexes": [
            2,
            7
        ],
        "freedom": 0.19298908460795933,
        "max_count": 32,
        "options": [
            [
                49,
                30,
                36,
                39,
                41,
                9
            ],
            [
                35,
                25,
                55,
                37,
                49,
                31,
                57
            ],
            [
                52,
                21,
                60,
                29,
                59,
                28,
                45
            ]
        ],
        "defaults": [
            [
                49,
                30,
                36,
                39,
                41,
                9
            ]
        ]
    },
    "57": {
        "class": "Isotope",
        "ID": 57,
        "element": "ARCFAN",
        "infexes": [],
        "freedom": 0,
        "max_count": 3,
        "options": [
            [
                10,
                12
            ]
        ],
        "defaults": [
            [
                10,
                12
            ]
        ]
    },
    "58": {
        "class": "Isotope",
        "ID": 58,
        "element": "SIN",
        "infexes": [],
        "freedom": 0,
        "max_count": 51,
        "options": [
            [
                20
            ]
        ],
        "defaults": [
            [
                20
            ]
        ]
    },
    "59": {
        "class": "Isotope",
        "ID": 59,
        "element": "SIN",
        "infexes": [],
        "freedom": 0.09870843572417817,
        "max_count": 13,
        "options": [
            [
                40
            ],
            [
                38
            ]
        ],
        "defaults": [
            [
                40
            ],
            [
                38
            ]
        ]
    },
    "60": {
        "class": "Isotope",
        "ID": 60,
        "element": "AMEAN",
        "infexes": [
            4,
            5
        ],
        "freedom": 0,
        "max_count": 10,
        "options": [
            [
                14,
                30,
                13,
                8,
                58
            ]
        ],
        "defaults": [
            [
                14,
                30,
                13,
                8,
                58
            ]
        ]
    }
}