{
    "0": {
        "class": "Isotope",
        "ID": 0,
        "element": "ROOT_MAIN",
        "infexes": [],
        "freedom": 0.1413432683667743,
        "max_count": 1,
        "options": [
            [
                44
            ],
            [
                38
            ],
            [
                36
            ],
            [
                42
            ],
            [
                42
            ]
        ],
        "defaults": [
            [
                36
            ]
        ]
    },
    "1": {
        "class": "Isotope",
        "ID": 1,
        "element": "ROOT_HUE",
        "infexes": [],
        "freedom": 0.3152906054174739,
        "max_count": 1,
        "options": [
            [
                40
            ],
            [
                40
            ]
        ],
        "defaults": [
            [
                40
            ]
        ]
    },
    "2": {
        "class": "Isotope",
        "ID": 2,
        "element": "ROOT_SAT",
        "infexes": [],
        "freedom": 0.24590583479724384,
        "max_count": 1,
        "options": [
            [
                42
            ],
            [
                36
            ],
            [
                36
            ],
            [
                43
            ]
        ],
        "defaults": [
            [
                36
            ]
        ]
    },
    "3": {
        "class": "Isotope",
        "ID": 3,
        "element": "ROOT_VAL",
        "infexes": [],
        "freedom": 0.3590859151444085,
        "max_count": 1,
        "options": [
            [
                42
            ],
            [
                40
            ]
        ],
        "defaults": [
            [
                40
            ]
        ]
    },
    "4": {
        "class": "Isotope",
        "ID": 4,
        "element": "ROOT_PAL",
        "infexes": [],
        "freedom": 0.1442589855023207,
        "max_count": 1,
        "options": [
            [
                36
            ],
            [
                40
            ]
        ],
        "defaults": [
            [
                40
            ]
        ]
    },
    "5": {
        "class": "Isotope",
        "ID": 5,
        "element": "ROOT_GRAD",
        "infexes": [],
        "freedom": 0.407871413570171,
        "max_count": 1,
        "options": [
            [
                40
            ],
            [
                36
            ]
        ],
        "defaults": [
            [
                40
            ]
        ]
    },
    "6": {
        "class": "Isotope",
        "ID": 6,
        "element": "ROOT_TARGET",
        "infexes": [],
        "freedom": 0.3805729084724173,
        "max_count": 1,
        "options": [
            [
                40
            ],
            [
                36
            ]
        ],
        "defaults": [
            [
                36
            ]
        ]
    },
    "7": {
        "class": "Isotope",
        "ID": 7,
        "element": "ROOT_AIM",
        "infexes": [],
        "freedom": 0.1900828893413194,
        "max_count": 1,
        "options": [
            [
                38
            ],
            [
                36
            ]
        ],
        "defaults": [
            [
                36
            ]
        ]
    },
    "8": {
        "class": "Isotope",
        "ID": 8,
        "element": "X",
        "infexes": [],
        "freedom": 0,
        "max_count": 44,
        "options": [],
        "defaults": []
    },
    "9": {
        "class": "Isotope",
        "ID": 9,
        "element": "X",
        "infexes": [],
        "freedom": 0,
        "max_count": 54,
        "options": [],
        "defaults": []
    },
    "10": {
        "class": "Isotope",
        "ID": 10,
        "element": "X",
        "infexes": [],
        "freedom": 0,
        "max_count": 4,
        "options": [],
        "defaults": []
    },
    "11": {
        "class": "Isotope",
        "ID": 11,
        "element": "X",
        "infexes": [],
        "freedom": 0,
        "max_count": 16,
        "options": [],
        "defaults": []
    },
    "12": {
        "class": "Isotope",
        "ID": 12,
        "element": "Y",
        "infexes": [],
        "freedom": 0,
        "max_count": 23,
        "options": [],
        "defaults": []
    },
    "13": {
        "class": "Isotope",
        "ID": 13,
        "element": "Y",
        "infexes": [],
        "freedom": 0,
        "max_count": 28,
        "options": [],
        "defaults": []
    },
    "14": {
        "class": "Isotope",
        "ID": 14,
        "element": "Y",
        "infexes": [],
        "freedom": 0,
        "max_count": 8,
        "options": [],
        "defaults": []
    },
    "15": {
        "class": "Isotope",
        "ID": 15,
        "element": "Y",
        "infexes": [],
        "freedom": 0,
        "max_count": 11,
        "options": [],
        "defaults": []
    },
    "16": {
        "class": "Isotope",
        "ID": 16,
        "element": "Y",
        "infexes": [],
        "freedom": 0,
        "max_count": 30,
        "options": [],
        "defaults": []
    },
    "17": {
        "class": "Isotope",
        "ID": 17,
        "element": "Y",
        "infexes": [],
        "freedom": 0,
        "max_count": 24,
        "options": [],
        "defaults": []
    },
    "18": {
        "class": "Isotope",
        "ID": 18,
        "element": "Y",
        "infexes": [],
        "freedom": 0,
        "max_count": 26,
        "options": [],
        "defaults": []
    },
    "19": {
        "class": "Isotope",
        "ID": 19,
        "element": "Y",
        "infexes": [],
        "freedom": 0,
        "max_count": 1,
        "options": [],
        "defaults": []
    },
    "20": {
        "class": "Isotope",
        "ID": 20,
        "element": "Y",
        "infexes": [],
        "freedom": 0,
        "max_count": 10,
        "options": [],
        "defaults": []
    },
    "21": {
        "class": "Isotope",
        "ID": 21,
        "element": "Y",
        "infexes": [],
        "freedom": 0,
        "max_count": 13,
        "options": [],
        "defaults": []
    },
    "22": {
        "class": "Isotope",
        "ID": 22,
        "element": "SPIN",
        "infexes": [],
        "freedom": 0.5677811607387646,
        "max_count": 17,
        "options": [
            [
                10,
                21,
                12
            ],
            [
                13,
                22,
                19
            ]
        ],
        "defaults": [
            [
                10,
                21,
                12
            ]
        ]
    },
    "23": {
        "class": "Isotope",
        "ID": 23,
        "element": "ARCFAN",
        "infexes": [],
        "freedom": 0.20129587357214146,
        "max_count": 80,
        "options": [
            [
                27,
                18
            ],
            [
                8,
                18
            ]
        ],
        "defaults": [
            [
                8,
                18
            ]
        ]
    },
    "24": {
        "class": "Isotope",
        "ID": 24,
        "element": "SPIN",
        "infexes": [],
        "freedom": 0.14386758285854498,
        "max_count": 26,
        "options": [
            [
                8,
                8,
                14
            ],
            [
                8,
                50,
                16
            ]
        ],
        "defaults": [
            [
                8,
                8,
                14
            ]
        ]
    },
    "25": {
        "class": "Isotope",
        "ID": 25,
        "element": "GMEAN",
        "infexes": [
            6,
            13
        ],
        "freedom": 0.3344460241176946,
        "max_count": 8,
        "options": [
            [
                48,
                28,
                41,
                9,
                38,
                12,
                15,
                23,
                43,
                27,
                25,
                11,
                50
            ],
            [
                10,
                15,
                15,
                15,
                20,
                9,
                13,
                12
            ]
        ],
        "defaults": [
            [
                10,
                15,
                15,
                15,
                20,
                9,
                13,
                12
            ]
        ]
    },
    "26": {
        "class": "Isotope",
        "ID": 26,
        "element": "SPIN",
        "infexes": [],
        "freedom": 0.4476823599416791,
        "max_count": 13,
        "options": [
            [
                42,
                29,
                26
            ],
            [
                23,
                27,
                24
            ],
            [
                9,
                18,
                8
            ]
        ],
        "defaults": [
            [
                9,
                18,
                8
            ]
        ]
    },
    "27": {
        "class": "Isotope",
        "ID": 27,
        "element": "SPIN",
        "infexes": [],
        "freedom": 0.49706724011448405,
        "max_count": 58,
        "options": [
            [
                38,
                27,
                34
            ],
            [
                10,
                36,
                11
            ]
        ],
        "defaults": [
            [
                10,
                36,
                11
            ]
        ]
    },
    "28": {
        "class": "Isotope",
        "ID": 28,
        "element": "ARCFAN",
        "infexes": [],
        "freedom": 0.14874504808186112,
        "max_count": 9,
        "options": [
            [
                8,
                10
            ],
            [
                27,
                40
            ]
        ],
        "defaults": [
            [
                8,
                10
            ]
        ]
    },
    "29": {
        "class": "Isotope",
        "ID": 29,
        "element": "POWER",
        "infexes": [],
        "freedom": 0.3593602392494091,
        "max_count": 39,
        "options": [
            [
                14,
                30
            ],
            [
                21,
                40
            ],
            [
                16,
                14
            ]
        ],
        "defaults": [
            [
                21,
                40
            ]
        ]
    },
    "30": {
        "class": "Isotope",
        "ID": 30,
        "element": "SPIN",
        "infexes": [],
        "freedom": 0.4523162468988335,
        "max_count": 14,
        "options": [
            [
                19,
                43,
                28
            ],
            [
                14,
                16,
                40
            ]
        ],
        "defaults": [
            [
                14,
                16,
                40
            ]
        ]
    },
    "31": {
        "class": "Isotope",
        "ID": 31,
        "element": "MINX",
        "infexes": [
            3,
            5
        ],
        "freedom": 0.22145111934756959,
        "max_count": 9,
        "options": [
            [
                16,
                18,
                16,
                12
            ],
            [
                43,
                31,
                18,
                40,
                14
            ]
        ],
        "defaults": [
            [
                16,
                18,
                16,
                12
            ]
        ]
    },
    "32": {
        "class": "Isotope",
        "ID": 32,
        "element": "INV",
        "infexes": [],
        "freedom": 0,
        "max_count": 33,
        "options": [
            [
                16
            ]
        ],
        "defaults": [
            [
                16
            ]
        ]
    },
    "33": {
        "class": "Isotope",
        "ID": 33,
        "element": "AMEAN",
        "infexes": [
            2,
            2
        ],
        "freedom": 0.6117634041212049,
        "max_count": 29,
        "options": [
            [
                19,
                11
            ],
            [
                31,
                19
            ]
        ],
        "defaults": [
            [
                19,
                11
            ]
        ]
    },
    "34": {
        "class": "Isotope",
        "ID": 34,
        "element": "SPIN",
        "infexes": [],
        "freedom": 0.49871252566840396,
        "max_count": 36,
        "options": [
            [
                18,
                19,
                8
            ],
            [
                12,
                15,
                19
            ],
            [
                17,
                30,
                32
            ]
        ],
        "defaults": [
            [
                18,
                19,
                8
            ]
        ]
    },
    "35": {
        "class": "Isotope",
        "ID": 35,
        "element": "SPIN",
        "infexes": [],
        "freedom": 0.6562426357668455,
        "max_count": 58,
        "options": [
            [
                21,
                13,
                18
            ],
            [
                38,
                13,
                33
            ]
        ],
        "defaults": [
            [
                21,
                13,
                18
            ]
        ]
    },
    "36": {
        "class": "Isotope",
        "ID": 36,
        "element": "MINX",
        "infexes": [
            3,
            7
        ],
        "freedom": 0.18857559250107742,
        "max_count": 23,
        "options": [
            [
                21,
                14,
                16,
                11,
                12,
                20,
                8
            ],
            [
                12,
                9,
                12,
                10,
                18,
                8,
                10
            ],
            [
                8,
                17,
                13,
                16,
                9,
                13,
                10
            ],
            [
                12,
                15,
                21,
                21,
                9,
                12,
                19
            ],
            [
                9,
                21,
                14,
                14,
                13,
                19,
                10
            ],
            [
                17,
                15,
                12,
                10,
                8,
                8,
                9
            ],
            [
                8,
                21,
                21,
                10,
                14,
                11,
                9
            ],
            [
                9,
                8,
                17,
                11,
                9,
                20,
                17
            ],
            [
                18,
                15,
                18,
                21,
                16,
                8,
                19
            ],
            [
                20,
                20,
                21,
                21,
                15,
                9,
                9
            ],
            [
                12,
                14,
                10,
                9,
                10,
                21,
                18
            ],
            [
                8,
                9,
                12,
                10,
                20,
                11,
                15
            ],
            [
                12,
                9,
                8,
                18,
                20,
                18,
                20
            ],
            [
                12,
                8,
                16,
                12,
                10,
                18,
                17
            ],
            [
                14,
                8,
                20,
                10,
                16,
                21,
                9
            ],
            [
                8,
                9,
                20,
                19,
                9,
                21,
                17
            ],
            [
                15,
                14,
                10,
                8,
                12,
                17,
                9
            ]
        ],
        "defaults": [
            [
                21,
                14,
                16,
                11,
                12,
                20,
                8
            ],
            [
                12,
                9,
                12,
                10,
                18,
                8,
                10
            ],
            [
                8,
                17,
                13,
                16,
                9,
                13,
                10
            ],
            [
                12,
                15,
                21,
                21,
                9,
                12,
                19
            ],
            [
                9,
                21,
                14,
                14,
                13,
                19,
                10
            ],
            [
                17,
                15,
                12,
                10,
                8,
                8,
                9
            ],
            [
                8,
                21,
                21,
                10,
                14,
                11,
                9
            ],
            [
                9,
                8,
                17,
                11,
                9,
                20,
                17
            ],
            [
                18,
                15,
                18,
                21,
                16,
                8,
                19
            ],
            [
                20,
                20,
                21,
                21,
                15,
                9,
                9
            ],
            [
                12,
                14,
                10,
                9,
                10,
                21,
                18
            ],
            [
                8,
                9,
                12,
                10,
                20,
                11,
                15
            ],
            [
                12,
                9,
                8,
                18,
                20,
                18,
                20
            ],
            [
                12,
                8,
                16,
                12,
                10,
                18,
                17
            ],
            [
                14,
                8,
                20,
                10,
                16,
                21,
                9
            ],
            [
                8,
                9,
                20,
                19,
                9,
                21,
                17
            ],
            [
                15,
                14,
                10,
                8,
                12,
                17,
                9
            ]
        ]
    },
    "37": {
        "class": "Isotope",
        "ID": 37,
        "element": "SPIN",
        "infexes": [],
        "freedom": 0.062286277078202903,
        "max_count": 16,
        "options": [
            [
                10,
                30,
                10
            ],
            [
                29,
                38,
                11
            ],
            [
                33,
                24,
                14
            ],
            [
                29,
                11,
                44
            ],
            [
                14,
                26,
                50
            ],
            [
                26,
                16,
                29
            ],
            [
                12,
                42,
                23
            ],
            [
                33,
                32,
                24
            ],
            [
                32,
                25,
                18
            ],
            [
                16,
                23,
                50
            ],
            [
                20,
                27,
                27
            ],
            [
                28,
                44,
                12
            ],
            [
                32,
                8,
                12
            ],
            [
                11,
                14,
                40
            ],
            [
                35,
                8,
                8
            ],
            [
                24,
                29,
                50
            ]
        ],
        "defaults": [
            [
                11,
                14,
                40
            ]
        ]
    },
    "38": {
        "class": "Isotope",
        "ID": 38,
        "element": "POWER",
        "infexes": [],
        "freedom": 0.6534699842272377,
        "max_count": 4,
        "options": [
            [
                33,
                24
            ],
            [
                11,
                21
            ]
        ],
        "defaults": [
            [
                11,
                21
            ]
        ]
    },
    "39": {
        "class": "Isotope",
        "ID": 39,
        "element": "GMEAN",
        "infexes": [
            9,
            42
        ],
        "freedom": 0.2480247898460597,
        "max_count": 9,
        "options": [
            [
                11,
                15,
                14,
                9,
                12,
                36,
                21,
                19,
                32,
                16,
                15,
                19,
                16
            ],
            [
                41,
                31,
                38,
                24,
                39,
                22,
                34,
                36,
                46,
                28,
                35,
                43,
                48,
                29,
                50,
                33,
                38,
                30,
                9,
                8,
                51,
                29,
                14,
                34,
                25,
                20,
                12,
                27,
                44,
                8,
                16,
                35,
                15,
                10,
                42,
                12,
                42,
                8,
                8,
                37,
                52,
                38
            ]
        ],
        "defaults": [
            [
                11,
                15,
                14,
                9,
                12,
                36,
                21,
                19,
                32,
                16,
                15,
                19,
                16
            ]
        ]
    },
    "40": {
        "class": "Isotope",
        "ID": 40,
        "element": "SPIN",
        "infexes": [],
        "freedom": 0,
        "max_count": 8,
        "options": [
            [
                32,
                11,
                18
            ]
        ],
        "defaults": [
            [
                32,
                11,
                18
            ]
        ]
    },
    "41": {
        "class": "Isotope",
        "ID": 41,
        "element": "POWER",
        "infexes": [],
        "freedom": 0.16939330263099997,
        "max_count": 56,
        "options": [
            [
                48,
                38
            ],
            [
                40,
                15
            ]
        ],
        "defaults": [
            [
                40,
                15
            ]
        ]
    },
    "42": {
        "class": "Isotope",
        "ID": 42,
        "element": "SPIN",
        "infexes": [],
        "freedom": 0.38644124243682915,
        "max_count": 3,
        "options": [
            [
                38,
                41,
                23
            ],
            [
                40,
                12,
                9
            ]
        ],
        "defaults": [
            [
                40,
                12,
                9
            ]
        ]
    },
    "43": {
        "class": "Isotope",
        "ID": 43,
        "element": "SPIN",
        "infexes": [],
        "freedom": 0.11058265006800345,
        "max_count": 2,
        "options": [
            [
                49,
                19,
                42
            ],
            [
                36,
                20,
                20
            ],
            [
                14,
                43,
                26
            ],
            [
                50,
                42,
                14
            ]
        ],
        "defaults": [
            [
                36,
                20,
                20
            ]
        ]
    },
    "44": {
        "class": "Isotope",
        "ID": 44,
        "element": "POWER",
        "infexes": [],
        "freedom": 0.4819257477164796,
        "max_count": 35,
        "options": [
            [
                35,
                44
            ],
            [
                40,
                16
            ]
        ],
        "defaults": [
            [
                40,
                16
            ]
        ]
    },
    "45": {
        "class": "Isotope",
        "ID": 45,
        "element": "SPIN",
        "infexes": [],
        "freedom": 0.41731911704459107,
        "max_count": 9,
        "options": [
            [
                36,
                32,
                9
            ],
            [
                44,
                8,
                27
            ]
        ],
        "defaults": [
            [
                36,
                32,
                9
            ]
        ]
    },
    "46": {
        "class": "Isotope",
        "ID": 46,
        "element": "SPIN",
        "infexes": [],
        "freedom": 0.29778366280566476,
        "max_count": 6,
        "options": [
            [
                28,
                16,
                45
            ],
            [
                36,
                32,
                13
            ]
        ],
        "defaults": [
            [
                36,
                32,
                13
            ]
        ]
    },
    "47": {
        "class": "Isotope",
        "ID": 47,
        "element": "SPIN",
        "infexes": [],
        "freedom": 0.014693062893238018,
        "max_count": 7,
        "options": [
            [
                15,
                35,
                33
            ],
            [
                14,
                12,
                36
            ]
        ],
        "defaults": [
            [
                14,
                12,
                36
            ]
        ]
    },
    "48": {
        "class": "Isotope",
        "ID": 48,
        "element": "SPIN",
        "infexes": [],
        "freedom": 0.29208263508495425,
        "max_count": 6,
        "options": [
            [
                11,
                11,
                12
            ],
            [
                27,
                23,
                33
            ]
        ],
        "defaults": [
            [
                11,
                11,
                12
            ]
        ]
    },
    "49": {
        "class": "Isotope",
        "ID": 49,
        "element": "GMEAN",
        "infexes": [
            3,
            4
        ],
        "freedom": 0.13414849825851125,
        "max_count": 8,
        "options": [
            [
                20,
                50,
                46,
                22
            ],
            [
                15,
                49,
                39,
                27
            ],
            [
                30,
                16,
                9,
                12
            ],
            [
                24,
                10,
                40,
                40
            ],
            [
                21,
                10,
                17
            ],
            [
                45,
                43,
                19,
                34
            ],
            [
                39,
                22,
                51,
                20
            ],
            [
                27,
                22,
                24,
                41
            ],
            [
                37,
                52,
                8,
                9
            ],
            [
                51,
                16,
                51,
                52
            ],
            [
                52,
                14,
                12,
                38
            ],
            [
                41,
                47,
                44,
                36
            ],
            [
                36,
                48,
                20,
                17
            ],
            [
                37,
                12,
                38,
                17
            ],
            [
                52,
                20,
                29,
                52
            ],
            [
                14,
                30,
                22,
                38
            ],
            [
                47,
                11,
                48,
                47
            ]
        ],
        "defaults": [
            [
                21,
                10,
                17
            ]
        ]
    },
    "50": {
        "class": "Isotope",
        "ID": 50,
        "element": "SPIN",
        "infexes": [],
        "freedom": 0.10737476693410658,
        "max_count": 14,
        "options": [
            [
                14,
                45,
                19
            ],
            [
                51,
                28,
                45
            ],
            [
                11,
                32,
                13
            ]
        ],
        "defaults": [
            [
                11,
                32,
                13
            ]
        ]
    },
    "51": {
        "class": "Isotope",
        "ID": 51,
        "element": "SPIN",
        "infexes": [],
        "freedom": 0.3941821095043663,
        "max_count": 30,
        "options": [
            [
                46,
                50,
                35
            ],
            [
                20,
                14,
                17
            ],
            [
                28,
                8,
                32
            ],
            [
                18,
                20,
                37
            ]
        ],
        "defaults": [
            [
                20,
                14,
                17
            ]
        ]
    },
    "52": {
        "class": "Isotope",
        "ID": 52,
        "element": "INV",
        "infexes": [],
        "freedom": 0.16291210340404608,
        "max_count": 20,
        "options": [
            [
                32
            ],
            [
                27
            ]
        ],
        "defaults": [
            [
                32
            ]
        ]
    }
}