{
    "0": {
        "class": "Isotope",
        "ID": 0,
        "element": "ROOT_MAIN",
        "infexes": [],
        "freedom": 0.2092793898168182,
        "max_count": 1,
        "options": [
            [
                25
            ],
            [
                21
            ],
            [
                22
            ],
            [
                30
            ],
            [
                26
            ],
            [
                31
            ],
            [
                28
            ],
            [
                26
            ],
            [
                23
            ],
            [
                24
            ],
            [
                28
            ],
            [
                22
            ]
        ],
        "defaults": [
            [
                24
            ]
        ]
    },
    "1": {
        "class": "Isotope",
        "ID": 1,
        "element": "ROOT_HUE",
        "infexes": [],
        "freedom": 0.07202980709976484,
        "max_count": 1,
        "options": [
            [
                27
            ],
            [
                21
            ]
        ],
        "defaults": [
            [
                21
            ]
        ]
    },
    "2": {
        "class": "Isotope",
        "ID": 2,
        "element": "ROOT_SAT",
        "infexes": [],
        "freedom": 0.15466200823041998,
        "max_count": 1,
        "options": [
            [
                21
            ],
            [
                29
            ]
        ],
        "defaults": [
            [
                21
            ]
        ]
    },
    "3": {
        "class": "Isotope",
        "ID": 3,
        "element": "ROOT_VAL",
        "infexes": [],
        "freedom": 0.09981029899097982,
        "max_count": 1,
        "options": [
            [
                28
            ],
            [
                26
            ]
        ],
        "defaults": [
            [
                26
            ]
        ]
    },
    "4": {
        "class": "Isotope",
        "ID": 4,
        "element": "ROOT_PAL",
        "infexes": [],
        "freedom": 0.022560976795149453,
        "max_count": 1,
        "options": [
            [
                24
            ],
            [
                24
            ],
            [
                21
            ]
        ],
        "defaults": [
            [
                21
            ]
        ]
    },
    "5": {
        "class": "Isotope",
        "ID": 5,
        "element": "ROOT_GRAD",
        "infexes": [],
        "freedom": 0.09309416206234185,
        "max_count": 1,
        "options": [
            [
                29
            ],
            [
                27
            ],
            [
                25
            ]
        ],
        "defaults": [
            [
                27
            ]
        ]
    },
    "6": {
        "class": "Isotope",
        "ID": 6,
        "element": "ROOT_TARGET",
        "infexes": [],
        "freedom": 0.19458360139125455,
        "max_count": 1,
        "options": [
            [
                30
            ],
            [
                21
            ],
            [
                24
            ]
        ],
        "defaults": [
            [
                21
            ]
        ]
    },
    "7": {
        "class": "Isotope",
        "ID": 7,
        "element": "ROOT_AIM",
        "infexes": [],
        "freedom": 0.5669028595885486,
        "max_count": 1,
        "options": [
            [
                27
            ],
            [
                30
            ],
            [
                21
            ],
            [
                24
            ]
        ],
        "defaults": [
            [
                27
            ]
        ]
    },
    "8": {
        "class": "Isotope",
        "ID": 8,
        "element": "X",
        "infexes": [],
        "freedom": 0,
        "max_count": 7,
        "options": [],
        "defaults": []
    },
    "9": {
        "class": "Isotope",
        "ID": 9,
        "element": "X",
        "infexes": [],
        "freedom": 0,
        "max_count": 104,
        "options": [],
        "defaults": []
    },
    "10": {
        "class": "Isotope",
        "ID": 10,
        "element": "Y",
        "infexes": [],
        "freedom": 0,
        "max_count": 5,
        "options": [],
        "defaults": []
    },
    "11": {
        "class": "Isotope",
        "ID": 11,
        "element": "Y",
        "infexes": [],
        "freedom": 0,
        "max_count": 29,
        "options": [],
        "defaults": []
    },
    "12": {
        "class": "Isotope",
        "ID": 12,
        "element": "Y",
        "infexes": [],
        "freedom": 0,
        "max_count": 23,
        "options": [],
        "defaults": []
    },
    "13": {
        "class": "Isotope",
        "ID": 13,
        "element": "Y",
        "infexes": [],
        "freedom": 0,
        "max_count": 147,
        "options": [],
        "defaults": []
    },
    "14": {
        "class": "Isotope",
        "ID": 14,
        "element": "Y",
        "infexes": [],
        "freedom": 0,
        "max_count": 8,
        "options": [],
        "defaults": []
    },
    "15": {
        "class": "Isotope",
        "ID": 15,
        "element": "SIN",
        "infexes": [],
        "freedom": 0.3277378844647753,
        "max_count": 23,
        "options": [
            [
                9
            ],
            [
                9
            ]
        ],
        "defaults": [
            [
                9
            ],
            [
                9
            ]
        ]
    },
    "16": {
        "class": "Isotope",
        "ID": 16,
        "element": "INV",
        "infexes": [],
        "freedom": 0,
        "max_count": 1,
        "options": [
            [
                8
            ]
        ],
        "defaults": [
            [
                8
            ]
        ]
    },
    "17": {
        "class": "Isotope",
        "ID": 17,
        "element": "SPIN",
        "infexes": [],
        "freedom": 0.5327687522263844,
        "max_count": 35,
        "options": [
            [
                15,
                9,
                26
            ],
            [
                16,
                34,
                19
            ]
        ],
        "defaults": [
            [
                15,
                9,
                26
            ]
        ]
    },
    "18": {
        "class": "Isotope",
        "ID": 18,
        "element": "INV",
        "infexes": [],
        "freedom": 0,
        "max_count": 35,
        "options": [
            [
                12
            ]
        ],
        "defaults": [
            [
                12
            ]
        ]
    },
    "19": {
        "class": "Isotope",
        "ID": 19,
        "element": "POWER",
        "infexes": [],
        "freedom": 0,
        "max_count": 23,
        "options": [
            [
                14,
                12
            ]
        ],
        "defaults": [
            [
                14,
                12
            ]
        ]
    },
    "20": {
        "class": "Isotope",
        "ID": 20,
        "element": "POWER",
        "infexes": [],
        "freedom": 0.22390946097995457,
        "max_count": 21,
        "options": [
            [
                18,
                33
            ],
            [
                12,
                32
            ],
            [
                17,
                18
            ]
        ],
        "defaults": [
            [
                12,
                32
            ]
        ]
    },
    "21": {
        "class": "Isotope",
        "ID": 21,
        "element": "ARCFAN",
        "infexes": [],
        "freedom": 0,
        "max_count": 5,
        "options": [
            [
                14,
                8
            ]
        ],
        "defaults": [
            [
                14,
                8
            ]
        ]
    },
    "22": {
        "class": "Isotope",
        "ID": 22,
        "element": "AMEAN",
        "infexes": [
            3,
            5
        ],
        "freedom": 0.2452268220333588,
        "max_count": 69,
        "options": [
            [
                15,
                10,
                14,
                13,
                32
            ],
            [
                22,
                32,
                8,
                34,
                11
            ]
        ],
        "defaults": [
            [
                15,
                10,
                14,
                13,
                32
            ]
        ]
    },
    "23": {
        "class": "Isotope",
        "ID": 23,
        "element": "POWER",
        "infexes": [],
        "freedom": 0,
        "max_count": 28,
        "options": [
            [
                9,
                19
            ]
        ],
        "defaults": [
            [
                9,
                19
            ]
        ]
    },
    "24": {
        "class": "Isotope",
        "ID": 24,
        "element": "AMEAN",
        "infexes": [
            2,
            6
        ],
        "freedom": 0,
        "max_count": 76,
        "options": [
            [
                15,
                23,
                15,
                10,
                12,
                12
            ]
        ],
        "defaults": [
            [
                15,
                23,
                15,
                10,
                12,
                12
            ]
        ]
    },
    "25": {
        "class": "Isotope",
        "ID": 25,
        "element": "SPIN",
        "infexes": [],
        "freedom": 0.5462599015248981,
        "max_count": 10,
        "options": [
            [
                17,
                11,
                20
            ],
            [
                8,
                10,
                33
            ]
        ],
        "defaults": [
            [
                8,
                10,
                33
            ]
        ]
    },
    "26": {
        "class": "Isotope",
        "ID": 26,
        "element": "POWER",
        "infexes": [],
        "freedom": 0,
        "max_count": 93,
        "options": [
            [
                10,
                15
            ]
        ],
        "defaults": [
            [
                10,
                15
            ]
        ]
    },
    "27": {
        "class": "Isotope",
        "ID": 27,
        "element": "GMEAN",
        "infexes": [
            3,
            3
        ],
        "freedom": 0.06749812202600017,
        "max_count": 18,
        "options": [
            [
                19,
                16,
                23
            ],
            [
                15,
                13,
                13
            ]
        ],
        "defaults": [
            [
                19,
                16,
                23
            ],
            [
                15,
                13,
                13
            ]
        ]
    },
    "28": {
        "class": "Isotope",
        "ID": 28,
        "element": "AMEAN",
        "infexes": [
            2,
            2
        ],
        "freedom": 0.11827378160787264,
        "max_count": 50,
        "options": [
            [
                10,
                17
            ],
            [
                8,
                20
            ],
            [
                18,
                17
            ],
            [
                8,
                14
            ],
            [
                9,
                20
            ],
            [
                14,
                9
            ]
        ],
        "defaults": [
            [
                8,
                14
            ]
        ]
    },
    "29": {
        "class": "Isotope",
        "ID": 29,
        "element": "SPIN",
        "infexes": [],
        "freedom": 0.4279481711103335,
        "max_count": 1,
        "options": [
            [
                30,
                24,
                25
            ],
            [
                31,
                16,
                32
            ]
        ],
        "defaults": [
            [
                31,
                16,
                32
            ]
        ]
    },
    "30": {
        "class": "Isotope",
        "ID": 30,
        "element": "INV",
        "infexes": [],
        "freedom": 0,
        "max_count": 23,
        "options": [
            [
                24
            ]
        ],
        "defaults": [
            [
                24
            ]
        ]
    },
    "31": {
        "class": "Isotope",
        "ID": 31,
        "element": "GMEAN",
        "infexes": [
            2,
            6
        ],
        "freedom": 0,
        "max_count": 54,
        "options": [
            [
                13,
                23,
                14,
                12,
                18,
                27
            ]
        ],
        "defaults": [
            [
                13,
                23,
                14,
                12,
                18,
                27
            ]
        ]
    },
    "32": {
        "class": "Isotope",
        "ID": 32,
        "element": "INV",
        "infexes": [],
        "freedom": 0,
        "max_count": 30,
        "options": [
            [
                19
            ]
        ],
        "defaults": [
            [
                19
            ]
        ]
    },
    "33": {
        "class": "Isotope",
        "ID": 33,
        "element": "INV",
        "infexes": [],
        "freedom": 0,
        "max_count": 28,
        "options": [
            [
                27
            ]
        ],
        "defaults": [
            [
                27
            ]
        ]
    },
    "34": {
        "class": "Isotope",
        "ID": 34,
        "element": "SIGMOID",
        "infexes": [],
        "freedom": 0.4827489571086107,
        "max_count": 83,
        "options": [
            [
                28
            ],
            [
                19
            ]
        ],
        "defaults": [
            [
                19
            ]
        ]
    }
}