{
    "0": {
        "class": "Isotope",
        "ID": 0,
        "element": "ROOT_MAIN",
        "infexes": [],
        "freedom": 0.06352535117504524,
        "max_count": 1,
        "options": [
            [
                43
            ],
            [
                51
            ],
            [
                42
            ]
        ],
        "defaults": [
            [
                42
            ]
        ]
    },
    "1": {
        "class": "Isotope",
        "ID": 1,
        "element": "ROOT_HUE",
        "infexes": [],
        "freedom": 0.20044853347557734,
        "max_count": 1,
        "options": [
            [
                42
            ],
            [
                44
            ]
        ],
        "defaults": [
            [
                42
            ]
        ]
    },
    "2": {
        "class": "Isotope",
        "ID": 2,
        "element": "ROOT_SAT",
        "infexes": [],
        "freedom": 0.3793545468010102,
        "max_count": 1,
        "options": [
            [
                42
            ],
            [
                51
            ],
            [
                51
            ]
        ],
        "defaults": [
            [
                42
            ]
        ]
    },
    "3": {
        "class": "Isotope",
        "ID": 3,
        "element": "ROOT_VAL",
        "infexes": [],
        "freedom": 0.26728419260022707,
        "max_count": 1,
        "options": [
            [
                45
            ],
            [
                42
            ]
        ],
        "defaults": [
            [
                42
            ]
        ]
    },
    "4": {
        "class": "Isotope",
        "ID": 4,
        "element": "ROOT_PAL",
        "infexes": [],
        "freedom": 0.2794949691933005,
        "max_count": 1,
        "options": [
            [
                49
            ],
            [
                42
            ]
        ],
        "defaults": [
            [
                42
            ]
        ]
    },
    "5": {
        "class": "Isotope",
        "ID": 5,
        "element": "ROOT_GRAD",
        "infexes": [],
        "freedom": 0.5878405587444162,
        "max_count": 1,
        "options": [
            [
                42
            ],
            [
                46
            ]
        ],
        "defaults": [
            [
                42
            ]
        ]
    },
    "6": {
        "class": "Isotope",
        "ID": 6,
        "element": "ROOT_TARGET",
        "infexes": [],
        "freedom": 0.3895786224161611,
        "max_count": 1,
        "options": [
            [
                42
            ],
            [
                49
            ]
        ],
        "defaults": [
            [
                42
            ]
        ]
    },
    "7": {
        "class": "Isotope",
        "ID": 7,
        "element": "ROOT_AIM",
        "infexes": [],
        "freedom": 0.27306429607690264,
        "max_count": 1,
        "options": [
            [
                42
            ],
            [
                44
            ],
            [
                50
            ]
        ],
        "defaults": [
            [
                42
            ]
        ]
    },
    "8": {
        "class": "Isotope",
        "ID": 8,
        "element": "X",
        "infexes": [],
        "freedom": 0,
        "max_count": 39,
        "options": [],
        "defaults": []
    },
    "9": {
        "class": "Isotope",
        "ID": 9,
        "element": "X",
        "infexes": [],
        "freedom": 0,
        "max_count": 7,
        "options": [],
        "defaults": []
    },
    "10": {
        "class": "Isotope",
        "ID": 10,
        "element": "X",
        "infexes": [],
        "freedom": 0,
        "max_count": 31,
        "options": [],
        "defaults": []
    },
    "11": {
        "class": "Isotope",
        "ID": 11,
        "element": "X",
        "infexes": [],
        "freedom": 0,
        "max_count": 1,
        "options": [],
        "defaults": []
    },
    "12": {
        "class": "Isotope",
        "ID": 12,
        "element": "X",
        "infexes": [],
        "freedom": 0,
        "max_count": 10,
        "options": [],
        "defaults": []
    },
    "13": {
        "class": "Isotope",
        "ID": 13,
        "element": "X",
        "infexes": [],
        "freedom": 0,
        "max_count": 13,
        "options": [],
        "defaults": []
    },
    "14": {
        "class": "Isotope",
        "ID": 14,
        "element": "X",
        "infexes": [],
        "freedom": 0,
        "max_count": 27,
        "options": [],
        "defaults": []
    },
    "15": {
        "class": "Isotope",
        "ID": 15,
        "element": "X",
        "infexes": [],
        "freedom": 0,
        "max_count": 6,
        "options": [],
        "defaults": []
    },
    "16": {
        "class": "Isotope",
        "ID": 16,
        "element": "X",
        "infexes": [],
        "freedom": 0,
        "max_count": 37,
        "options": [],
        "defaults": []
    },
    "17": {
        "class": "Isotope",
        "ID": 17,
        "element": "X",
        "infexes": [],
        "freedom": 0,
        "max_count": 13,
        "options": [],
        "defaults": []
    },
    "18": {
        "class": "Isotope",
        "ID": 18,
        "element": "Y",
        "infexes": [],
        "freedom": 0,
        "max_count": 42,
        "options": [],
        "defaults": []
    },
    "19": {
        "class": "Isotope",
        "ID": 19,
        "element": "Y",
        "infexes": [],
        "freedom": 0,
        "max_count": 23,
        "options": [],
        "defaults": []
    },
    "20": {
        "class": "Isotope",
        "ID": 20,
        "element": "Y",
        "infexes": [],
        "freedom": 0,
        "max_count": 18,
        "options": [],
        "defaults": []
    },
    "21": {
        "class": "Isotope",
        "ID": 21,
        "element": "Y",
        "infexes": [],
        "freedom": 0,
        "max_count": 24,
        "options": [],
        "defaults": []
    },
    "22": {
        "class": "Isotope",
        "ID": 22,
        "element": "Y",
        "infexes": [],
        "freedom": 0,
        "max_count": 11,
        "options": [],
        "defaults": []
    },
    "23": {
        "class": "Isotope",
        "ID": 23,
        "element": "Y",
        "infexes": [],
        "freedom": 0,
        "max_count": 46,
        "options": [],
        "defaults": []
    },
    "24": {
        "class": "Isotope",
        "ID": 24,
        "element": "Y",
        "infexes": [],
        "freedom": 0,
        "max_count": 7,
        "options": [],
        "defaults": []
    },
    "25": {
        "class": "Isotope",
        "ID": 25,
        "element": "Y",
        "infexes": [],
        "freedom": 0,
        "max_count": 52,
        "options": [],
        "defaults": []
    },
    "26": {
        "class": "Isotope",
        "ID": 26,
        "element": "Y",
        "infexes": [],
        "freedom": 0,
        "max_count": 27,
        "options": [],
        "defaults": []
    },
    "27": {
        "class": "Isotope",
        "ID": 27,
        "element": "Y",
        "infexes": [],
        "freedom": 0,
        "max_count": 37,
        "options": [],
        "defaults": []
    },
    "28": {
        "class": "Isotope",
        "ID": 28,
        "element": "POWER",
        "infexes": [],
        "freedom": 0,
        "max_count": 8,
        "options": [
            [
                14,
                8
            ]
        ],
        "defaults": [
            [
                14,
                8
            ]
        ]
    },
    "29": {
        "class": "Isotope",
        "ID": 29,
        "element": "POWER",
        "infexes": [],
        "freedom": 0,
        "max_count": 4,
        "options": [
            [
                28,
                27
            ]
        ],
        "defaults": [
            [
                28,
                27
            ]
        ]
    },
    "30": {
        "class": "Isotope",
        "ID": 30,
        "element": "SIGMOID",
        "infexes": [],
        "freedom": 0,
        "max_count": 44,
        "options": [
            [
                12
            ]
        ],
        "defaults": [
            [
                12
            ]
        ]
    },
    "31": {
        "class": "Isotope",
        "ID": 31,
        "element": "SIGMOID",
        "infexes": [],
        "freedom": 0,
        "max_count": 15,
        "options": [
            [
                8
            ]
        ],
        "defaults": [
            [
                8
            ]
        ]
    },
    "32": {
        "class": "Isotope",
        "ID": 32,
        "element": "MINX",
        "infexes": [
            5,
            6
        ],
        "freedom": 0.022821329724678874,
        "max_count": 58,
        "options": [
            [
                17,
                31,
                31,
                34,
                8
            ],
            [
                23,
                30,
                51,
                10,
                16,
                21
            ]
        ],
        "defaults": [
            [
                17,
                31,
                31,
                34,
                8
            ]
        ]
    },
    "33": {
        "class": "Isotope",
        "ID": 33,
        "element": "AMEAN",
        "infexes": [
            3,
            4
        ],
        "freedom": 0,
        "max_count": 10,
        "options": [
            [
                15,
                35,
                16,
                29
            ]
        ],
        "defaults": [
            [
                15,
                35,
                16,
                29
            ]
        ]
    },
    "34": {
        "class": "Isotope",
        "ID": 34,
        "element": "SIN",
        "infexes": [],
        "freedom": 0,
        "max_count": 29,
        "options": [
            [
                15
            ]
        ],
        "defaults": [
            [
                15
            ]
        ]
    },
    "35": {
        "class": "Isotope",
        "ID": 35,
        "element": "SIN",
        "infexes": [],
        "freedom": 0,
        "max_count": 59,
        "options": [
            [
                21
            ]
        ],
        "defaults": [
            [
                21
            ]
        ]
    },
    "36": {
        "class": "Isotope",
        "ID": 36,
        "element": "GMEAN",
        "infexes": [
            3,
            32
        ],
        "freedom": 0.46520185507607886,
        "max_count": 2,
        "options": [
            [
                35,
                52,
                52,
                48,
                18,
                20,
                58,
                58,
                41,
                51,
                44,
                47,
                43,
                41,
                39,
                47,
                14,
                11,
                25,
                53,
                26,
                47,
                29,
                49,
                34,
                34,
                39,
                36,
                25,
                53,
                32,
                17
            ],
            [
                18,
                30,
                18,
                28,
                19
            ]
        ],
        "defaults": [
            [
                18,
                30,
                18,
                28,
                19
            ]
        ]
    },
    "37": {
        "class": "Isotope",
        "ID": 37,
        "element": "GMEAN",
        "infexes": [
            6,
            9
        ],
        "freedom": 0.5148104348704644,
        "max_count": 19,
        "options": [
            [
                10,
                37,
                27,
                37,
                21,
                20,
                45,
                19,
                21
            ],
            [
                27,
                9,
                15,
                35,
                10,
                33
            ]
        ],
        "defaults": [
            [
                27,
                9,
                15,
                35,
                10,
                33
            ]
        ]
    },
    "38": {
        "class": "Isotope",
        "ID": 38,
        "element": "GMEAN",
        "infexes": [
            2,
            4
        ],
        "freedom": 0.2376293577968732,
        "max_count": 3,
        "options": [
            [
                31,
                24,
                34,
                40
            ],
            [
                21,
                19
            ],
            [
                49,
                55,
                25,
                34
            ]
        ],
        "defaults": [
            [
                21,
                19
            ]
        ]
    },
    "39": {
        "class": "Isotope",
        "ID": 39,
        "element": "GMEAN",
        "infexes": [
            3,
            6
        ],
        "freedom": 0.12596001956691763,
        "max_count": 12,
        "options": [
            [
                56,
                40,
                28,
                8,
                19,
                21
            ],
            [
                22,
                57,
                16,
                18
            ]
        ],
        "defaults": [
            [
                22,
                57,
                16,
                18
            ]
        ]
    },
    "40": {
        "class": "Isotope",
        "ID": 40,
        "element": "SIGMOID",
        "infexes": [],
        "freedom": 0.417975983892658,
        "max_count": 13,
        "options": [
            [
                40
            ],
            [
                24
            ]
        ],
        "defaults": [
            [
                24
            ]
        ]
    },
    "41": {
        "class": "Isotope",
        "ID": 41,
        "element": "POWER",
        "infexes": [],
        "freedom": 0.35615644566541865,
        "max_count": 2,
        "options": [
            [
                25,
                12
            ],
            [
                39,
                12
            ]
        ],
        "defaults": [
            [
                25,
                12
            ]
        ]
    },
    "42": {
        "class": "Isotope",
        "ID": 42,
        "element": "POWER",
        "infexes": [],
        "freedom": 0.28838184563175606,
        "max_count": 22,
        "options": [
            [
                23,
                17
            ],
            [
                11,
                24
            ]
        ],
        "defaults": [
            [
                23,
                17
            ],
            [
                11,
                24
            ]
        ]
    },
    "43": {
        "class": "Isotope",
        "ID": 43,
        "element": "AMEAN",
        "infexes": [
            2,
            37
        ],
        "freedom": 0.5409483561901741,
        "max_count": 15,
        "options": [
            [
                31,
                21,
                14,
                33,
                20,
                22,
                30,
                18,
                26,
                22,
                35,
                23,
                13,
                42,
                42,
                57,
                8,
                27,
                34,
                20,
                33,
                12,
                57,
                23,
                21,
                35,
                10,
                25,
                20,
                33,
                15,
                20,
                8,
                29,
                27,
                35
            ],
            [
                10,
                32,
                38,
                47,
                26,
                17,
                43,
                56,
                37,
                56,
                28,
                47,
                15,
                16,
                52,
                24,
                56,
                32,
                11,
                12,
                13,
                44,
                11,
                31,
                14,
                29,
                42,
                52,
                12,
                27,
                16,
                27,
                50,
                17,
                33,
                57,
                31
            ]
        ],
        "defaults": [
            [
                31,
                21,
                14,
                33,
                20,
                22,
                30,
                18,
                26,
                22,
                35,
                23,
                13,
                42,
                42,
                57,
                8,
                27,
                34,
                20,
                33,
                12,
                57,
                23,
                21,
                35,
                10,
                25,
                20,
                33,
                15,
                20,
                8,
                29,
                27,
                35
            ]
        ]
    },
    "44": {
        "class": "Isotope",
        "ID": 44,
        "element": "MINX",
        "infexes": [
            2,
            6
        ],
        "freedom": 0.10166126334240388,
        "max_count": 174,
        "options": [
            [
                24,
                55,
                22,
                56,
                33,
                19
            ],
            [
                54,
                31,
                22,
                33,
                40,
                9
            ],
            [
                49,
                36,
                30,
                21,
                31,
                57
            ],
            [
                41,
                23,
                13,
                17,
                41,
                17
            ],
            [
                13,
                24,
                30,
                24,
                9,
                18
            ],
            [
                12,
                24,
                14,
                24
            ],
            [
                57,
                48,
                32,
                43,
                37,
                45
            ],
            [
                20,
                11,
                49,
                11,
                45,
                11
            ]
        ],
        "defaults": [
            [
                12,
                24,
                14,
                24
            ]
        ]
    },
    "45": {
        "class": "Isotope",
        "ID": 45,
        "element": "GMEAN",
        "infexes": [
            6,
            10
        ],
        "freedom": 0.3778546283713998,
        "max_count": 47,
        "options": [
            [
                26,
                19,
                46,
                11,
                33,
                54,
                51,
                48,
                27,
                11
            ],
            [
                16,
                26,
                30,
                12,
                8,
                11,
                20,
                10
            ]
        ],
        "defaults": [
            [
                16,
                26,
                30,
                12,
                8,
                11,
                20,
                10
            ]
        ]
    },
    "46": {
        "class": "Isotope",
        "ID": 46,
        "element": "POWER",
        "infexes": [],
        "freedom": 0.3128548954437675,
        "max_count": 9,
        "options": [
            [
                14,
                27
            ],
            [
                11,
                36
            ]
        ],
        "defaults": [
            [
                14,
                27
            ]
        ]
    },
    "47": {
        "class": "Isotope",
        "ID": 47,
        "element": "SIGMOID",
        "infexes": [],
        "freedom": 0.3689604536873399,
        "max_count": 34,
        "options": [
            [
                44
            ],
            [
                42
            ]
        ],
        "defaults": [
            [
                42
            ]
        ]
    },
    "48": {
        "class": "Isotope",
        "ID": 48,
        "element": "SIGMOID",
        "infexes": [],
        "freedom": 0.44086979383264074,
        "max_count": 23,
        "options": [
            [
                44
            ],
            [
                42
            ]
        ],
        "defaults": [
            [
                42
            ]
        ]
    },
    "49": {
        "class": "Isotope",
        "ID": 49,
        "element": "POWER",
        "infexes": [],
        "freedom": 0.7455024135278142,
        "max_count": 25,
        "options": [
            [
                49,
                34
            ],
            [
                42,
                26
            ]
        ],
        "defaults": [
            [
                42,
                26
            ]
        ]
    },
    "50": {
        "class": "Isotope",
        "ID": 50,
        "element": "POWER",
        "infexes": [],
        "freedom": 0.20807960886710322,
        "max_count": 41,
        "options": [
            [
                42,
                29
            ],
            [
                43,
                10
            ],
            [
                48,
                57
            ]
        ],
        "defaults": [
            [
                42,
                29
            ]
        ]
    },
    "51": {
        "class": "Isotope",
        "ID": 51,
        "element": "SIGMOID",
        "infexes": [],
        "freedom": 0.2432582163396726,
        "max_count": 1,
        "options": [
            [
                45
            ],
            [
                42
            ]
        ],
        "defaults": [
            [
                42
            ]
        ]
    },
    "52": {
        "class": "Isotope",
        "ID": 52,
        "element": "GMEAN",
        "infexes": [
            2,
            2
        ],
        "freedom": 0,
        "max_count": 5,
        "options": [
            [
                33,
                15
            ]
        ],
        "defaults": [
            [
                33,
                15
            ]
        ]
    },
    "53": {
        "class": "Isotope",
        "ID": 53,
        "element": "GMEAN",
        "infexes": [
            3,
            4
        ],
        "freedom": 0.31233528777434166,
        "max_count": 1,
        "options": [
            [
                9,
                22,
                30,
                55
            ],
            [
                34,
                56,
                20,
                8
            ],
            [
                39,
                19,
                51,
                47
            ]
        ],
        "defaults": [
            [
                34,
                56,
                20,
                8
            ]
        ]
    },
    "54": {
        "class": "Isotope",
        "ID": 54,
        "element": "MINX",
        "infexes": [
            3,
            4
        ],
        "freedom": 0.4189180465646241,
        "max_count": 10,
        "options": [
            [
                52,
                33,
                35,
                13
            ],
            [
                11,
                51,
                8,
                16
            ]
        ],
        "defaults": [
            [
                52,
                33,
                35,
                13
            ]
        ]
    },
    "55": {
        "class": "Isotope",
        "ID": 55,
        "element": "POWER",
        "infexes": [],
        "freedom": 0.3048829383730582,
        "max_count": 13,
        "options": [
            [
                23,
                14
            ],
            [
                29,
                48
            ]
        ],
        "defaults": [
            [
                23,
                14
            ]
        ]
    },
    "56": {
        "class": "Isotope",
        "ID": 56,
        "element": "SIGMOID",
        "infexes": [],
        "freedom": 0,
        "max_count": 27,
        "options": [
            [
                29
            ]
        ],
        "defaults": [
            [
                29
            ]
        ]
    },
    "57": {
        "class": "Isotope",
        "ID": 57,
        "element": "SIGMOID",
        "infexes": [],
        "freedom": 0,
        "max_count": 17,
        "options": [
            [
                23
            ]
        ],
        "defaults": [
            [
                23
            ]
        ]
    },
    "58": {
        "class": "Isotope",
        "ID": 58,
        "element": "SIGMOID",
        "infexes": [],
        "freedom": 0.5251082192156385,
        "max_count": 8,
        "options": [
            [
                53
            ],
            [
                13
            ]
        ],
        "defaults": [
            [
                13
            ]
        ]
    }
}