{
    "0": {
        "class": "Isotope",
        "ID": 0,
        "element": "ROOT_MAIN",
        "infexes": [],
        "freedom": 0.1995747359409955,
        "max_count": 1,
        "options": [
            [
                143
            ],
            [
                129
            ]
        ],
        "defaults": [
            [
                129
            ]
        ]
    },
    "1": {
        "class": "Isotope",
        "ID": 1,
        "element": "ROOT_HUE",
        "infexes": [],
        "freedom": 0.307121625548492,
        "max_count": 1,
        "options": [
            [
                120
            ],
            [
                141
            ]
        ],
        "defaults": [
            [
                141
            ]
        ]
    },
    "2": {
        "class": "Isotope",
        "ID": 2,
        "element": "ROOT_SAT",
        "infexes": [],
        "freedom": 0.5700388889916089,
        "max_count": 1,
        "options": [
            [
                138
            ],
            [
                125
            ]
        ],
        "defaults": [
            [
                125
            ]
        ]
    },
    "3": {
        "class": "Isotope",
        "ID": 3,
        "element": "ROOT_VAL",
        "infexes": [],
        "freedom": 0.3304475083277732,
        "max_count": 1,
        "options": [
            [
                138
            ],
            [
                120
            ]
        ],
        "defaults": [
            [
                120
            ]
        ]
    },
    "4": {
        "class": "Isotope",
        "ID": 4,
        "element": "ROOT_PAL",
        "infexes": [],
        "freedom": 0.4696974098130579,
        "max_count": 1,
        "options": [
            [
                126
            ],
            [
                144
            ]
        ],
        "defaults": [
            [
                126
            ]
        ]
    },
    "5": {
        "class": "Isotope",
        "ID": 5,
        "element": "ROOT_GRAD",
        "infexes": [],
        "freedom": 0.2502631090088875,
        "max_count": 1,
        "options": [
            [
                119
            ],
            [
                146
            ]
        ],
        "defaults": [
            [
                119
            ]
        ]
    },
    "6": {
        "class": "Isotope",
        "ID": 6,
        "element": "ROOT_TARGET",
        "infexes": [],
        "freedom": 0.5116157947095727,
        "max_count": 1,
        "options": [
            [
                123
            ],
            [
                140
            ]
        ],
        "defaults": [
            [
                123
            ]
        ]
    },
    "7": {
        "class": "Isotope",
        "ID": 7,
        "element": "ROOT_AIM",
        "infexes": [],
        "freedom": 0.5028750176176542,
        "max_count": 1,
        "options": [
            [
                141
            ],
            [
                146
            ]
        ],
        "defaults": [
            [
                141
            ]
        ]
    },
    "8": {
        "class": "Isotope",
        "ID": 8,
        "element": "X",
        "infexes": [],
        "freedom": 0,
        "max_count": 58,
        "options": [],
        "defaults": []
    },
    "9": {
        "class": "Isotope",
        "ID": 9,
        "element": "X",
        "infexes": [],
        "freedom": 0,
        "max_count": 43,
        "options": [],
        "defaults": []
    },
    "10": {
        "class": "Isotope",
        "ID": 10,
        "element": "X",
        "infexes": [],
        "freedom": 0,
        "max_count": 1,
        "options": [],
        "defaults": []
    },
    "11": {
        "class": "Isotope",
        "ID": 11,
        "element": "X",
        "infexes": [],
        "freedom": 0,
        "max_count": 18,
        "options": [],
        "defaults": []
    },
    "12": {
        "class": "Isotope",
        "ID": 12,
        "element": "X",
        "infexes": [],
        "freedom": 0,
        "max_count": 12,
        "options": [],
        "defaults": []
    },
    "13": {
        "class": "Isotope",
        "ID": 13,
        "element": "X",
        "infexes": [],
        "freedom": 0,
        "max_count": 10,
        "options": [],
        "defaults": []
    },
    "14": {
        "class": "Isotope",
        "ID": 14,
        "element": "X",
        "infexes": [],
        "freedom": 0,
        "max_count": 1,
        "options": [],
        "defaults": []
    },
    "15": {
        "class": "Isotope",
        "ID": 15,
        "element": "X",
        "infexes": [],
        "freedom": 0,
        "max_count": 46,
        "options": [],
        "defaults": []
    },
    "16": {
        "class": "Isotope",
        "ID": 16,
        "element": "X",
        "infexes": [],
        "freedom": 0,
        "max_count": 6,
        "options": [],
        "defaults": []
    },
    "17": {
        "class": "Isotope",
        "ID": 17,
        "element": "X",
        "infexes": [],
        "freedom": 0,
        "max_count": 37,
        "options": [],
        "defaults": []
    },
    "18": {
        "class": "Isotope",
        "ID": 18,
        "element": "X",
        "infexes": [],
        "freedom": 0,
        "max_count": 84,
        "options": [],
        "defaults": []
    },
    "19": {
        "class": "Isotope",
        "ID": 19,
        "element": "X",
        "infexes": [],
        "freedom": 0,
        "max_count": 1,
        "options": [],
        "defaults": []
    },
    "20": {
        "class": "Isotope",
        "ID": 20,
        "element": "X",
        "infexes": [],
        "freedom": 0,
        "max_count": 11,
        "options": [],
        "defaults": []
    },
    "21": {
        "class": "Isotope",
        "ID": 21,
        "element": "X",
        "infexes": [],
        "freedom": 0,
        "max_count": 50,
        "options": [],
        "defaults": []
    },
    "22": {
        "class": "Isotope",
        "ID": 22,
        "element": "X",
        "infexes": [],
        "freedom": 0,
        "max_count": 10,
        "options": [],
        "defaults": []
    },
    "23": {
        "class": "Isotope",
        "ID": 23,
        "element": "X",
        "infexes": [],
        "freedom": 0,
        "max_count": 106,
        "options": [],
        "defaults": []
    },
    "24": {
        "class": "Isotope",
        "ID": 24,
        "element": "X",
        "infexes": [],
        "freedom": 0,
        "max_count": 34,
        "options": [],
        "defaults": []
    },
    "25": {
        "class": "Isotope",
        "ID": 25,
        "element": "X",
        "infexes": [],
        "freedom": 0,
        "max_count": 5,
        "options": [],
        "defaults": []
    },
    "26": {
        "class": "Isotope",
        "ID": 26,
        "element": "X",
        "infexes": [],
        "freedom": 0,
        "max_count": 44,
        "options": [],
        "defaults": []
    },
    "27": {
        "class": "Isotope",
        "ID": 27,
        "element": "X",
        "infexes": [],
        "freedom": 0,
        "max_count": 50,
        "options": [],
        "defaults": []
    },
    "28": {
        "class": "Isotope",
        "ID": 28,
        "element": "X",
        "infexes": [],
        "freedom": 0,
        "max_count": 2,
        "options": [],
        "defaults": []
    },
    "29": {
        "class": "Isotope",
        "ID": 29,
        "element": "X",
        "infexes": [],
        "freedom": 0,
        "max_count": 28,
        "options": [],
        "defaults": []
    },
    "30": {
        "class": "Isotope",
        "ID": 30,
        "element": "X",
        "infexes": [],
        "freedom": 0,
        "max_count": 13,
        "options": [],
        "defaults": []
    },
    "31": {
        "class": "Isotope",
        "ID": 31,
        "element": "X",
        "infexes": [],
        "freedom": 0,
        "max_count": 7,
        "options": [],
        "defaults": []
    },
    "32": {
        "class": "Isotope",
        "ID": 32,
        "element": "X",
        "infexes": [],
        "freedom": 0,
        "max_count": 9,
        "options": [],
        "defaults": []
    },
    "33": {
        "class": "Isotope",
        "ID": 33,
        "element": "X",
        "infexes": [],
        "freedom": 0,
        "max_count": 2,
        "options": [],
        "defaults": []
    },
    "34": {
        "class": "Isotope",
        "ID": 34,
        "element": "X",
        "infexes": [],
        "freedom": 0,
        "max_count": 19,
        "options": [],
        "defaults": []
    },
    "35": {
        "class": "Isotope",
        "ID": 35,
        "element": "X",
        "infexes": [],
        "freedom": 0,
        "max_count": 13,
        "options": [],
        "defaults": []
    },
    "36": {
        "class": "Isotope",
        "ID": 36,
        "element": "X",
        "infexes": [],
        "freedom": 0,
        "max_count": 11,
        "options": [],
        "defaults": []
    },
    "37": {
        "class": "Isotope",
        "ID": 37,
        "element": "X",
        "infexes": [],
        "freedom": 0,
        "max_count": 77,
        "options": [],
        "defaults": []
    },
    "38": {
        "class": "Isotope",
        "ID": 38,
        "element": "X",
        "infexes": [],
        "freedom": 0,
        "max_count": 50,
        "options": [],
        "defaults": []
    },
    "39": {
        "class": "Isotope",
        "ID": 39,
        "element": "X",
        "infexes": [],
        "freedom": 0,
        "max_count": 7,
        "options": [],
        "defaults": []
    },
    "40": {
        "class": "Isotope",
        "ID": 40,
        "element": "X",
        "infexes": [],
        "freedom": 0,
        "max_count": 8,
        "options": [],
        "defaults": []
    },
    "41": {
        "class": "Isotope",
        "ID": 41,
        "element": "X",
        "infexes": [],
        "freedom": 0,
        "max_count": 21,
        "options": [],
        "defaults": []
    },
    "42": {
        "class": "Isotope",
        "ID": 42,
        "element": "X",
        "infexes": [],
        "freedom": 0,
        "max_count": 170,
        "options": [],
        "defaults": []
    },
    "43": {
        "class": "Isotope",
        "ID": 43,
        "element": "X",
        "infexes": [],
        "freedom": 0,
        "max_count": 18,
        "options": [],
        "defaults": []
    },
    "44": {
        "class": "Isotope",
        "ID": 44,
        "element": "X",
        "infexes": [],
        "freedom": 0,
        "max_count": 32,
        "options": [],
        "defaults": []
    },
    "45": {
        "class": "Isotope",
        "ID": 45,
        "element": "X",
        "infexes": [],
        "freedom": 0,
        "max_count": 3,
        "options": [],
        "defaults": []
    },
    "46": {
        "class": "Isotope",
        "ID": 46,
        "element": "X",
        "infexes": [],
        "freedom": 0,
        "max_count": 19,
        "options": [],
        "defaults": []
    },
    "47": {
        "class": "Isotope",
        "ID": 47,
        "element": "X",
        "infexes": [],
        "freedom": 0,
        "max_count": 30,
        "options": [],
        "defaults": []
    },
    "48": {
        "class": "Isotope",
        "ID": 48,
        "element": "X",
        "infexes": [],
        "freedom": 0,
        "max_count": 15,
        "options": [],
        "defaults": []
    },
    "49": {
        "class": "Isotope",
        "ID": 49,
        "element": "X",
        "infexes": [],
        "freedom": 0,
        "max_count": 88,
        "options": [],
        "defaults": []
    },
    "50": {
        "class": "Isotope",
        "ID": 50,
        "element": "X",
        "infexes": [],
        "freedom": 0,
        "max_count": 11,
        "options": [],
        "defaults": []
    },
    "51": {
        "class": "Isotope",
        "ID": 51,
        "element": "X",
        "infexes": [],
        "freedom": 0,
        "max_count": 39,
        "options": [],
        "defaults": []
    },
    "52": {
        "class": "Isotope",
        "ID": 52,
        "element": "X",
        "infexes": [],
        "freedom": 0,
        "max_count": 29,
        "options": [],
        "defaults": []
    },
    "53": {
        "class": "Isotope",
        "ID": 53,
        "element": "X",
        "infexes": [],
        "freedom": 0,
        "max_count": 46,
        "options": [],
        "defaults": []
    },
    "54": {
        "class": "Isotope",
        "ID": 54,
        "element": "X",
        "infexes": [],
        "freedom": 0,
        "max_count": 8,
        "options": [],
        "defaults": []
    },
    "55": {
        "class": "Isotope",
        "ID": 55,
        "element": "X",
        "infexes": [],
        "freedom": 0,
        "max_count": 5,
        "options": [],
        "defaults": []
    },
    "56": {
        "class": "Isotope",
        "ID": 56,
        "element": "X",
        "infexes": [],
        "freedom": 0,
        "max_count": 6,
        "options": [],
        "defaults": []
    },
    "57": {
        "class": "Isotope",
        "ID": 57,
        "element": "X",
        "infexes": [],
        "freedom": 0,
        "max_count": 50,
        "options": [],
        "defaults": []
    },
    "58": {
        "class": "Isotope",
        "ID": 58,
        "element": "X",
        "infexes": [],
        "freedom": 0,
        "max_count": 25,
        "options": [],
        "defaults": []
    },
    "59": {
        "class": "Isotope",
        "ID": 59,
        "element": "X",
        "infexes": [],
        "freedom": 0,
        "max_count": 4,
        "options": [],
        "defaults": []
    },
    "60": {
        "class": "Isotope",
        "ID": 60,
        "element": "X",
        "infexes": [],
        "freedom": 0,
        "max_count": 40,
        "options": [],
        "defaults": []
    },
    "61": {
        "class": "Isotope",
        "ID": 61,
        "element": "X",
        "infexes": [],
        "freedom": 0,
        "max_count": 30,
        "options": [],
        "defaults": []
    },
    "62": {
        "class": "Isotope",
        "ID": 62,
        "element": "X",
        "infexes": [],
        "freedom": 0,
        "max_count": 78,
        "options": [],
        "defaults": []
    },
    "63": {
        "class": "Isotope",
        "ID": 63,
        "element": "X",
        "infexes": [],
        "freedom": 0,
        "max_count": 13,
        "options": [],
        "defaults": []
    },
    "64": {
        "class": "Isotope",
        "ID": 64,
        "element": "X",
        "infexes": [],
        "freedom": 0,
        "max_count": 14,
        "options": [],
        "defaults": []
    },
    "65": {
        "class": "Isotope",
        "ID": 65,
        "element": "X",
        "infexes": [],
        "freedom": 0,
        "max_count": 2,
        "options": [],
        "defaults": []
    },
    "66": {
        "class": "Isotope",
        "ID": 66,
        "element": "X",
        "infexes": [],
        "freedom": 0,
        "max_count": 17,
        "options": [],
        "defaults": []
    },
    "67": {
        "class": "Isotope",
        "ID": 67,
        "element": "X",
        "infexes": [],
        "freedom": 0,
        "max_count": 19,
        "options": [],
        "defaults": []
    },
    "68": {
        "class": "Isotope",
        "ID": 68,
        "element": "X",
        "infexes": [],
        "freedom": 0,
        "max_count": 9,
        "options": [],
        "defaults": []
    },
    "69": {
        "class": "Isotope",
        "ID": 69,
        "element": "X",
        "infexes": [],
        "freedom": 0,
        "max_count": 1,
        "options": [],
        "defaults": []
    },
    "70": {
        "class": "Isotope",
        "ID": 70,
        "element": "X",
        "infexes": [],
        "freedom": 0,
        "max_count": 3,
        "options": [],
        "defaults": []
    },
    "71": {
        "class": "Isotope",
        "ID": 71,
        "element": "X",
        "infexes": [],
        "freedom": 0,
        "max_count": 3,
        "options": [],
        "defaults": []
    },
    "72": {
        "class": "Isotope",
        "ID": 72,
        "element": "X",
        "infexes": [],
        "freedom": 0,
        "max_count": 41,
        "options": [],
        "defaults": []
    },
    "73": {
        "class": "Isotope",
        "ID": 73,
        "element": "X",
        "infexes": [],
        "freedom": 0,
        "max_count": 34,
        "options": [],
        "defaults": []
    },
    "74": {
        "class": "Isotope",
        "ID": 74,
        "element": "X",
        "infexes": [],
        "freedom": 0,
        "max_count": 4,
        "options": [],
        "defaults": []
    },
    "75": {
        "class": "Isotope",
        "ID": 75,
        "element": "X",
        "infexes": [],
        "freedom": 0,
        "max_count": 18,
        "options": [],
        "defaults": []
    },
    "76": {
        "class": "Isotope",
        "ID": 76,
        "element": "X",
        "infexes": [],
        "freedom": 0,
        "max_count": 25,
        "options": [],
        "defaults": []
    },
    "77": {
        "class": "Isotope",
        "ID": 77,
        "element": "X",
        "infexes": [],
        "freedom": 0,
        "max_count": 22,
        "options": [],
        "defaults": []
    },
    "78": {
        "class": "Isotope",
        "ID": 78,
        "element": "X",
        "infexes": [],
        "freedom": 0,
        "max_count": 17,
        "options": [],
        "defaults": []
    },
    "79": {
        "class": "Isotope",
        "ID": 79,
        "element": "X",
        "infexes": [],
        "freedom": 0,
        "max_count": 16,
        "options": [],
        "defaults": []
    },
    "80": {
        "class": "Isotope",
        "ID": 80,
        "element": "X",
        "infexes": [],
        "freedom": 0,
        "max_count": 52,
        "options": [],
        "defaults": []
    },
    "81": {
        "class": "Isotope",
        "ID": 81,
        "element": "X",
        "infexes": [],
        "freedom": 0,
        "max_count": 13,
        "options": [],
        "defaults": []
    },
    "82": {
        "class": "Isotope",
        "ID": 82,
        "element": "X",
        "infexes": [],
        "freedom": 0,
        "max_count": 43,
        "options": [],
        "defaults": []
    },
    "83": {
        "class": "Isotope",
        "ID": 83,
        "element": "X",
        "infexes": [],
        "freedom": 0,
        "max_count": 52,
        "options": [],
        "defaults": []
    },
    "84": {
        "class": "Isotope",
        "ID": 84,
        "element": "X",
        "infexes": [],
        "freedom": 0,
        "max_count": 10,
        "options": [],
        "defaults": []
    },
    "85": {
        "class": "Isotope",
        "ID": 85,
        "element": "X",
        "infexes": [],
        "freedom": 0,
        "max_count": 61,
        "options": [],
        "defaults": []
    },
    "86": {
        "class": "Isotope",
        "ID": 86,
        "element": "X",
        "infexes": [],
        "freedom": 0,
        "max_count": 10,
        "options": [],
        "defaults": []
    },
    "87": {
        "class": "Isotope",
        "ID": 87,
        "element": "X",
        "infexes": [],
        "freedom": 0,
        "max_count": 85,
        "options": [],
        "defaults": []
    },
    "88": {
        "class": "Isotope",
        "ID": 88,
        "element": "X",
        "infexes": [],
        "freedom": 0,
        "max_count": 33,
        "options": [],
        "defaults": []
    },
    "89": {
        "class": "Isotope",
        "ID": 89,
        "element": "X",
        "infexes": [],
        "freedom": 0,
        "max_count": 27,
        "options": [],
        "defaults": []
    },
    "90": {
        "class": "Isotope",
        "ID": 90,
        "element": "X",
        "infexes": [],
        "freedom": 0,
        "max_count": 4,
        "options": [],
        "defaults": []
    },
    "91": {
        "class": "Isotope",
        "ID": 91,
        "element": "Y",
        "infexes": [],
        "freedom": 0,
        "max_count": 21,
        "options": [],
        "defaults": []
    },
    "92": {
        "class": "Isotope",
        "ID": 92,
        "element": "Y",
        "infexes": [],
        "freedom": 0,
        "max_count": 3,
        "options": [],
        "defaults": []
    },
    "93": {
        "class": "Isotope",
        "ID": 93,
        "element": "Y",
        "infexes": [],
        "freedom": 0,
        "max_count": 29,
        "options": [],
        "defaults": []
    },
    "94": {
        "class": "Isotope",
        "ID": 94,
        "element": "Y",
        "infexes": [],
        "freedom": 0,
        "max_count": 12,
        "options": [],
        "defaults": []
    },
    "95": {
        "class": "Isotope",
        "ID": 95,
        "element": "Y",
        "infexes": [],
        "freedom": 0,
        "max_count": 53,
        "options": [],
        "defaults": []
    },
    "96": {
        "class": "Isotope",
        "ID": 96,
        "element": "Y",
        "infexes": [],
        "freedom": 0,
        "max_count": 11,
        "options": [],
        "defaults": []
    },
    "97": {
        "class": "Isotope",
        "ID": 97,
        "element": "Y",
        "infexes": [],
        "freedom": 0,
        "max_count": 33,
        "options": [],
        "defaults": []
    },
    "98": {
        "class": "Isotope",
        "ID": 98,
        "element": "Y",
        "infexes": [],
        "freedom": 0,
        "max_count": 3,
        "options": [],
        "defaults": []
    },
    "99": {
        "class": "Isotope",
        "ID": 99,
        "element": "Y",
        "infexes": [],
        "freedom": 0,
        "max_count": 13,
        "options": [],
        "defaults": []
    },
    "100": {
        "class": "Isotope",
        "ID": 100,
        "element": "Y",
        "infexes": [],
        "freedom": 0,
        "max_count": 11,
        "options": [],
        "defaults": []
    },
    "101": {
        "class": "Isotope",
        "ID": 101,
        "element": "Y",
        "infexes": [],
        "freedom": 0,
        "max_count": 8,
        "options": [],
        "defaults": []
    },
    "102": {
        "class": "Isotope",
        "ID": 102,
        "element": "Y",
        "infexes": [],
        "freedom": 0,
        "max_count": 158,
        "options": [],
        "defaults": []
    },
    "103": {
        "class": "Isotope",
        "ID": 103,
        "element": "Y",
        "infexes": [],
        "freedom": 0,
        "max_count": 35,
        "options": [],
        "defaults": []
    },
    "104": {
        "class": "Isotope",
        "ID": 104,
        "element": "Y",
        "infexes": [],
        "freedom": 0,
        "max_count": 41,
        "options": [],
        "defaults": []
    },
    "105": {
        "class": "Isotope",
        "ID": 105,
        "element": "Y",
        "infexes": [],
        "freedom": 0,
        "max_count": 84,
        "options": [],
        "defaults": []
    },
    "106": {
        "class": "Isotope",
        "ID": 106,
        "element": "Y",
        "infexes": [],
        "freedom": 0,
        "max_count": 10,
        "options": [],
        "defaults": []
    },
    "107": {
        "class": "Isotope",
        "ID": 107,
        "element": "SIN",
        "infexes": [],
        "freedom": 0.6251602709041673,
        "max_count": 3,
        "options": [
            [
                57
            ],
            [
                31
            ],
            [
                71
            ]
        ],
        "defaults": [
            [
                57
            ],
            [
                31
            ],
            [
                71
            ]
        ]
    },
    "108": {
        "class": "Isotope",
        "ID": 108,
        "element": "POWER",
        "infexes": [],
        "freedom": 0,
        "max_count": 12,
        "options": [
            [
                141,
                49
            ]
        ],
        "defaults": [
            [
                141,
                49
            ]
        ]
    },
    "109": {
        "class": "Isotope",
        "ID": 109,
        "element": "IT",
        "infexes": [],
        "freedom": 0,
        "max_count": 6,
        "options": [
            [
                24,
                92,
                43,
                89,
                152
            ]
        ],
        "defaults": [
            [
                24,
                92,
                43,
                89,
                152
            ]
        ]
    },
    "110": {
        "class": "Isotope",
        "ID": 110,
        "element": "ARCFAN",
        "infexes": [],
        "freedom": 0,
        "max_count": 8,
        "options": [
            [
                102,
                12
            ]
        ],
        "defaults": [
            [
                102,
                12
            ]
        ]
    },
    "111": {
        "class": "Isotope",
        "ID": 111,
        "element": "SPIN",
        "infexes": [],
        "freedom": 0.39120659940177116,
        "max_count": 8,
        "options": [
            [
                95,
                136,
                85
            ],
            [
                105,
                55,
                36
            ]
        ],
        "defaults": [
            [
                105,
                55,
                36
            ]
        ]
    },
    "112": {
        "class": "Isotope",
        "ID": 112,
        "element": "IT",
        "infexes": [],
        "freedom": 0.18919170239425825,
        "max_count": 11,
        "options": [
            [
                44,
                100,
                93,
                98,
                50
            ],
            [
                44,
                100,
                138,
                99,
                114
            ]
        ],
        "defaults": [
            [
                44,
                100,
                93,
                98,
                50
            ]
        ]
    },
    "113": {
        "class": "Isotope",
        "ID": 113,
        "element": "ARCFAN",
        "infexes": [],
        "freedom": 0.2188963973635112,
        "max_count": 19,
        "options": [
            [
                118,
                106
            ],
            [
                143,
                113
            ],
            [
                112,
                95
            ]
        ],
        "defaults": [
            [
                118,
                106
            ]
        ]
    },
    "114": {
        "class": "Isotope",
        "ID": 114,
        "element": "ARCFAN",
        "infexes": [],
        "freedom": 0.20206029131693115,
        "max_count": 11,
        "options": [
            [
                105,
                35
            ],
            [
                114,
                146
            ]
        ],
        "defaults": [
            [
                105,
                35
            ]
        ]
    },
    "115": {
        "class": "Isotope",
        "ID": 115,
        "element": "MINX",
        "infexes": [
            2,
            3
        ],
        "freedom": 0.26883213723197597,
        "max_count": 5,
        "options": [
            [
                105,
                118
            ],
            [
                51,
                125,
                113
            ]
        ],
        "defaults": [
            [
                105,
                118
            ]
        ]
    },
    "116": {
        "class": "Isotope",
        "ID": 116,
        "element": "AMEAN",
        "infexes": [
            2,
            5
        ],
        "freedom": 0.19809855550110977,
        "max_count": 5,
        "options": [
            [
                66,
                113,
                69,
                145,
                145
            ],
            [
                13,
                128,
                131,
                79,
                91
            ],
            [
                99,
                32,
                153,
                14
            ],
            [
                97,
                67,
                116,
                8,
                100
            ]
        ],
        "defaults": [
            [
                99,
                32,
                153,
                14
            ]
        ]
    },
    "117": {
        "class": "Isotope",
        "ID": 117,
        "element": "IT",
        "infexes": [],
        "freedom": 0.09806919425048426,
        "max_count": 20,
        "options": [
            [
                52,
                92,
                106,
                39,
                21
            ],
            [
                52,
                92,
                112,
                9,
                71
            ]
        ],
        "defaults": [
            [
                52,
                92,
                106,
                39,
                21
            ]
        ]
    },
    "118": {
        "class": "Isotope",
        "ID": 118,
        "element": "SPIN",
        "infexes": [],
        "freedom": 0,
        "max_count": 13,
        "options": [
            [
                99,
                123,
                154
            ]
        ],
        "defaults": [
            [
                99,
                123,
                154
            ]
        ]
    },
    "119": {
        "class": "Isotope",
        "ID": 119,
        "element": "ARCFAN",
        "infexes": [],
        "freedom": 0.17767293780131763,
        "max_count": 11,
        "options": [
            [
                103,
                83
            ],
            [
                56,
                105
            ],
            [
                12,
                91
            ]
        ],
        "defaults": [
            [
                103,
                83
            ],
            [
                56,
                105
            ],
            [
                12,
                91
            ]
        ]
    },
    "120": {
        "class": "Isotope",
        "ID": 120,
        "element": "SPIN",
        "infexes": [],
        "freedom": 0,
        "max_count": 12,
        "options": [
            [
                150,
                20,
                100
            ]
        ],
        "defaults": [
            [
                150,
                20,
                100
            ]
        ]
    },
    "121": {
        "class": "Isotope",
        "ID": 121,
        "element": "ARCFAN",
        "infexes": [],
        "freedom": 0,
        "max_count": 26,
        "options": [
            [
                94,
                39
            ]
        ],
        "defaults": [
            [
                94,
                39
            ]
        ]
    },
    "122": {
        "class": "Isotope",
        "ID": 122,
        "element": "MINX",
        "infexes": [
            2,
            4
        ],
        "freedom": 0.23637745907626442,
        "max_count": 1,
        "options": [
            [
                143,
                65,
                70,
                111
            ],
            [
                74,
                97
            ]
        ],
        "defaults": [
            [
                74,
                97
            ]
        ]
    },
    "123": {
        "class": "Isotope",
        "ID": 123,
        "element": "MINX",
        "infexes": [
            2,
            2
        ],
        "freedom": 0,
        "max_count": 35,
        "options": [
            [
                99,
                20
            ]
        ],
        "defaults": [
            [
                99,
                20
            ]
        ]
    },
    "124": {
        "class": "Isotope",
        "ID": 124,
        "element": "ARCFAN",
        "infexes": [],
        "freedom": 0.32070509497473765,
        "max_count": 16,
        "options": [
            [
                101,
                66
            ],
            [
                62,
                112
            ],
            [
                116,
                49
            ],
            [
                113,
                87
            ],
            [
                110,
                115
            ],
            [
                63,
                104
            ],
            [
                27,
                104
            ],
            [
                79,
                101
            ],
            [
                11,
                103
            ],
            [
                39,
                96
            ],
            [
                68,
                113
            ],
            [
                89,
                97
            ],
            [
                114,
                45
            ],
            [
                101,
                71
            ],
            [
                83,
                97
            ],
            [
                116,
                19
            ]
        ],
        "defaults": [
            [
                39,
                96
            ]
        ]
    },
    "125": {
        "class": "Isotope",
        "ID": 125,
        "element": "IT",
        "infexes": [],
        "freedom": 0,
        "max_count": 5,
        "options": [
            [
                89,
                106,
                51,
                100,
                99
            ]
        ],
        "defaults": [
            [
                89,
                106,
                51,
                100,
                99
            ]
        ]
    },
    "126": {
        "class": "Isotope",
        "ID": 126,
        "element": "GMEAN",
        "infexes": [
            2,
            2
        ],
        "freedom": 0.07944353473421316,
        "max_count": 38,
        "options": [
            [
                74,
                103
            ],
            [
                96,
                86
            ],
            [
                101,
                82
            ]
        ],
        "defaults": [
            [
                74,
                103
            ],
            [
                96,
                86
            ],
            [
                101,
                82
            ]
        ]
    },
    "127": {
        "class": "Isotope",
        "ID": 127,
        "element": "MINX",
        "infexes": [
            2,
            2
        ],
        "freedom": 0.16505181599753027,
        "max_count": 37,
        "options": [
            [
                114,
                33
            ],
            [
                105,
                66
            ],
            [
                114,
                71
            ],
            [
                54,
                106
            ]
        ],
        "defaults": [
            [
                54,
                106
            ]
        ]
    },
    "128": {
        "class": "Isotope",
        "ID": 128,
        "element": "AMEAN",
        "infexes": [
            2,
            3
        ],
        "freedom": 0.20188625518181025,
        "max_count": 37,
        "options": [
            [
                41,
                80,
                105
            ],
            [
                90,
                22,
                100
            ]
        ],
        "defaults": [
            [
                41,
                80,
                105
            ],
            [
                90,
                22,
                100
            ]
        ]
    },
    "129": {
        "class": "Isotope",
        "ID": 129,
        "element": "ARCFAN",
        "infexes": [],
        "freedom": 0,
        "max_count": 134,
        "options": [
            [
                14,
                96
            ]
        ],
        "defaults": [
            [
                14,
                96
            ]
        ]
    },
    "130": {
        "class": "Isotope",
        "ID": 130,
        "element": "SPIN",
        "infexes": [],
        "freedom": 0.27502280231877246,
        "max_count": 5,
        "options": [
            [
                63,
                146,
                28
            ],
            [
                126,
                99,
                129
            ]
        ],
        "defaults": [
            [
                126,
                99,
                129
            ]
        ]
    },
    "131": {
        "class": "Isotope",
        "ID": 131,
        "element": "SPIN",
        "infexes": [],
        "freedom": 0.20374216645490623,
        "max_count": 28,
        "options": [
            [
                125,
                154,
                97
            ],
            [
                119,
                56,
                129
            ],
            [
                129,
                113,
                59
            ]
        ],
        "defaults": [
            [
                125,
                154,
                97
            ]
        ]
    },
    "132": {
        "class": "Isotope",
        "ID": 132,
        "element": "RAND",
        "infexes": [],
        "freedom": 0.2074194560361618,
        "max_count": 27,
        "options": [
            [
                146
            ],
            [
                141
            ]
        ],
        "defaults": [
            [
                141
            ]
        ]
    },
    "133": {
        "class": "Isotope",
        "ID": 133,
        "element": "SPIN",
        "infexes": [],
        "freedom": 0.17020341372398184,
        "max_count": 48,
        "options": [
            [
                30,
                83,
                127
            ],
            [
                123,
                27,
                84
            ],
            [
                73,
                139,
                25
            ]
        ],
        "defaults": [
            [
                123,
                27,
                84
            ]
        ]
    },
    "134": {
        "class": "Isotope",
        "ID": 134,
        "element": "AMEAN",
        "infexes": [
            2,
            2
        ],
        "freedom": 0.13193371464255874,
        "max_count": 21,
        "options": [
            [
                123,
                81
            ],
            [
                43,
                122
            ]
        ],
        "defaults": [
            [
                123,
                81
            ]
        ]
    },
    "135": {
        "class": "Isotope",
        "ID": 135,
        "element": "MINX",
        "infexes": [
            4,
            20
        ],
        "freedom": 0.43005702670932267,
        "max_count": 6,
        "options": [
            [
                126,
                89,
                151,
                149,
                94,
                54,
                10
            ],
            [
                93,
                22,
                30,
                118,
                104,
                125,
                34,
                73,
                46,
                151,
                45,
                81,
                17,
                39,
                30,
                140,
                96,
                51,
                89,
                60
            ]
        ],
        "defaults": [
            [
                126,
                89,
                151,
                149,
                94,
                54,
                10
            ]
        ]
    },
    "136": {
        "class": "Isotope",
        "ID": 136,
        "element": "POW",
        "infexes": [],
        "freedom": 0.26920718399661836,
        "max_count": 30,
        "options": [
            [
                124
            ],
            [
                131
            ],
            [
                141
            ],
            [
                129
            ],
            [
                142
            ],
            [
                132
            ],
            [
                128
            ],
            [
                134
            ],
            [
                141
            ],
            [
                129
            ],
            [
                125
            ],
            [
                147
            ]
        ],
        "defaults": [
            [
                129
            ]
        ]
    },
    "137": {
        "class": "Isotope",
        "ID": 137,
        "element": "IT",
        "infexes": [],
        "freedom": 0.31991368334887615,
        "max_count": 13,
        "options": [
            [
                78,
                95,
                126,
                53,
                26
            ],
            [
                78,
                95,
                71,
                55,
                137
            ]
        ],
        "defaults": [
            [
                78,
                95,
                126,
                53,
                26
            ]
        ]
    },
    "138": {
        "class": "Isotope",
        "ID": 138,
        "element": "SPIN",
        "infexes": [],
        "freedom": 0.4339410159445779,
        "max_count": 24,
        "options": [
            [
                120,
                78,
                23
            ],
            [
                108,
                69,
                145
            ]
        ],
        "defaults": [
            [
                120,
                78,
                23
            ]
        ]
    },
    "139": {
        "class": "Isotope",
        "ID": 139,
        "element": "GMEAN",
        "infexes": [
            3,
            3
        ],
        "freedom": 0.23027885519079588,
        "max_count": 5,
        "options": [
            [
                120,
                153,
                36
            ],
            [
                14,
                135,
                78
            ]
        ],
        "defaults": [
            [
                120,
                153,
                36
            ]
        ]
    },
    "140": {
        "class": "Isotope",
        "ID": 140,
        "element": "IT",
        "infexes": [],
        "freedom": 0.1736783780374009,
        "max_count": 9,
        "options": [
            [
                51,
                98,
                141,
                92,
                40
            ],
            [
                51,
                98,
                148,
                128,
                69
            ]
        ],
        "defaults": [
            [
                51,
                98,
                141,
                92,
                40
            ]
        ]
    },
    "141": {
        "class": "Isotope",
        "ID": 141,
        "element": "POWER",
        "infexes": [],
        "freedom": 0,
        "max_count": 4,
        "options": [
            [
                53,
                121
            ]
        ],
        "defaults": [
            [
                53,
                121
            ]
        ]
    },
    "142": {
        "class": "Isotope",
        "ID": 142,
        "element": "POWER",
        "infexes": [],
        "freedom": 0.8494292595160992,
        "max_count": 45,
        "options": [
            [
                141,
                61
            ],
            [
                142,
                119
            ]
        ],
        "defaults": [
            [
                141,
                61
            ]
        ]
    },
    "143": {
        "class": "Isotope",
        "ID": 143,
        "element": "POWER",
        "infexes": [],
        "freedom": 0.11290421719493901,
        "max_count": 12,
        "options": [
            [
                143,
                138
            ],
            [
                126,
                77
            ]
        ],
        "defaults": [
            [
                126,
                77
            ]
        ]
    },
    "144": {
        "class": "Isotope",
        "ID": 144,
        "element": "MINX",
        "infexes": [
            2,
            4
        ],
        "freedom": 0.3345241676823274,
        "max_count": 14,
        "options": [
            [
                15,
                114,
                10,
                147
            ],
            [
                18,
                83,
                129,
                111
            ],
            [
                121,
                66,
                150,
                114
            ],
            [
                151,
                42,
                37,
                119
            ],
            [
                92,
                145,
                103,
                136
            ],
            [
                141,
                91,
                85,
                135
            ],
            [
                23,
                144,
                52,
                81
            ],
            [
                10,
                143,
                75,
                86
            ],
            [
                128,
                129,
                104,
                65
            ],
            [
                9,
                123,
                127,
                90
            ],
            [
                34,
                144,
                136,
                82
            ],
            [
                101,
                52,
                14,
                124
            ],
            [
                134,
                100,
                123,
                47
            ],
            [
                121,
                137,
                122,
                114
            ],
            [
                110,
                128,
                134,
                86
            ]
        ],
        "defaults": [
            [
                128,
                129,
                104,
                65
            ]
        ]
    },
    "145": {
        "class": "Isotope",
        "ID": 145,
        "element": "GMEAN",
        "infexes": [
            2,
            3
        ],
        "freedom": 0.3772447277652657,
        "max_count": 24,
        "options": [
            [
                121,
                58
            ],
            [
                134,
                9,
                60
            ]
        ],
        "defaults": [
            [
                121,
                58
            ]
        ]
    },
    "146": {
        "class": "Isotope",
        "ID": 146,
        "element": "AMEAN",
        "infexes": [
            4,
            7
        ],
        "freedom": 0.2922683565165267,
        "max_count": 9,
        "options": [
            [
                18,
                80,
                60,
                70,
                77,
                123,
                126
            ],
            [
                76,
                52,
                94,
                68,
                129,
                97,
                66
            ],
            [
                102,
                60,
                123,
                128,
                48,
                49,
                146
            ],
            [
                12,
                57,
                89,
                11,
                75,
                11,
                122
            ],
            [
                20,
                16,
                138,
                139,
                38,
                102,
                128
            ],
            [
                42,
                114,
                31,
                94,
                44,
                147,
                144
            ],
            [
                143,
                152,
                64,
                77,
                137,
                88,
                67
            ],
            [
                126,
                76,
                97,
                120,
                100,
                83,
                57
            ],
            [
                33,
                136,
                146,
                75,
                125,
                125,
                21
            ],
            [
                128,
                41,
                93,
                57,
                107,
                155,
                89
            ],
            [
                99,
                117,
                145,
                110,
                50,
                17,
                60
            ],
            [
                141,
                27,
                70,
                134,
                25,
                82,
                65
            ],
            [
                98,
                128,
                84,
                72,
                133,
                127,
                47
            ]
        ],
        "defaults": [
            [
                128,
                41,
                93,
                57,
                107,
                155,
                89
            ]
        ]
    },
    "147": {
        "class": "Isotope",
        "ID": 147,
        "element": "POWER",
        "infexes": [],
        "freedom": 0.3199547543464162,
        "max_count": 13,
        "options": [
            [
                64,
                130
            ],
            [
                129,
                43
            ]
        ],
        "defaults": [
            [
                129,
                43
            ]
        ]
    },
    "148": {
        "class": "Isotope",
        "ID": 148,
        "element": "AMEAN",
        "infexes": [
            2,
            3
        ],
        "freedom": 0.3353657572249711,
        "max_count": 2,
        "options": [
            [
                146,
                24,
                120
            ],
            [
                70,
                93,
                16
            ],
            [
                115,
                29,
                45
            ]
        ],
        "defaults": [
            [
                70,
                93,
                16
            ]
        ]
    },
    "149": {
        "class": "Isotope",
        "ID": 149,
        "element": "INV",
        "infexes": [],
        "freedom": 0.8978165641018844,
        "max_count": 41,
        "options": [
            [
                23
            ],
            [
                105
            ]
        ],
        "defaults": [
            [
                23
            ],
            [
                105
            ]
        ]
    },
    "150": {
        "class": "Isotope",
        "ID": 150,
        "element": "POWER",
        "infexes": [],
        "freedom": 0,
        "max_count": 6,
        "options": [
            [
                141,
                39
            ]
        ],
        "defaults": [
            [
                141,
                39
            ]
        ]
    },
    "151": {
        "class": "Isotope",
        "ID": 151,
        "element": "ARCFAN",
        "infexes": [],
        "freedom": 0,
        "max_count": 25,
        "options": [
            [
                109,
                79
            ]
        ],
        "defaults": [
            [
                109,
                79
            ]
        ]
    },
    "152": {
        "class": "Isotope",
        "ID": 152,
        "element": "SIN",
        "infexes": [],
        "freedom": 0.18663662443505816,
        "max_count": 11,
        "options": [
            [
                42
            ],
            [
                155
            ],
            [
                103
            ]
        ],
        "defaults": [
            [
                42
            ],
            [
                155
            ],
            [
                103
            ]
        ]
    },
    "153": {
        "class": "Isotope",
        "ID": 153,
        "element": "AMEAN",
        "infexes": [
            2,
            6
        ],
        "freedom": 0,
        "max_count": 4,
        "options": [
            [
                109,
                82,
                51,
                109,
                11,
                55
            ]
        ],
        "defaults": [
            [
                109,
                82,
                51,
                109,
                11,
                55
            ]
        ]
    },
    "154": {
        "class": "Isotope",
        "ID": 154,
        "element": "IT",
        "infexes": [],
        "freedom": 0,
        "max_count": 41,
        "options": [
            [
                35,
                105,
                19,
                96,
                106
            ]
        ],
        "defaults": [
            [
                35,
                105,
                19,
                96,
                106
            ]
        ]
    },
    "155": {
        "class": "Isotope",
        "ID": 155,
        "element": "MINX",
        "infexes": [
            2,
            3
        ],
        "freedom": 0,
        "max_count": 11,
        "options": [
            [
                55,
                129,
                54
            ]
        ],
        "defaults": [
            [
                55,
                129,
                54
            ]
        ]
    }
}