{
    "0": {
        "class": "Isotope",
        "ID": 0,
        "element": "ROOT_MAIN",
        "infexes": [],
        "freedom": 0.49623238520329505,
        "max_count": 1,
        "options": [
            [
                58
            ],
            [
                49
            ],
            [
                49
            ]
        ],
        "defaults": [
            [
                49
            ]
        ]
    },
    "1": {
        "class": "Isotope",
        "ID": 1,
        "element": "ROOT_HUE",
        "infexes": [],
        "freedom": 0.1276320844502789,
        "max_count": 1,
        "options": [
            [
                52
            ],
            [
                55
            ]
        ],
        "defaults": [
            [
                52
            ]
        ]
    },
    "2": {
        "class": "Isotope",
        "ID": 2,
        "element": "ROOT_SAT",
        "infexes": [],
        "freedom": 0.345338423491644,
        "max_count": 1,
        "options": [
            [
                50
            ],
            [
                52
            ]
        ],
        "defaults": [
            [
                52
            ]
        ]
    },
    "3": {
        "class": "Isotope",
        "ID": 3,
        "element": "ROOT_VAL",
        "infexes": [],
        "freedom": 0.6202597482467839,
        "max_count": 1,
        "options": [
            [
                54
            ],
            [
                54
            ]
        ],
        "defaults": [
            [
                54
            ]
        ]
    },
    "4": {
        "class": "Isotope",
        "ID": 4,
        "element": "ROOT_PAL",
        "infexes": [],
        "freedom": 0.34629192470246395,
        "max_count": 1,
        "options": [
            [
                50
            ],
            [
                51
            ]
        ],
        "defaults": [
            [
                51
            ]
        ]
    },
    "5": {
        "class": "Isotope",
        "ID": 5,
        "element": "ROOT_GRAD",
        "infexes": [],
        "freedom": 0.48733865572526863,
        "max_count": 1,
        "options": [
            [
                50
            ],
            [
                55
            ]
        ],
        "defaults": [
            [
                50
            ]
        ]
    },
    "6": {
        "class": "Isotope",
        "ID": 6,
        "element": "ROOT_TARGET",
        "infexes": [],
        "freedom": 0.3589602110156294,
        "max_count": 1,
        "options": [
            [
                51
            ],
            [
                58
            ],
            [
                58
            ],
            [
                50
            ],
            [
                55
            ],
            [
                57
            ],
            [
                54
            ],
            [
                52
            ],
            [
                56
            ],
            [
                58
            ],
            [
                49
            ],
            [
                51
            ],
            [
                55
            ],
            [
                53
            ]
        ],
        "defaults": [
            [
                51
            ]
        ]
    },
    "7": {
        "class": "Isotope",
        "ID": 7,
        "element": "ROOT_AIM",
        "infexes": [],
        "freedom": 0.22344179352971602,
        "max_count": 1,
        "options": [
            [
                56
            ],
            [
                58
            ],
            [
                50
            ]
        ],
        "defaults": [
            [
                50
            ]
        ]
    },
    "8": {
        "class": "Isotope",
        "ID": 8,
        "element": "X",
        "infexes": [],
        "freedom": 0,
        "max_count": 119,
        "options": [],
        "defaults": []
    },
    "9": {
        "class": "Isotope",
        "ID": 9,
        "element": "X",
        "infexes": [],
        "freedom": 0,
        "max_count": 1,
        "options": [],
        "defaults": []
    },
    "10": {
        "class": "Isotope",
        "ID": 10,
        "element": "X",
        "infexes": [],
        "freedom": 0,
        "max_count": 8,
        "options": [],
        "defaults": []
    },
    "11": {
        "class": "Isotope",
        "ID": 11,
        "element": "X",
        "infexes": [],
        "freedom": 0,
        "max_count": 34,
        "options": [],
        "defaults": []
    },
    "12": {
        "class": "Isotope",
        "ID": 12,
        "element": "X",
        "infexes": [],
        "freedom": 0,
        "max_count": 14,
        "options": [],
        "defaults": []
    },
    "13": {
        "class": "Isotope",
        "ID": 13,
        "element": "X",
        "infexes": [],
        "freedom": 0,
        "max_count": 12,
        "options": [],
        "defaults": []
    },
    "14": {
        "class": "Isotope",
        "ID": 14,
        "element": "X",
        "infexes": [],
        "freedom": 0,
        "max_count": 5,
        "options": [],
        "defaults": []
    },
    "15": {
        "class": "Isotope",
        "ID": 15,
        "element": "X",
        "infexes": [],
        "freedom": 0,
        "max_count": 4,
        "options": [],
        "defaults": []
    },
    "16": {
        "class": "Isotope",
        "ID": 16,
        "element": "X",
        "infexes": [],
        "freedom": 0,
        "max_count": 28,
        "options": [],
        "defaults": []
    },
    "17": {
        "class": "Isotope",
        "ID": 17,
        "element": "X",
        "infexes": [],
        "freedom": 0,
        "max_count": 97,
        "options": [],
        "defaults": []
    },
    "18": {
        "class": "Isotope",
        "ID": 18,
        "element": "X",
        "infexes": [],
        "freedom": 0,
        "max_count": 27,
        "options": [],
        "defaults": []
    },
    "19": {
        "class": "Isotope",
        "ID": 19,
        "element": "X",
        "infexes": [],
        "freedom": 0,
        "max_count": 3,
        "options": [],
        "defaults": []
    },
    "20": {
        "class": "Isotope",
        "ID": 20,
        "element": "X",
        "infexes": [],
        "freedom": 0,
        "max_count": 156,
        "options": [],
        "defaults": []
    },
    "21": {
        "class": "Isotope",
        "ID": 21,
        "element": "X",
        "infexes": [],
        "freedom": 0,
        "max_count": 7,
        "options": [],
        "defaults": []
    },
    "22": {
        "class": "Isotope",
        "ID": 22,
        "element": "X",
        "infexes": [],
        "freedom": 0,
        "max_count": 18,
        "options": [],
        "defaults": []
    },
    "23": {
        "class": "Isotope",
        "ID": 23,
        "element": "X",
        "infexes": [],
        "freedom": 0,
        "max_count": 3,
        "options": [],
        "defaults": []
    },
    "24": {
        "class": "Isotope",
        "ID": 24,
        "element": "X",
        "infexes": [],
        "freedom": 0,
        "max_count": 35,
        "options": [],
        "defaults": []
    },
    "25": {
        "class": "Isotope",
        "ID": 25,
        "element": "X",
        "infexes": [],
        "freedom": 0,
        "max_count": 1,
        "options": [],
        "defaults": []
    },
    "26": {
        "class": "Isotope",
        "ID": 26,
        "element": "X",
        "infexes": [],
        "freedom": 0,
        "max_count": 20,
        "options": [],
        "defaults": []
    },
    "27": {
        "class": "Isotope",
        "ID": 27,
        "element": "X",
        "infexes": [],
        "freedom": 0,
        "max_count": 32,
        "options": [],
        "defaults": []
    },
    "28": {
        "class": "Isotope",
        "ID": 28,
        "element": "Y",
        "infexes": [],
        "freedom": 0,
        "max_count": 17,
        "options": [],
        "defaults": []
    },
    "29": {
        "class": "Isotope",
        "ID": 29,
        "element": "Y",
        "infexes": [],
        "freedom": 0,
        "max_count": 17,
        "options": [],
        "defaults": []
    },
    "30": {
        "class": "Isotope",
        "ID": 30,
        "element": "Y",
        "infexes": [],
        "freedom": 0,
        "max_count": 3,
        "options": [],
        "defaults": []
    },
    "31": {
        "class": "Isotope",
        "ID": 31,
        "element": "Y",
        "infexes": [],
        "freedom": 0,
        "max_count": 10,
        "options": [],
        "defaults": []
    },
    "32": {
        "class": "Isotope",
        "ID": 32,
        "element": "Y",
        "infexes": [],
        "freedom": 0,
        "max_count": 13,
        "options": [],
        "defaults": []
    },
    "33": {
        "class": "Isotope",
        "ID": 33,
        "element": "Y",
        "infexes": [],
        "freedom": 0,
        "max_count": 26,
        "options": [],
        "defaults": []
    },
    "34": {
        "class": "Isotope",
        "ID": 34,
        "element": "Y",
        "infexes": [],
        "freedom": 0,
        "max_count": 8,
        "options": [],
        "defaults": []
    },
    "35": {
        "class": "Isotope",
        "ID": 35,
        "element": "Y",
        "infexes": [],
        "freedom": 0,
        "max_count": 7,
        "options": [],
        "defaults": []
    },
    "36": {
        "class": "Isotope",
        "ID": 36,
        "element": "Y",
        "infexes": [],
        "freedom": 0,
        "max_count": 11,
        "options": [],
        "defaults": []
    },
    "37": {
        "class": "Isotope",
        "ID": 37,
        "element": "Y",
        "infexes": [],
        "freedom": 0,
        "max_count": 19,
        "options": [],
        "defaults": []
    },
    "38": {
        "class": "Isotope",
        "ID": 38,
        "element": "Y",
        "infexes": [],
        "freedom": 0,
        "max_count": 20,
        "options": [],
        "defaults": []
    },
    "39": {
        "class": "Isotope",
        "ID": 39,
        "element": "Y",
        "infexes": [],
        "freedom": 0,
        "max_count": 152,
        "options": [],
        "defaults": []
    },
    "40": {
        "class": "Isotope",
        "ID": 40,
        "element": "Y",
        "infexes": [],
        "freedom": 0,
        "max_count": 6,
        "options": [],
        "defaults": []
    },
    "41": {
        "class": "Isotope",
        "ID": 41,
        "element": "Y",
        "infexes": [],
        "freedom": 0,
        "max_count": 34,
        "options": [],
        "defaults": []
    },
    "42": {
        "class": "Isotope",
        "ID": 42,
        "element": "Y",
        "infexes": [],
        "freedom": 0,
        "max_count": 94,
        "options": [],
        "defaults": []
    },
    "43": {
        "class": "Isotope",
        "ID": 43,
        "element": "Y",
        "infexes": [],
        "freedom": 0,
        "max_count": 62,
        "options": [],
        "defaults": []
    },
    "44": {
        "class": "Isotope",
        "ID": 44,
        "element": "Y",
        "infexes": [],
        "freedom": 0,
        "max_count": 22,
        "options": [],
        "defaults": []
    },
    "45": {
        "class": "Isotope",
        "ID": 45,
        "element": "Y",
        "infexes": [],
        "freedom": 0,
        "max_count": 5,
        "options": [],
        "defaults": []
    },
    "46": {
        "class": "Isotope",
        "ID": 46,
        "element": "Y",
        "infexes": [],
        "freedom": 0,
        "max_count": 128,
        "options": [],
        "defaults": []
    },
    "47": {
        "class": "Isotope",
        "ID": 47,
        "element": "ARCFAN",
        "infexes": [],
        "freedom": 0,
        "max_count": 4,
        "options": [
            [
                11,
                20
            ]
        ],
        "defaults": [
            [
                11,
                20
            ]
        ]
    },
    "48": {
        "class": "Isotope",
        "ID": 48,
        "element": "ARCFAN",
        "infexes": [],
        "freedom": 0,
        "max_count": 31,
        "options": [
            [
                34,
                16
            ]
        ],
        "defaults": [
            [
                34,
                16
            ]
        ]
    },
    "49": {
        "class": "Isotope",
        "ID": 49,
        "element": "GMEAN",
        "infexes": [
            2,
            2
        ],
        "freedom": 0.30273912225238003,
        "max_count": 31,
        "options": [
            [
                44,
                23
            ],
            [
                46,
                19
            ],
            [
                26,
                31
            ],
            [
                33,
                24
            ],
            [
                32,
                11
            ],
            [
                34,
                10
            ],
            [
                35,
                23
            ]
        ],
        "defaults": [
            [
                44,
                23
            ],
            [
                46,
                19
            ],
            [
                26,
                31
            ],
            [
                33,
                24
            ],
            [
                32,
                11
            ],
            [
                34,
                10
            ],
            [
                35,
                23
            ]
        ]
    },
    "50": {
        "class": "Isotope",
        "ID": 50,
        "element": "GMEAN",
        "infexes": [
            3,
            3
        ],
        "freedom": 0,
        "max_count": 41,
        "options": [
            [
                30,
                22,
                13
            ]
        ],
        "defaults": [
            [
                30,
                22,
                13
            ]
        ]
    },
    "51": {
        "class": "Isotope",
        "ID": 51,
        "element": "IT",
        "infexes": [],
        "freedom": 0,
        "max_count": 1,
        "options": [
            [
                23,
                40,
                18,
                33,
                29
            ]
        ],
        "defaults": [
            [
                23,
                40,
                18,
                33,
                29
            ]
        ]
    },
    "52": {
        "class": "Isotope",
        "ID": 52,
        "element": "GMEAN",
        "infexes": [
            3,
            4
        ],
        "freedom": 0,
        "max_count": 37,
        "options": [
            [
                41,
                43,
                32,
                15
            ]
        ],
        "defaults": [
            [
                41,
                43,
                32,
                15
            ]
        ]
    },
    "53": {
        "class": "Isotope",
        "ID": 53,
        "element": "AMEAN",
        "infexes": [
            3,
            4
        ],
        "freedom": 0.5508377210140813,
        "max_count": 34,
        "options": [
            [
                40,
                17,
                14,
                28
            ],
            [
                48,
                14,
                32,
                61
            ],
            [
                17,
                19,
                28,
                31
            ],
            [
                27,
                36,
                27,
                26
            ],
            [
                51,
                33,
                62,
                27
            ],
            [
                41,
                60,
                24,
                51
            ],
            [
                34,
                17,
                17,
                9
            ],
            [
                40,
                29,
                14,
                62
            ]
        ],
        "defaults": [
            [
                40,
                17,
                14,
                28
            ],
            [
                48,
                14,
                32,
                61
            ],
            [
                17,
                19,
                28,
                31
            ],
            [
                27,
                36,
                27,
                26
            ],
            [
                51,
                33,
                62,
                27
            ],
            [
                41,
                60,
                24,
                51
            ],
            [
                34,
                17,
                17,
                9
            ],
            [
                40,
                29,
                14,
                62
            ]
        ]
    },
    "54": {
        "class": "Isotope",
        "ID": 54,
        "element": "INV",
        "infexes": [],
        "freedom": 0,
        "max_count": 10,
        "options": [
            [
                57
            ]
        ],
        "defaults": [
            [
                57
            ]
        ]
    },
    "55": {
        "class": "Isotope",
        "ID": 55,
        "element": "SPIN",
        "infexes": [],
        "freedom": 0.16491543508282216,
        "max_count": 13,
        "options": [
            [
                12,
                49,
                37
            ],
            [
                20,
                21,
                56
            ],
            [
                56,
                24,
                25
            ],
            [
                52,
                8,
                44
            ],
            [
                47,
                54,
                8
            ],
            [
                47,
                55,
                45
            ],
            [
                46,
                58,
                45
            ],
            [
                10,
                50,
                49
            ],
            [
                54,
                37,
                40
            ],
            [
                58,
                23,
                46
            ],
            [
                42,
                15,
                57
            ],
            [
                58,
                32,
                58
            ]
        ],
        "defaults": [
            [
                56,
                24,
                25
            ]
        ]
    },
    "56": {
        "class": "Isotope",
        "ID": 56,
        "element": "ARCFAN",
        "infexes": [],
        "freedom": 0,
        "max_count": 41,
        "options": [
            [
                57,
                50
            ]
        ],
        "defaults": [
            [
                57,
                50
            ]
        ]
    },
    "57": {
        "class": "Isotope",
        "ID": 57,
        "element": "SPIN",
        "infexes": [],
        "freedom": 0,
        "max_count": 7,
        "options": [
            [
                52,
                13,
                38
            ]
        ],
        "defaults": [
            [
                52,
                13,
                38
            ]
        ]
    },
    "58": {
        "class": "Isotope",
        "ID": 58,
        "element": "IT",
        "infexes": [],
        "freedom": 0,
        "max_count": 50,
        "options": [
            [
                17,
                46,
                40,
                56,
                47
            ]
        ],
        "defaults": [
            [
                17,
                46,
                40,
                56,
                47
            ]
        ]
    },
    "59": {
        "class": "Isotope",
        "ID": 59,
        "element": "IT",
        "infexes": [],
        "freedom": 0,
        "max_count": 11,
        "options": [
            [
                13,
                34,
                45,
                42,
                34
            ]
        ],
        "defaults": [
            [
                13,
                34,
                45,
                42,
                34
            ]
        ]
    },
    "60": {
        "class": "Isotope",
        "ID": 60,
        "element": "SIN",
        "infexes": [],
        "freedom": 0,
        "max_count": 33,
        "options": [
            [
                23
            ]
        ],
        "defaults": [
            [
                23
            ]
        ]
    },
    "61": {
        "class": "Isotope",
        "ID": 61,
        "element": "SIGMOID",
        "infexes": [],
        "freedom": 0.20501322723191143,
        "max_count": 19,
        "options": [
            [
                62
            ],
            [
                45
            ],
            [
                59
            ]
        ],
        "defaults": [
            [
                62
            ],
            [
                45
            ],
            [
                59
            ]
        ]
    },
    "62": {
        "class": "Isotope",
        "ID": 62,
        "element": "SIGMOID",
        "infexes": [],
        "freedom": 0,
        "max_count": 5,
        "options": [
            [
                39
            ]
        ],
        "defaults": [
            [
                39
            ]
        ]
    }
}