{
    "0": {
        "class": "Isotope",
        "ID": 0,
        "element": "ROOT_MAIN",
        "infexes": [],
        "freedom": 0.5833202862789053,
        "max_count": 1,
        "options": [
            [
                160
            ],
            [
                157
            ]
        ],
        "defaults": [
            [
                157
            ]
        ]
    },
    "1": {
        "class": "Isotope",
        "ID": 1,
        "element": "ROOT_HUE",
        "infexes": [],
        "freedom": 0.21671976072854404,
        "max_count": 1,
        "options": [
            [
                160
            ],
            [
                160
            ]
        ],
        "defaults": [
            [
                160
            ]
        ]
    },
    "2": {
        "class": "Isotope",
        "ID": 2,
        "element": "ROOT_SAT",
        "infexes": [],
        "freedom": 0.2972038161819516,
        "max_count": 1,
        "options": [
            [
                157
            ],
            [
                158
            ]
        ],
        "defaults": [
            [
                158
            ]
        ]
    },
    "3": {
        "class": "Isotope",
        "ID": 3,
        "element": "ROOT_VAL",
        "infexes": [],
        "freedom": 0.6214813596754946,
        "max_count": 1,
        "options": [
            [
                160
            ],
            [
                155
            ]
        ],
        "defaults": [
            [
                160
            ]
        ]
    },
    "4": {
        "class": "Isotope",
        "ID": 4,
        "element": "ROOT_PAL",
        "infexes": [],
        "freedom": 0.3440741955617069,
        "max_count": 1,
        "options": [
            [
                156
            ],
            [
                155
            ]
        ],
        "defaults": [
            [
                155
            ]
        ]
    },
    "5": {
        "class": "Isotope",
        "ID": 5,
        "element": "ROOT_GRAD",
        "infexes": [],
        "freedom": 0.35007941697249545,
        "max_count": 1,
        "options": [
            [
                160
            ],
            [
                159
            ]
        ],
        "defaults": [
            [
                160
            ]
        ]
    },
    "6": {
        "class": "Isotope",
        "ID": 6,
        "element": "ROOT_TARGET",
        "infexes": [],
        "freedom": 0.3053355388020156,
        "max_count": 1,
        "options": [
            [
                157
            ],
            [
                158
            ],
            [
                159
            ],
            [
                156
            ],
            [
                157
            ],
            [
                157
            ],
            [
                159
            ],
            [
                157
            ],
            [
                155
            ],
            [
                159
            ]
        ],
        "defaults": [
            [
                157
            ]
        ]
    },
    "7": {
        "class": "Isotope",
        "ID": 7,
        "element": "ROOT_AIM",
        "infexes": [],
        "freedom": 0.2897601060058889,
        "max_count": 1,
        "options": [
            [
                157
            ],
            [
                160
            ]
        ],
        "defaults": [
            [
                160
            ]
        ]
    },
    "8": {
        "class": "Isotope",
        "ID": 8,
        "element": "X",
        "infexes": [],
        "freedom": 0,
        "max_count": 9,
        "options": [],
        "defaults": []
    },
    "9": {
        "class": "Isotope",
        "ID": 9,
        "element": "X",
        "infexes": [],
        "freedom": 0,
        "max_count": 22,
        "options": [],
        "defaults": []
    },
    "10": {
        "class": "Isotope",
        "ID": 10,
        "element": "X",
        "infexes": [],
        "freedom": 0,
        "max_count": 27,
        "options": [],
        "defaults": []
    },
    "11": {
        "class": "Isotope",
        "ID": 11,
        "element": "X",
        "infexes": [],
        "freedom": 0,
        "max_count": 31,
        "options": [],
        "defaults": []
    },
    "12": {
        "class": "Isotope",
        "ID": 12,
        "element": "X",
        "infexes": [],
        "freedom": 0,
        "max_count": 11,
        "options": [],
        "defaults": []
    },
    "13": {
        "class": "Isotope",
        "ID": 13,
        "element": "X",
        "infexes": [],
        "freedom": 0,
        "max_count": 6,
        "options": [],
        "defaults": []
    },
    "14": {
        "class": "Isotope",
        "ID": 14,
        "element": "X",
        "infexes": [],
        "freedom": 0,
        "max_count": 15,
        "options": [],
        "defaults": []
    },
    "15": {
        "class": "Isotope",
        "ID": 15,
        "element": "X",
        "infexes": [],
        "freedom": 0,
        "max_count": 6,
        "options": [],
        "defaults": []
    },
    "16": {
        "class": "Isotope",
        "ID": 16,
        "element": "X",
        "infexes": [],
        "freedom": 0,
        "max_count": 29,
        "options": [],
        "defaults": []
    },
    "17": {
        "class": "Isotope",
        "ID": 17,
        "element": "X",
        "infexes": [],
        "freedom": 0,
        "max_count": 80,
        "options": [],
        "defaults": []
    },
    "18": {
        "class": "Isotope",
        "ID": 18,
        "element": "X",
        "infexes": [],
        "freedom": 0,
        "max_count": 20,
        "options": [],
        "defaults": []
    },
    "19": {
        "class": "Isotope",
        "ID": 19,
        "element": "X",
        "infexes": [],
        "freedom": 0,
        "max_count": 9,
        "options": [],
        "defaults": []
    },
    "20": {
        "class": "Isotope",
        "ID": 20,
        "element": "X",
        "infexes": [],
        "freedom": 0,
        "max_count": 4,
        "options": [],
        "defaults": []
    },
    "21": {
        "class": "Isotope",
        "ID": 21,
        "element": "X",
        "infexes": [],
        "freedom": 0,
        "max_count": 15,
        "options": [],
        "defaults": []
    },
    "22": {
        "class": "Isotope",
        "ID": 22,
        "element": "X",
        "infexes": [],
        "freedom": 0,
        "max_count": 8,
        "options": [],
        "defaults": []
    },
    "23": {
        "class": "Isotope",
        "ID": 23,
        "element": "X",
        "infexes": [],
        "freedom": 0,
        "max_count": 7,
        "options": [],
        "defaults": []
    },
    "24": {
        "class": "Isotope",
        "ID": 24,
        "element": "X",
        "infexes": [],
        "freedom": 0,
        "max_count": 83,
        "options": [],
        "defaults": []
    },
    "25": {
        "class": "Isotope",
        "ID": 25,
        "element": "X",
        "infexes": [],
        "freedom": 0,
        "max_count": 25,
        "options": [],
        "defaults": []
    },
    "26": {
        "class": "Isotope",
        "ID": 26,
        "element": "X",
        "infexes": [],
        "freedom": 0,
        "max_count": 6,
        "options": [],
        "defaults": []
    },
    "27": {
        "class": "Isotope",
        "ID": 27,
        "element": "X",
        "infexes": [],
        "freedom": 0,
        "max_count": 84,
        "options": [],
        "defaults": []
    },
    "28": {
        "class": "Isotope",
        "ID": 28,
        "element": "X",
        "infexes": [],
        "freedom": 0,
        "max_count": 7,
        "options": [],
        "defaults": []
    },
    "29": {
        "class": "Isotope",
        "ID": 29,
        "element": "X",
        "infexes": [],
        "freedom": 0,
        "max_count": 9,
        "options": [],
        "defaults": []
    },
    "30": {
        "class": "Isotope",
        "ID": 30,
        "element": "X",
        "infexes": [],
        "freedom": 0,
        "max_count": 5,
        "options": [],
        "defaults": []
    },
    "31": {
        "class": "Isotope",
        "ID": 31,
        "element": "X",
        "infexes": [],
        "freedom": 0,
        "max_count": 54,
        "options": [],
        "defaults": []
    },
    "32": {
        "class": "Isotope",
        "ID": 32,
        "element": "X",
        "infexes": [],
        "freedom": 0,
        "max_count": 38,
        "options": [],
        "defaults": []
    },
    "33": {
        "class": "Isotope",
        "ID": 33,
        "element": "X",
        "infexes": [],
        "freedom": 0,
        "max_count": 14,
        "options": [],
        "defaults": []
    },
    "34": {
        "class": "Isotope",
        "ID": 34,
        "element": "X",
        "infexes": [],
        "freedom": 0,
        "max_count": 65,
        "options": [],
        "defaults": []
    },
    "35": {
        "class": "Isotope",
        "ID": 35,
        "element": "Y",
        "infexes": [],
        "freedom": 0,
        "max_count": 5,
        "options": [],
        "defaults": []
    },
    "36": {
        "class": "Isotope",
        "ID": 36,
        "element": "Y",
        "infexes": [],
        "freedom": 0,
        "max_count": 48,
        "options": [],
        "defaults": []
    },
    "37": {
        "class": "Isotope",
        "ID": 37,
        "element": "Y",
        "infexes": [],
        "freedom": 0,
        "max_count": 20,
        "options": [],
        "defaults": []
    },
    "38": {
        "class": "Isotope",
        "ID": 38,
        "element": "Y",
        "infexes": [],
        "freedom": 0,
        "max_count": 3,
        "options": [],
        "defaults": []
    },
    "39": {
        "class": "Isotope",
        "ID": 39,
        "element": "Y",
        "infexes": [],
        "freedom": 0,
        "max_count": 43,
        "options": [],
        "defaults": []
    },
    "40": {
        "class": "Isotope",
        "ID": 40,
        "element": "Y",
        "infexes": [],
        "freedom": 0,
        "max_count": 45,
        "options": [],
        "defaults": []
    },
    "41": {
        "class": "Isotope",
        "ID": 41,
        "element": "Y",
        "infexes": [],
        "freedom": 0,
        "max_count": 6,
        "options": [],
        "defaults": []
    },
    "42": {
        "class": "Isotope",
        "ID": 42,
        "element": "Y",
        "infexes": [],
        "freedom": 0,
        "max_count": 47,
        "options": [],
        "defaults": []
    },
    "43": {
        "class": "Isotope",
        "ID": 43,
        "element": "Y",
        "infexes": [],
        "freedom": 0,
        "max_count": 60,
        "options": [],
        "defaults": []
    },
    "44": {
        "class": "Isotope",
        "ID": 44,
        "element": "Y",
        "infexes": [],
        "freedom": 0,
        "max_count": 21,
        "options": [],
        "defaults": []
    },
    "45": {
        "class": "Isotope",
        "ID": 45,
        "element": "Y",
        "infexes": [],
        "freedom": 0,
        "max_count": 9,
        "options": [],
        "defaults": []
    },
    "46": {
        "class": "Isotope",
        "ID": 46,
        "element": "Y",
        "infexes": [],
        "freedom": 0,
        "max_count": 25,
        "options": [],
        "defaults": []
    },
    "47": {
        "class": "Isotope",
        "ID": 47,
        "element": "Y",
        "infexes": [],
        "freedom": 0,
        "max_count": 3,
        "options": [],
        "defaults": []
    },
    "48": {
        "class": "Isotope",
        "ID": 48,
        "element": "Y",
        "infexes": [],
        "freedom": 0,
        "max_count": 26,
        "options": [],
        "defaults": []
    },
    "49": {
        "class": "Isotope",
        "ID": 49,
        "element": "Y",
        "infexes": [],
        "freedom": 0,
        "max_count": 17,
        "options": [],
        "defaults": []
    },
    "50": {
        "class": "Isotope",
        "ID": 50,
        "element": "Y",
        "infexes": [],
        "freedom": 0,
        "max_count": 26,
        "options": [],
        "defaults": []
    },
    "51": {
        "class": "Isotope",
        "ID": 51,
        "element": "Y",
        "infexes": [],
        "freedom": 0,
        "max_count": 17,
        "options": [],
        "defaults": []
    },
    "52": {
        "class": "Isotope",
        "ID": 52,
        "element": "Y",
        "infexes": [],
        "freedom": 0,
        "max_count": 26,
        "options": [],
        "defaults": []
    },
    "53": {
        "class": "Isotope",
        "ID": 53,
        "element": "Y",
        "infexes": [],
        "freedom": 0,
        "max_count": 192,
        "options": [],
        "defaults": []
    },
    "54": {
        "class": "Isotope",
        "ID": 54,
        "element": "Y",
        "infexes": [],
        "freedom": 0,
        "max_count": 5,
        "options": [],
        "defaults": []
    },
    "55": {
        "class": "Isotope",
        "ID": 55,
        "element": "Y",
        "infexes": [],
        "freedom": 0,
        "max_count": 8,
        "options": [],
        "defaults": []
    },
    "56": {
        "class": "Isotope",
        "ID": 56,
        "element": "Y",
        "infexes": [],
        "freedom": 0,
        "max_count": 17,
        "options": [],
        "defaults": []
    },
    "57": {
        "class": "Isotope",
        "ID": 57,
        "element": "Y",
        "infexes": [],
        "freedom": 0,
        "max_count": 24,
        "options": [],
        "defaults": []
    },
    "58": {
        "class": "Isotope",
        "ID": 58,
        "element": "Y",
        "infexes": [],
        "freedom": 0,
        "max_count": 18,
        "options": [],
        "defaults": []
    },
    "59": {
        "class": "Isotope",
        "ID": 59,
        "element": "Y",
        "infexes": [],
        "freedom": 0,
        "max_count": 10,
        "options": [],
        "defaults": []
    },
    "60": {
        "class": "Isotope",
        "ID": 60,
        "element": "Y",
        "infexes": [],
        "freedom": 0,
        "max_count": 40,
        "options": [],
        "defaults": []
    },
    "61": {
        "class": "Isotope",
        "ID": 61,
        "element": "Y",
        "infexes": [],
        "freedom": 0,
        "max_count": 16,
        "options": [],
        "defaults": []
    },
    "62": {
        "class": "Isotope",
        "ID": 62,
        "element": "Y",
        "infexes": [],
        "freedom": 0,
        "max_count": 35,
        "options": [],
        "defaults": []
    },
    "63": {
        "class": "Isotope",
        "ID": 63,
        "element": "Y",
        "infexes": [],
        "freedom": 0,
        "max_count": 2,
        "options": [],
        "defaults": []
    },
    "64": {
        "class": "Isotope",
        "ID": 64,
        "element": "Y",
        "infexes": [],
        "freedom": 0,
        "max_count": 24,
        "options": [],
        "defaults": []
    },
    "65": {
        "class": "Isotope",
        "ID": 65,
        "element": "Y",
        "infexes": [],
        "freedom": 0,
        "max_count": 3,
        "options": [],
        "defaults": []
    },
    "66": {
        "class": "Isotope",
        "ID": 66,
        "element": "Y",
        "infexes": [],
        "freedom": 0,
        "max_count": 9,
        "options": [],
        "defaults": []
    },
    "67": {
        "class": "Isotope",
        "ID": 67,
        "element": "Y",
        "infexes": [],
        "freedom": 0,
        "max_count": 39,
        "options": [],
        "defaults": []
    },
    "68": {
        "class": "Isotope",
        "ID": 68,
        "element": "Y",
        "infexes": [],
        "freedom": 0,
        "max_count": 43,
        "options": [],
        "defaults": []
    },
    "69": {
        "class": "Isotope",
        "ID": 69,
        "element": "Y",
        "infexes": [],
        "freedom": 0,
        "max_count": 30,
        "options": [],
        "defaults": []
    },
    "70": {
        "class": "Isotope",
        "ID": 70,
        "element": "Y",
        "infexes": [],
        "freedom": 0,
        "max_count": 44,
        "options": [],
        "defaults": []
    },
    "71": {
        "class": "Isotope",
        "ID": 71,
        "element": "Y",
        "infexes": [],
        "freedom": 0,
        "max_count": 10,
        "options": [],
        "defaults": []
    },
    "72": {
        "class": "Isotope",
        "ID": 72,
        "element": "Y",
        "infexes": [],
        "freedom": 0,
        "max_count": 9,
        "options": [],
        "defaults": []
    },
    "73": {
        "class": "Isotope",
        "ID": 73,
        "element": "Y",
        "infexes": [],
        "freedom": 0,
        "max_count": 56,
        "options": [],
        "defaults": []
    },
    "74": {
        "class": "Isotope",
        "ID": 74,
        "element": "Y",
        "infexes": [],
        "freedom": 0,
        "max_count": 43,
        "options": [],
        "defaults": []
    },
    "75": {
        "class": "Isotope",
        "ID": 75,
        "element": "Y",
        "infexes": [],
        "freedom": 0,
        "max_count": 15,
        "options": [],
        "defaults": []
    },
    "76": {
        "class": "Isotope",
        "ID": 76,
        "element": "Y",
        "infexes": [],
        "freedom": 0,
        "max_count": 9,
        "options": [],
        "defaults": []
    },
    "77": {
        "class": "Isotope",
        "ID": 77,
        "element": "Y",
        "infexes": [],
        "freedom": 0,
        "max_count": 9,
        "options": [],
        "defaults": []
    },
    "78": {
        "class": "Isotope",
        "ID": 78,
        "element": "Y",
        "infexes": [],
        "freedom": 0,
        "max_count": 3,
        "options": [],
        "defaults": []
    },
    "79": {
        "class": "Isotope",
        "ID": 79,
        "element": "Y",
        "infexes": [],
        "freedom": 0,
        "max_count": 4,
        "options": [],
        "defaults": []
    },
    "80": {
        "class": "Isotope",
        "ID": 80,
        "element": "Y",
        "infexes": [],
        "freedom": 0,
        "max_count": 48,
        "options": [],
        "defaults": []
    },
    "81": {
        "class": "Isotope",
        "ID": 81,
        "element": "Y",
        "infexes": [],
        "freedom": 0,
        "max_count": 23,
        "options": [],
        "defaults": []
    },
    "82": {
        "class": "Isotope",
        "ID": 82,
        "element": "Y",
        "infexes": [],
        "freedom": 0,
        "max_count": 46,
        "options": [],
        "defaults": []
    },
    "83": {
        "class": "Isotope",
        "ID": 83,
        "element": "Y",
        "infexes": [],
        "freedom": 0,
        "max_count": 14,
        "options": [],
        "defaults": []
    },
    "84": {
        "class": "Isotope",
        "ID": 84,
        "element": "SIGMOID",
        "infexes": [],
        "freedom": 0,
        "max_count": 4,
        "options": [
            [
                106
            ]
        ],
        "defaults": [
            [
                106
            ]
        ]
    },
    "85": {
        "class": "Isotope",
        "ID": 85,
        "element": "POWER",
        "infexes": [],
        "freedom": 0,
        "max_count": 2,
        "options": [
            [
                69,
                15
            ]
        ],
        "defaults": [
            [
                69,
                15
            ]
        ]
    },
    "86": {
        "class": "Isotope",
        "ID": 86,
        "element": "ARCFAN",
        "infexes": [],
        "freedom": 0,
        "max_count": 2,
        "options": [
            [
                16,
                129
            ]
        ],
        "defaults": [
            [
                16,
                129
            ]
        ]
    },
    "87": {
        "class": "Isotope",
        "ID": 87,
        "element": "POWER",
        "infexes": [],
        "freedom": 0.2304011584448837,
        "max_count": 39,
        "options": [
            [
                147,
                91
            ],
            [
                102,
                12
            ]
        ],
        "defaults": [
            [
                102,
                12
            ]
        ]
    },
    "88": {
        "class": "Isotope",
        "ID": 88,
        "element": "POWER",
        "infexes": [],
        "freedom": 0.1957514717024872,
        "max_count": 19,
        "options": [
            [
                13,
                69
            ],
            [
                112,
                161
            ]
        ],
        "defaults": [
            [
                13,
                69
            ]
        ]
    },
    "89": {
        "class": "Isotope",
        "ID": 89,
        "element": "POWER",
        "infexes": [],
        "freedom": 0.5927084930735301,
        "max_count": 10,
        "options": [
            [
                64,
                130
            ],
            [
                18,
                93
            ]
        ],
        "defaults": [
            [
                64,
                130
            ],
            [
                18,
                93
            ]
        ]
    },
    "90": {
        "class": "Isotope",
        "ID": 90,
        "element": "GMEAN",
        "infexes": [
            3,
            4
        ],
        "freedom": 0,
        "max_count": 8,
        "options": [
            [
                19,
                105,
                133,
                82
            ]
        ],
        "defaults": [
            [
                19,
                105,
                133,
                82
            ]
        ]
    },
    "91": {
        "class": "Isotope",
        "ID": 91,
        "element": "GMEAN",
        "infexes": [
            2,
            43
        ],
        "freedom": 0.26740658643948095,
        "max_count": 73,
        "options": [
            [
                165,
                106,
                76,
                42,
                118,
                43,
                134,
                132,
                100,
                147,
                157,
                31,
                38,
                93,
                23,
                78,
                67,
                47,
                18,
                168,
                20,
                48,
                129,
                121,
                48,
                51,
                130,
                82,
                17,
                115,
                133,
                148,
                171,
                32,
                131,
                38,
                76,
                172,
                101,
                74,
                145,
                97,
                143
            ],
            [
                96,
                133,
                132,
                98,
                167,
                77,
                134,
                32,
                36,
                134,
                60,
                67,
                28,
                51,
                57,
                22
            ],
            [
                19,
                27,
                120,
                18,
                101,
                35,
                22,
                140,
                27,
                48,
                75,
                119,
                31,
                48,
                107,
                30,
                109,
                145,
                136,
                77,
                64,
                85,
                109,
                77,
                164,
                30,
                56,
                107,
                27,
                97,
                96,
                111,
                138,
                13,
                75,
                96,
                105,
                82,
                26,
                20,
                49,
                149,
                42
            ]
        ],
        "defaults": [
            [
                96,
                133,
                132,
                98,
                167,
                77,
                134,
                32,
                36,
                134,
                60,
                67,
                28,
                51,
                57,
                22
            ]
        ]
    },
    "92": {
        "class": "Isotope",
        "ID": 92,
        "element": "POWER",
        "infexes": [],
        "freedom": 0.33592646024825634,
        "max_count": 1,
        "options": [
            [
                73,
                113
            ],
            [
                89,
                17
            ]
        ],
        "defaults": [
            [
                89,
                17
            ]
        ]
    },
    "93": {
        "class": "Isotope",
        "ID": 93,
        "element": "SPIN",
        "infexes": [],
        "freedom": 0.3740239334250325,
        "max_count": 2,
        "options": [
            [
                65,
                102,
                28
            ],
            [
                35,
                77,
                102
            ]
        ],
        "defaults": [
            [
                65,
                102,
                28
            ],
            [
                35,
                77,
                102
            ]
        ]
    },
    "94": {
        "class": "Isotope",
        "ID": 94,
        "element": "POWER",
        "infexes": [],
        "freedom": 0.04749345187638278,
        "max_count": 23,
        "options": [
            [
                108,
                98
            ],
            [
                97,
                15
            ]
        ],
        "defaults": [
            [
                97,
                15
            ]
        ]
    },
    "95": {
        "class": "Isotope",
        "ID": 95,
        "element": "POWER",
        "infexes": [],
        "freedom": 0.4718184640466366,
        "max_count": 16,
        "options": [
            [
                104,
                122
            ],
            [
                14,
                30
            ]
        ],
        "defaults": [
            [
                14,
                30
            ]
        ]
    },
    "96": {
        "class": "Isotope",
        "ID": 96,
        "element": "GMEAN",
        "infexes": [
            3,
            4
        ],
        "freedom": 0,
        "max_count": 33,
        "options": [
            [
                8,
                44,
                14,
                14
            ]
        ],
        "defaults": [
            [
                8,
                44,
                14,
                14
            ]
        ]
    },
    "97": {
        "class": "Isotope",
        "ID": 97,
        "element": "POWER",
        "infexes": [],
        "freedom": 0,
        "max_count": 20,
        "options": [
            [
                13,
                37
            ]
        ],
        "defaults": [
            [
                13,
                37
            ]
        ]
    },
    "98": {
        "class": "Isotope",
        "ID": 98,
        "element": "ARCFAN",
        "infexes": [],
        "freedom": 0,
        "max_count": 6,
        "options": [
            [
                130,
                129
            ]
        ],
        "defaults": [
            [
                130,
                129
            ]
        ]
    },
    "99": {
        "class": "Isotope",
        "ID": 99,
        "element": "GMEAN",
        "infexes": [
            2,
            3
        ],
        "freedom": 0.5170578767075416,
        "max_count": 34,
        "options": [
            [
                89,
                72,
                69
            ],
            [
                152,
                94,
                90
            ]
        ],
        "defaults": [
            [
                89,
                72,
                69
            ]
        ]
    },
    "100": {
        "class": "Isotope",
        "ID": 100,
        "element": "POWER",
        "infexes": [],
        "freedom": 0.34714166022476023,
        "max_count": 44,
        "options": [
            [
                9,
                31
            ],
            [
                14,
                110
            ]
        ],
        "defaults": [
            [
                9,
                31
            ]
        ]
    },
    "101": {
        "class": "Isotope",
        "ID": 101,
        "element": "POWER",
        "infexes": [],
        "freedom": 0.5333966357092867,
        "max_count": 7,
        "options": [
            [
                9,
                10
            ],
            [
                97,
                88
            ],
            [
                165,
                129
            ]
        ],
        "defaults": [
            [
                9,
                10
            ]
        ]
    },
    "102": {
        "class": "Isotope",
        "ID": 102,
        "element": "ARCFAN",
        "infexes": [],
        "freedom": 0,
        "max_count": 34,
        "options": [
            [
                125,
                13
            ]
        ],
        "defaults": [
            [
                125,
                13
            ]
        ]
    },
    "103": {
        "class": "Isotope",
        "ID": 103,
        "element": "ARCFAN",
        "infexes": [],
        "freedom": 0.17706219965708683,
        "max_count": 7,
        "options": [
            [
                18,
                25
            ],
            [
                47,
                92
            ],
            [
                101,
                20
            ],
            [
                129,
                14
            ],
            [
                97,
                93
            ],
            [
                84,
                93
            ],
            [
                131,
                100
            ],
            [
                123,
                135
            ],
            [
                128,
                28
            ],
            [
                127,
                14
            ],
            [
                90,
                105
            ],
            [
                9,
                29
            ],
            [
                87,
                62
            ],
            [
                71,
                19
            ],
            [
                123,
                38
            ],
            [
                159,
                134
            ]
        ],
        "defaults": [
            [
                9,
                29
            ]
        ]
    },
    "104": {
        "class": "Isotope",
        "ID": 104,
        "element": "ARCFAN",
        "infexes": [],
        "freedom": 0.43368586253685903,
        "max_count": 26,
        "options": [
            [
                17,
                14
            ],
            [
                103,
                114
            ]
        ],
        "defaults": [
            [
                17,
                14
            ]
        ]
    },
    "105": {
        "class": "Isotope",
        "ID": 105,
        "element": "POWER",
        "infexes": [],
        "freedom": 0,
        "max_count": 30,
        "options": [
            [
                32,
                77
            ]
        ],
        "defaults": [
            [
                32,
                77
            ]
        ]
    },
    "106": {
        "class": "Isotope",
        "ID": 106,
        "element": "SIN",
        "infexes": [],
        "freedom": 0,
        "max_count": 28,
        "options": [
            [
                16
            ]
        ],
        "defaults": [
            [
                16
            ]
        ]
    },
    "107": {
        "class": "Isotope",
        "ID": 107,
        "element": "AMEAN",
        "infexes": [
            4,
            4
        ],
        "freedom": 0.3043712249374451,
        "max_count": 30,
        "options": [
            [
                155,
                83,
                101,
                121
            ],
            [
                132,
                15,
                61,
                170
            ]
        ],
        "defaults": [
            [
                132,
                15,
                61,
                170
            ]
        ]
    },
    "108": {
        "class": "Isotope",
        "ID": 108,
        "element": "POWER",
        "infexes": [],
        "freedom": 0.08389763691118003,
        "max_count": 8,
        "options": [
            [
                22,
                76
            ],
            [
                149,
                125
            ],
            [
                30,
                63
            ],
            [
                112,
                84
            ],
            [
                157,
                116
            ],
            [
                38,
                87
            ],
            [
                64,
                106
            ],
            [
                93,
                83
            ],
            [
                110,
                122
            ],
            [
                30,
                89
            ],
            [
                123,
                118
            ],
            [
                91,
                33
            ],
            [
                77,
                109
            ],
            [
                30,
                66
            ],
            [
                139,
                102
            ],
            [
                84,
                85
            ],
            [
                119,
                39
            ],
            [
                118,
                21
            ],
            [
                119,
                163
            ],
            [
                76,
                92
            ]
        ],
        "defaults": [
            [
                30,
                63
            ]
        ]
    },
    "109": {
        "class": "Isotope",
        "ID": 109,
        "element": "IT",
        "infexes": [],
        "freedom": 0,
        "max_count": 18,
        "options": [
            [
                33,
                55,
                134,
                30,
                62
            ]
        ],
        "defaults": [
            [
                33,
                55,
                134,
                30,
                62
            ]
        ]
    },
    "110": {
        "class": "Isotope",
        "ID": 110,
        "element": "SIN",
        "infexes": [],
        "freedom": 0.40958155278595626,
        "max_count": 25,
        "options": [
            [
                24
            ],
            [
                20
            ],
            [
                111
            ],
            [
                135
            ]
        ],
        "defaults": [
            [
                20
            ]
        ]
    },
    "111": {
        "class": "Isotope",
        "ID": 111,
        "element": "ARCFAN",
        "infexes": [],
        "freedom": 0.16514536832013368,
        "max_count": 15,
        "options": [
            [
                110,
                64
            ],
            [
                37,
                116
            ],
            [
                32,
                17
            ]
        ],
        "defaults": [
            [
                32,
                17
            ]
        ]
    },
    "112": {
        "class": "Isotope",
        "ID": 112,
        "element": "SIGMOID",
        "infexes": [],
        "freedom": 0.4109205863414092,
        "max_count": 66,
        "options": [
            [
                31
            ],
            [
                122
            ]
        ],
        "defaults": [
            [
                31
            ]
        ]
    },
    "113": {
        "class": "Isotope",
        "ID": 113,
        "element": "POWER",
        "infexes": [],
        "freedom": 0.08259760875888687,
        "max_count": 26,
        "options": [
            [
                134,
                125
            ],
            [
                124,
                149
            ]
        ],
        "defaults": [
            [
                134,
                125
            ]
        ]
    },
    "114": {
        "class": "Isotope",
        "ID": 114,
        "element": "ARCFAN",
        "infexes": [],
        "freedom": 0.24580504550113896,
        "max_count": 21,
        "options": [
            [
                18,
                103
            ],
            [
                34,
                49
            ]
        ],
        "defaults": [
            [
                34,
                49
            ]
        ]
    },
    "115": {
        "class": "Isotope",
        "ID": 115,
        "element": "POW",
        "infexes": [],
        "freedom": 0.6436345244430091,
        "max_count": 19,
        "options": [
            [
                30
            ],
            [
                100
            ]
        ],
        "defaults": [
            [
                30
            ]
        ]
    },
    "116": {
        "class": "Isotope",
        "ID": 116,
        "element": "RAND",
        "infexes": [],
        "freedom": 0.41739204582943773,
        "max_count": 87,
        "options": [
            [
                89
            ],
            [
                138
            ]
        ],
        "defaults": [
            [
                89
            ]
        ]
    },
    "117": {
        "class": "Isotope",
        "ID": 117,
        "element": "AMEAN",
        "infexes": [
            2,
            3
        ],
        "freedom": 0.22986442603453247,
        "max_count": 53,
        "options": [
            [
                140,
                33,
                81
            ],
            [
                170,
                120,
                100
            ],
            [
                20,
                147,
                60
            ]
        ],
        "defaults": [
            [
                20,
                147,
                60
            ]
        ]
    },
    "118": {
        "class": "Isotope",
        "ID": 118,
        "element": "GMEAN",
        "infexes": [
            2,
            5
        ],
        "freedom": 0.17281127434825014,
        "max_count": 20,
        "options": [
            [
                141,
                27,
                40,
                111,
                85
            ],
            [
                128,
                170,
                90,
                97,
                38
            ]
        ],
        "defaults": [
            [
                128,
                170,
                90,
                97,
                38
            ]
        ]
    },
    "119": {
        "class": "Isotope",
        "ID": 119,
        "element": "POWER",
        "infexes": [],
        "freedom": 0.5385167960037671,
        "max_count": 30,
        "options": [
            [
                134,
                44
            ],
            [
                113,
                151
            ]
        ],
        "defaults": [
            [
                134,
                44
            ]
        ]
    },
    "120": {
        "class": "Isotope",
        "ID": 120,
        "element": "SIGMOID",
        "infexes": [],
        "freedom": 0.5879464768520114,
        "max_count": 17,
        "options": [
            [
                27
            ],
            [
                92
            ]
        ],
        "defaults": [
            [
                27
            ]
        ]
    },
    "121": {
        "class": "Isotope",
        "ID": 121,
        "element": "SIN",
        "infexes": [],
        "freedom": 0.14083391921803956,
        "max_count": 24,
        "options": [
            [
                94
            ],
            [
                95
            ],
            [
                140
            ],
            [
                125
            ],
            [
                90
            ]
        ],
        "defaults": [
            [
                125
            ]
        ]
    },
    "122": {
        "class": "Isotope",
        "ID": 122,
        "element": "POWER",
        "infexes": [],
        "freedom": 0.5224874026329529,
        "max_count": 46,
        "options": [
            [
                112,
                21
            ],
            [
                132,
                64
            ],
            [
                163,
                12
            ],
            [
                12,
                32
            ],
            [
                87,
                16
            ],
            [
                21,
                91
            ],
            [
                17,
                166
            ],
            [
                23,
                111
            ],
            [
                130,
                67
            ],
            [
                141,
                111
            ],
            [
                85,
                27
            ],
            [
                87,
                31
            ],
            [
                20,
                84
            ],
            [
                139,
                83
            ],
            [
                132,
                14
            ],
            [
                134,
                69
            ],
            [
                104,
                122
            ],
            [
                101,
                122
            ],
            [
                132,
                24
            ]
        ],
        "defaults": [
            [
                85,
                27
            ]
        ]
    },
    "123": {
        "class": "Isotope",
        "ID": 123,
        "element": "SPIN",
        "infexes": [],
        "freedom": 0.22349105219368895,
        "max_count": 31,
        "options": [
            [
                121,
                55,
                12
            ],
            [
                31,
                23,
                64
            ]
        ],
        "defaults": [
            [
                31,
                23,
                64
            ]
        ]
    },
    "124": {
        "class": "Isotope",
        "ID": 124,
        "element": "ARCFAN",
        "infexes": [],
        "freedom": 0.15498662774271774,
        "max_count": 56,
        "options": [
            [
                14,
                79
            ],
            [
                20,
                112
            ],
            [
                16,
                119
            ]
        ],
        "defaults": [
            [
                14,
                79
            ]
        ]
    },
    "125": {
        "class": "Isotope",
        "ID": 125,
        "element": "RAND",
        "infexes": [],
        "freedom": 0,
        "max_count": 1,
        "options": [
            [
                12
            ]
        ],
        "defaults": [
            [
                12
            ]
        ]
    },
    "126": {
        "class": "Isotope",
        "ID": 126,
        "element": "GMEAN",
        "infexes": [
            3,
            4
        ],
        "freedom": 0.3096233130800397,
        "max_count": 38,
        "options": [
            [
                12,
                66,
                168,
                141
            ],
            [
                15,
                62,
                140,
                90
            ],
            [
                11,
                86,
                138,
                116
            ],
            [
                16,
                133,
                16,
                122
            ]
        ],
        "defaults": [
            [
                15,
                62,
                140,
                90
            ]
        ]
    },
    "127": {
        "class": "Isotope",
        "ID": 127,
        "element": "RAND",
        "infexes": [],
        "freedom": 0.24401447868929793,
        "max_count": 110,
        "options": [
            [
                9
            ],
            [
                91
            ]
        ],
        "defaults": [
            [
                9
            ]
        ]
    },
    "128": {
        "class": "Isotope",
        "ID": 128,
        "element": "POWER",
        "infexes": [],
        "freedom": 0,
        "max_count": 28,
        "options": [
            [
                27,
                26
            ]
        ],
        "defaults": [
            [
                27,
                26
            ]
        ]
    },
    "129": {
        "class": "Isotope",
        "ID": 129,
        "element": "ARCFAN",
        "infexes": [],
        "freedom": 0,
        "max_count": 19,
        "options": [
            [
                105,
                52
            ]
        ],
        "defaults": [
            [
                105,
                52
            ]
        ]
    },
    "130": {
        "class": "Isotope",
        "ID": 130,
        "element": "SIN",
        "infexes": [],
        "freedom": 0,
        "max_count": 10,
        "options": [
            [
                96
            ]
        ],
        "defaults": [
            [
                96
            ]
        ]
    },
    "131": {
        "class": "Isotope",
        "ID": 131,
        "element": "POWER",
        "infexes": [],
        "freedom": 0.46130988228198555,
        "max_count": 14,
        "options": [
            [
                22,
                69
            ],
            [
                33,
                142
            ],
            [
                110,
                132
            ],
            [
                113,
                13
            ],
            [
                24,
                134
            ]
        ],
        "defaults": [
            [
                33,
                142
            ]
        ]
    },
    "132": {
        "class": "Isotope",
        "ID": 132,
        "element": "RAND",
        "infexes": [],
        "freedom": 0,
        "max_count": 1,
        "options": [
            [
                25
            ]
        ],
        "defaults": [
            [
                25
            ]
        ]
    },
    "133": {
        "class": "Isotope",
        "ID": 133,
        "element": "RAND",
        "infexes": [],
        "freedom": 0,
        "max_count": 6,
        "options": [
            [
                16
            ]
        ],
        "defaults": [
            [
                16
            ]
        ]
    },
    "134": {
        "class": "Isotope",
        "ID": 134,
        "element": "POWER",
        "infexes": [],
        "freedom": 0.29738328004674713,
        "max_count": 97,
        "options": [
            [
                85,
                64
            ],
            [
                57,
                133
            ]
        ],
        "defaults": [
            [
                85,
                64
            ],
            [
                57,
                133
            ]
        ]
    },
    "135": {
        "class": "Isotope",
        "ID": 135,
        "element": "POW",
        "infexes": [],
        "freedom": 0,
        "max_count": 33,
        "options": [
            [
                24
            ]
        ],
        "defaults": [
            [
                24
            ]
        ]
    },
    "136": {
        "class": "Isotope",
        "ID": 136,
        "element": "SPIN",
        "infexes": [],
        "freedom": 0,
        "max_count": 4,
        "options": [
            [
                151,
                31,
                98
            ]
        ],
        "defaults": [
            [
                151,
                31,
                98
            ]
        ]
    },
    "137": {
        "class": "Isotope",
        "ID": 137,
        "element": "MINX",
        "infexes": [
            2,
            6
        ],
        "freedom": 0.31248916493036755,
        "max_count": 55,
        "options": [
            [
                20,
                29,
                43,
                90
            ],
            [
                44,
                168,
                67,
                66,
                149,
                138
            ]
        ],
        "defaults": [
            [
                20,
                29,
                43,
                90
            ]
        ]
    },
    "138": {
        "class": "Isotope",
        "ID": 138,
        "element": "ARCFAN",
        "infexes": [],
        "freedom": 0.0978193442278123,
        "max_count": 83,
        "options": [
            [
                148,
                100
            ],
            [
                20,
                96
            ]
        ],
        "defaults": [
            [
                20,
                96
            ]
        ]
    },
    "139": {
        "class": "Isotope",
        "ID": 139,
        "element": "GMEAN",
        "infexes": [
            2,
            45
        ],
        "freedom": 0.512766892427036,
        "max_count": 1,
        "options": [
            [
                86,
                89,
                129,
                133,
                48,
                85,
                96,
                39,
                153
            ],
            [
                154,
                19,
                13,
                53,
                120,
                65,
                71,
                102,
                65,
                34,
                154,
                117,
                103,
                12,
                53,
                35,
                75,
                153,
                149,
                146,
                145,
                12,
                147,
                140,
                141,
                161,
                84,
                24,
                38,
                71,
                91,
                91,
                168,
                131,
                70,
                168,
                86,
                84,
                18,
                143,
                39,
                107,
                40,
                86,
                131
            ]
        ],
        "defaults": [
            [
                86,
                89,
                129,
                133,
                48,
                85,
                96,
                39,
                153
            ]
        ]
    },
    "140": {
        "class": "Isotope",
        "ID": 140,
        "element": "POWER",
        "infexes": [],
        "freedom": 0,
        "max_count": 36,
        "options": [
            [
                135,
                53
            ]
        ],
        "defaults": [
            [
                135,
                53
            ]
        ]
    },
    "141": {
        "class": "Isotope",
        "ID": 141,
        "element": "POWER",
        "infexes": [],
        "freedom": 0.39719997070846247,
        "max_count": 4,
        "options": [
            [
                99,
                77
            ],
            [
                156,
                104
            ],
            [
                140,
                112
            ],
            [
                85,
                34
            ],
            [
                97,
                130
            ],
            [
                106,
                144
            ],
            [
                133,
                40
            ],
            [
                137,
                106
            ],
            [
                70,
                120
            ],
            [
                106,
                126
            ]
        ],
        "defaults": [
            [
                106,
                144
            ]
        ]
    },
    "142": {
        "class": "Isotope",
        "ID": 142,
        "element": "SIGMOID",
        "infexes": [],
        "freedom": 0,
        "max_count": 4,
        "options": [
            [
                96
            ]
        ],
        "defaults": [
            [
                96
            ]
        ]
    },
    "143": {
        "class": "Isotope",
        "ID": 143,
        "element": "MINX",
        "infexes": [
            2,
            2
        ],
        "freedom": 0.4244824619420531,
        "max_count": 5,
        "options": [
            [
                150,
                107
            ],
            [
                44,
                39
            ]
        ],
        "defaults": [
            [
                44,
                39
            ]
        ]
    },
    "144": {
        "class": "Isotope",
        "ID": 144,
        "element": "POWER",
        "infexes": [],
        "freedom": 0,
        "max_count": 14,
        "options": [
            [
                52,
                134
            ]
        ],
        "defaults": [
            [
                52,
                134
            ]
        ]
    },
    "145": {
        "class": "Isotope",
        "ID": 145,
        "element": "AMEAN",
        "infexes": [
            2,
            3
        ],
        "freedom": 0.3343772898117791,
        "max_count": 27,
        "options": [
            [
                150,
                60,
                74
            ],
            [
                147,
                10
            ]
        ],
        "defaults": [
            [
                147,
                10
            ]
        ]
    },
    "146": {
        "class": "Isotope",
        "ID": 146,
        "element": "RAND",
        "infexes": [],
        "freedom": 0.6322319037894258,
        "max_count": 20,
        "options": [
            [
                55
            ],
            [
                46
            ]
        ],
        "defaults": [
            [
                55
            ],
            [
                46
            ]
        ]
    },
    "147": {
        "class": "Isotope",
        "ID": 147,
        "element": "POWER",
        "infexes": [],
        "freedom": 0,
        "max_count": 5,
        "options": [
            [
                70,
                80
            ]
        ],
        "defaults": [
            [
                70,
                80
            ]
        ]
    },
    "148": {
        "class": "Isotope",
        "ID": 148,
        "element": "ARCFAN",
        "infexes": [],
        "freedom": 0,
        "max_count": 13,
        "options": [
            [
                74,
                44
            ]
        ],
        "defaults": [
            [
                74,
                44
            ]
        ]
    },
    "149": {
        "class": "Isotope",
        "ID": 149,
        "element": "SPIN",
        "infexes": [],
        "freedom": 0,
        "max_count": 53,
        "options": [
            [
                66,
                74,
                35
            ]
        ],
        "defaults": [
            [
                66,
                74,
                35
            ]
        ]
    },
    "150": {
        "class": "Isotope",
        "ID": 150,
        "element": "SPIN",
        "infexes": [],
        "freedom": 0.32084657458700466,
        "max_count": 1,
        "options": [
            [
                149,
                129,
                48
            ],
            [
                162,
                98,
                78
            ],
            [
                80,
                125,
                48
            ]
        ],
        "defaults": [
            [
                149,
                129,
                48
            ]
        ]
    },
    "151": {
        "class": "Isotope",
        "ID": 151,
        "element": "POWER",
        "infexes": [],
        "freedom": 0,
        "max_count": 23,
        "options": [
            [
                44,
                21
            ]
        ],
        "defaults": [
            [
                44,
                21
            ]
        ]
    },
    "152": {
        "class": "Isotope",
        "ID": 152,
        "element": "POWER",
        "infexes": [],
        "freedom": 0.08475934804094666,
        "max_count": 26,
        "options": [
            [
                37,
                31
            ],
            [
                41,
                73
            ],
            [
                50,
                64
            ],
            [
                124,
                83
            ],
            [
                61,
                170
            ],
            [
                128,
                45
            ],
            [
                60,
                144
            ]
        ],
        "defaults": [
            [
                61,
                170
            ]
        ]
    },
    "153": {
        "class": "Isotope",
        "ID": 153,
        "element": "POW",
        "infexes": [],
        "freedom": 0,
        "max_count": 5,
        "options": [
            [
                71
            ]
        ],
        "defaults": [
            [
                71
            ]
        ]
    },
    "154": {
        "class": "Isotope",
        "ID": 154,
        "element": "POW",
        "infexes": [],
        "freedom": 0,
        "max_count": 6,
        "options": [
            [
                35
            ]
        ],
        "defaults": [
            [
                35
            ]
        ]
    },
    "155": {
        "class": "Isotope",
        "ID": 155,
        "element": "POWER",
        "infexes": [],
        "freedom": 0,
        "max_count": 13,
        "options": [
            [
                55,
                18
            ]
        ],
        "defaults": [
            [
                55,
                18
            ]
        ]
    },
    "156": {
        "class": "Isotope",
        "ID": 156,
        "element": "POWER",
        "infexes": [],
        "freedom": 0.21442796342834294,
        "max_count": 36,
        "options": [
            [
                22,
                61
            ],
            [
                32,
                57
            ],
            [
                53,
                99
            ],
            [
                23,
                146
            ]
        ],
        "defaults": [
            [
                23,
                146
            ]
        ]
    },
    "157": {
        "class": "Isotope",
        "ID": 157,
        "element": "IT",
        "infexes": [],
        "freedom": 0,
        "max_count": 11,
        "options": [
            [
                19,
                61,
                98,
                22,
                148
            ]
        ],
        "defaults": [
            [
                19,
                61,
                98,
                22,
                148
            ]
        ]
    },
    "158": {
        "class": "Isotope",
        "ID": 158,
        "element": "POWER",
        "infexes": [],
        "freedom": 0,
        "max_count": 3,
        "options": [
            [
                125,
                155
            ]
        ],
        "defaults": [
            [
                125,
                155
            ]
        ]
    },
    "159": {
        "class": "Isotope",
        "ID": 159,
        "element": "SPIN",
        "infexes": [],
        "freedom": 0.20646283167545731,
        "max_count": 43,
        "options": [
            [
                158,
                24,
                158
            ],
            [
                31,
                119,
                155
            ]
        ],
        "defaults": [
            [
                158,
                24,
                158
            ]
        ]
    },
    "160": {
        "class": "Isotope",
        "ID": 160,
        "element": "POWER",
        "infexes": [],
        "freedom": 0,
        "max_count": 22,
        "options": [
            [
                8,
                157
            ]
        ],
        "defaults": [
            [
                8,
                157
            ]
        ]
    },
    "161": {
        "class": "Isotope",
        "ID": 161,
        "element": "SIN",
        "infexes": [],
        "freedom": 0.4648785437078455,
        "max_count": 24,
        "options": [
            [
                140
            ],
            [
                131
            ]
        ],
        "defaults": [
            [
                140
            ]
        ]
    },
    "162": {
        "class": "Isotope",
        "ID": 162,
        "element": "SPIN",
        "infexes": [],
        "freedom": 0.28612013300788613,
        "max_count": 17,
        "options": [
            [
                78,
                98,
                88
            ],
            [
                59,
                144,
                130
            ]
        ],
        "defaults": [
            [
                59,
                144,
                130
            ]
        ]
    },
    "163": {
        "class": "Isotope",
        "ID": 163,
        "element": "POW",
        "infexes": [],
        "freedom": 0.39828889486548896,
        "max_count": 26,
        "options": [
            [
                169
            ],
            [
                68
            ]
        ],
        "defaults": [
            [
                68
            ]
        ]
    },
    "164": {
        "class": "Isotope",
        "ID": 164,
        "element": "SIN",
        "infexes": [],
        "freedom": 0,
        "max_count": 23,
        "options": [
            [
                58
            ]
        ],
        "defaults": [
            [
                58
            ]
        ]
    },
    "165": {
        "class": "Isotope",
        "ID": 165,
        "element": "AMEAN",
        "infexes": [
            2,
            4
        ],
        "freedom": 0.4167733735473337,
        "max_count": 28,
        "options": [
            [
                21,
                27,
                91,
                28
            ],
            [
                157,
                84,
                11,
                37
            ]
        ],
        "defaults": [
            [
                157,
                84,
                11,
                37
            ]
        ]
    },
    "166": {
        "class": "Isotope",
        "ID": 166,
        "element": "GMEAN",
        "infexes": [
            2,
            9
        ],
        "freedom": 0.09229184108998084,
        "max_count": 16,
        "options": [
            [
                51,
                35,
                60,
                69,
                34
            ],
            [
                16,
                132,
                111,
                164,
                47,
                113,
                96,
                77,
                70
            ]
        ],
        "defaults": [
            [
                51,
                35,
                60,
                69,
                34
            ]
        ]
    },
    "167": {
        "class": "Isotope",
        "ID": 167,
        "element": "MINX",
        "infexes": [
            3,
            4
        ],
        "freedom": 0,
        "max_count": 118,
        "options": [
            [
                69,
                65,
                83,
                142
            ]
        ],
        "defaults": [
            [
                69,
                65,
                83,
                142
            ]
        ]
    },
    "168": {
        "class": "Isotope",
        "ID": 168,
        "element": "ARCFAN",
        "infexes": [],
        "freedom": 0.10551967619649605,
        "max_count": 1,
        "options": [
            [
                36,
                15
            ],
            [
                46,
                110
            ]
        ],
        "defaults": [
            [
                36,
                15
            ]
        ]
    },
    "169": {
        "class": "Isotope",
        "ID": 169,
        "element": "SIGMOID",
        "infexes": [],
        "freedom": 0.6366390843564301,
        "max_count": 15,
        "options": [
            [
                129
            ],
            [
                99
            ]
        ],
        "defaults": [
            [
                129
            ]
        ]
    },
    "170": {
        "class": "Isotope",
        "ID": 170,
        "element": "POWER",
        "infexes": [],
        "freedom": 0,
        "max_count": 50,
        "options": [
            [
                132,
                148
            ]
        ],
        "defaults": [
            [
                132,
                148
            ]
        ]
    },
    "171": {
        "class": "Isotope",
        "ID": 171,
        "element": "POWER",
        "infexes": [],
        "freedom": 0.1664569399114398,
        "max_count": 14,
        "options": [
            [
                79,
                54
            ],
            [
                112,
                117
            ]
        ],
        "defaults": [
            [
                79,
                54
            ]
        ]
    },
    "172": {
        "class": "Isotope",
        "ID": 172,
        "element": "ARCFAN",
        "infexes": [],
        "freedom": 0.27647850332163837,
        "max_count": 32,
        "options": [
            [
                43,
                135
            ],
            [
                128,
                117
            ]
        ],
        "defaults": [
            [
                43,
                135
            ]
        ]
    }
}