{
    "0": {
        "class": "Isotope",
        "ID": 0,
        "element": "ROOT_MAIN",
        "infexes": [],
        "freedom": 0.30060351382578543,
        "max_count": 1,
        "options": [
            [
                34
            ],
            [
                32
            ],
            [
                32
            ],
            [
                30
            ],
            [
                34
            ],
            [
                33
            ],
            [
                32
            ],
            [
                33
            ],
            [
                32
            ],
            [
                31
            ],
            [
                31
            ],
            [
                35
            ],
            [
                32
            ],
            [
                32
            ],
            [
                35
            ],
            [
                30
            ],
            [
                33
            ],
            [
                32
            ]
        ],
        "defaults": [
            [
                32
            ]
        ]
    },
    "1": {
        "class": "Isotope",
        "ID": 1,
        "element": "ROOT_HUE",
        "infexes": [],
        "freedom": 0.672438877528724,
        "max_count": 1,
        "options": [
            [
                35
            ],
            [
                32
            ],
            [
                33
            ],
            [
                32
            ],
            [
                33
            ],
            [
                33
            ],
            [
                34
            ],
            [
                35
            ]
        ],
        "defaults": [
            [
                32
            ]
        ]
    },
    "2": {
        "class": "Isotope",
        "ID": 2,
        "element": "ROOT_SAT",
        "infexes": [],
        "freedom": 0.12017445715221173,
        "max_count": 1,
        "options": [
            [
                30
            ],
            [
                31
            ],
            [
                34
            ],
            [
                34
            ]
        ],
        "defaults": [
            [
                34
            ]
        ]
    },
    "3": {
        "class": "Isotope",
        "ID": 3,
        "element": "ROOT_VAL",
        "infexes": [],
        "freedom": 0.3902535794274993,
        "max_count": 1,
        "options": [
            [
                32
            ],
            [
                30
            ]
        ],
        "defaults": [
            [
                32
            ]
        ]
    },
    "4": {
        "class": "Isotope",
        "ID": 4,
        "element": "ROOT_PAL",
        "infexes": [],
        "freedom": 0.1341550978508237,
        "max_count": 1,
        "options": [
            [
                33
            ],
            [
                32
            ],
            [
                34
            ]
        ],
        "defaults": [
            [
                34
            ]
        ]
    },
    "5": {
        "class": "Isotope",
        "ID": 5,
        "element": "ROOT_GRAD",
        "infexes": [],
        "freedom": 0.24559601865451222,
        "max_count": 1,
        "options": [
            [
                34
            ],
            [
                35
            ]
        ],
        "defaults": [
            [
                34
            ]
        ]
    },
    "6": {
        "class": "Isotope",
        "ID": 6,
        "element": "ROOT_TARGET",
        "infexes": [],
        "freedom": 0.3371346370628163,
        "max_count": 1,
        "options": [
            [
                35
            ],
            [
                34
            ]
        ],
        "defaults": [
            [
                34
            ]
        ]
    },
    "7": {
        "class": "Isotope",
        "ID": 7,
        "element": "ROOT_AIM",
        "infexes": [],
        "freedom": 0.7053427345927259,
        "max_count": 1,
        "options": [
            [
                32
            ],
            [
                34
            ]
        ],
        "defaults": [
            [
                32
            ]
        ]
    },
    "8": {
        "class": "Isotope",
        "ID": 8,
        "element": "X",
        "infexes": [],
        "freedom": 0,
        "max_count": 8,
        "options": [],
        "defaults": []
    },
    "9": {
        "class": "Isotope",
        "ID": 9,
        "element": "X",
        "infexes": [],
        "freedom": 0,
        "max_count": 5,
        "options": [],
        "defaults": []
    },
    "10": {
        "class": "Isotope",
        "ID": 10,
        "element": "X",
        "infexes": [],
        "freedom": 0,
        "max_count": 2,
        "options": [],
        "defaults": []
    },
    "11": {
        "class": "Isotope",
        "ID": 11,
        "element": "X",
        "infexes": [],
        "freedom": 0,
        "max_count": 65,
        "options": [],
        "defaults": []
    },
    "12": {
        "class": "Isotope",
        "ID": 12,
        "element": "X",
        "infexes": [],
        "freedom": 0,
        "max_count": 14,
        "options": [],
        "defaults": []
    },
    "13": {
        "class": "Isotope",
        "ID": 13,
        "element": "X",
        "infexes": [],
        "freedom": 0,
        "max_count": 34,
        "options": [],
        "defaults": []
    },
    "14": {
        "class": "Isotope",
        "ID": 14,
        "element": "Y",
        "infexes": [],
        "freedom": 0,
        "max_count": 35,
        "options": [],
        "defaults": []
    },
    "15": {
        "class": "Isotope",
        "ID": 15,
        "element": "Y",
        "infexes": [],
        "freedom": 0,
        "max_count": 16,
        "options": [],
        "defaults": []
    },
    "16": {
        "class": "Isotope",
        "ID": 16,
        "element": "Y",
        "infexes": [],
        "freedom": 0,
        "max_count": 60,
        "options": [],
        "defaults": []
    },
    "17": {
        "class": "Isotope",
        "ID": 17,
        "element": "Y",
        "infexes": [],
        "freedom": 0,
        "max_count": 8,
        "options": [],
        "defaults": []
    },
    "18": {
        "class": "Isotope",
        "ID": 18,
        "element": "Y",
        "infexes": [],
        "freedom": 0,
        "max_count": 15,
        "options": [],
        "defaults": []
    },
    "19": {
        "class": "Isotope",
        "ID": 19,
        "element": "Y",
        "infexes": [],
        "freedom": 0,
        "max_count": 5,
        "options": [],
        "defaults": []
    },
    "20": {
        "class": "Isotope",
        "ID": 20,
        "element": "Y",
        "infexes": [],
        "freedom": 0,
        "max_count": 19,
        "options": [],
        "defaults": []
    },
    "21": {
        "class": "Isotope",
        "ID": 21,
        "element": "SPIN",
        "infexes": [],
        "freedom": 0.43193599341942274,
        "max_count": 2,
        "options": [
            [
                10,
                14,
                11
            ],
            [
                25,
                17,
                22
            ]
        ],
        "defaults": [
            [
                10,
                14,
                11
            ]
        ]
    },
    "22": {
        "class": "Isotope",
        "ID": 22,
        "element": "MINX",
        "infexes": [
            2,
            4
        ],
        "freedom": 0.5840967688602792,
        "max_count": 38,
        "options": [
            [
                34,
                27,
                13,
                32
            ],
            [
                9,
                28
            ]
        ],
        "defaults": [
            [
                9,
                28
            ]
        ]
    },
    "23": {
        "class": "Isotope",
        "ID": 23,
        "element": "IT",
        "infexes": [],
        "freedom": 0.22255309474697138,
        "max_count": 19,
        "options": [
            [
                9,
                12,
                17,
                16,
                15
            ],
            [
                21,
                11,
                21,
                12,
                11
            ]
        ],
        "defaults": [
            [
                9,
                12,
                17,
                16,
                15
            ]
        ]
    },
    "24": {
        "class": "Isotope",
        "ID": 24,
        "element": "RAND",
        "infexes": [],
        "freedom": 0.41510764875027395,
        "max_count": 47,
        "options": [
            [
                21
            ],
            [
                13
            ]
        ],
        "defaults": [
            [
                13
            ]
        ]
    },
    "25": {
        "class": "Isotope",
        "ID": 25,
        "element": "SIN",
        "infexes": [],
        "freedom": 0.4854963915523691,
        "max_count": 30,
        "options": [
            [
                25
            ],
            [
                10
            ],
            [
                8
            ]
        ],
        "defaults": [
            [
                10
            ]
        ]
    },
    "26": {
        "class": "Isotope",
        "ID": 26,
        "element": "SIN",
        "infexes": [],
        "freedom": 0.17031154595767792,
        "max_count": 30,
        "options": [
            [
                8
            ],
            [
                23
            ],
            [
                9
            ],
            [
                24
            ],
            [
                23
            ],
            [
                11
            ],
            [
                11
            ],
            [
                22
            ],
            [
                10
            ]
        ],
        "defaults": [
            [
                11
            ]
        ]
    },
    "27": {
        "class": "Isotope",
        "ID": 27,
        "element": "SPIN",
        "infexes": [],
        "freedom": 0.38568104534185116,
        "max_count": 22,
        "options": [
            [
                18,
                8,
                16
            ],
            [
                13,
                32,
                8
            ],
            [
                14,
                26,
                34
            ]
        ],
        "defaults": [
            [
                13,
                32,
                8
            ]
        ]
    },
    "28": {
        "class": "Isotope",
        "ID": 28,
        "element": "SIN",
        "infexes": [],
        "freedom": 0,
        "max_count": 3,
        "options": [
            [
                15
            ]
        ],
        "defaults": [
            [
                15
            ]
        ]
    },
    "29": {
        "class": "Isotope",
        "ID": 29,
        "element": "SIGMOID",
        "infexes": [],
        "freedom": 0,
        "max_count": 12,
        "options": [
            [
                16
            ]
        ],
        "defaults": [
            [
                16
            ]
        ]
    },
    "30": {
        "class": "Isotope",
        "ID": 30,
        "element": "AMEAN",
        "infexes": [
            3,
            4
        ],
        "freedom": 0,
        "max_count": 8,
        "options": [
            [
                20,
                12,
                15,
                10
            ]
        ],
        "defaults": [
            [
                20,
                12,
                15,
                10
            ]
        ]
    },
    "31": {
        "class": "Isotope",
        "ID": 31,
        "element": "SPIN",
        "infexes": [],
        "freedom": 0.4075324831373567,
        "max_count": 3,
        "options": [
            [
                18,
                17,
                11
            ],
            [
                11,
                15,
                29
            ],
            [
                19,
                16,
                21
            ]
        ],
        "defaults": [
            [
                11,
                15,
                29
            ]
        ]
    },
    "32": {
        "class": "Isotope",
        "ID": 32,
        "element": "SIN",
        "infexes": [],
        "freedom": 0,
        "max_count": 27,
        "options": [
            [
                34
            ]
        ],
        "defaults": [
            [
                34
            ]
        ]
    },
    "33": {
        "class": "Isotope",
        "ID": 33,
        "element": "SPIN",
        "infexes": [],
        "freedom": 0.2936574376247235,
        "max_count": 43,
        "options": [
            [
                32,
                11,
                8
            ],
            [
                31,
                28,
                22
            ]
        ],
        "defaults": [
            [
                32,
                11,
                8
            ]
        ]
    },
    "34": {
        "class": "Isotope",
        "ID": 34,
        "element": "POWER",
        "infexes": [],
        "freedom": 0,
        "max_count": 10,
        "options": [
            [
                30,
                28
            ]
        ],
        "defaults": [
            [
                30,
                28
            ]
        ]
    },
    "35": {
        "class": "Isotope",
        "ID": 35,
        "element": "POW",
        "infexes": [],
        "freedom": 0.3817505795774689,
        "max_count": 34,
        "options": [
            [
                32
            ],
            [
                32
            ],
            [
                31
            ],
            [
                33
            ]
        ],
        "defaults": [
            [
                32
            ]
        ]
    }
}