{
    "0": {
        "class": "Isotope",
        "ID": 0,
        "element": "ROOT_MAIN",
        "infexes": [],
        "freedom": 0.31283464374212155,
        "max_count": 1,
        "options": [
            [
                66
            ],
            [
                55
            ],
            [
                58
            ]
        ],
        "defaults": [
            [
                58
            ]
        ]
    },
    "1": {
        "class": "Isotope",
        "ID": 1,
        "element": "ROOT_HUE",
        "infexes": [],
        "freedom": 0.5048704394187687,
        "max_count": 1,
        "options": [
            [
                58
            ],
            [
                67
            ]
        ],
        "defaults": [
            [
                58
            ]
        ]
    },
    "2": {
        "class": "Isotope",
        "ID": 2,
        "element": "ROOT_SAT",
        "infexes": [],
        "freedom": 0.43761483268004536,
        "max_count": 1,
        "options": [
            [
                58
            ],
            [
                65
            ],
            [
                56
            ],
            [
                59
            ]
        ],
        "defaults": [
            [
                58
            ]
        ]
    },
    "3": {
        "class": "Isotope",
        "ID": 3,
        "element": "ROOT_VAL",
        "infexes": [],
        "freedom": 0.7249728374600505,
        "max_count": 1,
        "options": [
            [
                55
            ],
            [
                55
            ]
        ],
        "defaults": [
            [
                55
            ]
        ]
    },
    "4": {
        "class": "Isotope",
        "ID": 4,
        "element": "ROOT_PAL",
        "infexes": [],
        "freedom": 0.35494289946748375,
        "max_count": 1,
        "options": [
            [
                60
            ],
            [
                66
            ],
            [
                55
            ]
        ],
        "defaults": [
            [
                55
            ]
        ]
    },
    "5": {
        "class": "Isotope",
        "ID": 5,
        "element": "ROOT_GRAD",
        "infexes": [],
        "freedom": 0.2859891248418987,
        "max_count": 1,
        "options": [
            [
                55
            ],
            [
                67
            ],
            [
                64
            ],
            [
                61
            ]
        ],
        "defaults": [
            [
                55
            ]
        ]
    },
    "6": {
        "class": "Isotope",
        "ID": 6,
        "element": "X",
        "infexes": [],
        "freedom": 0,
        "max_count": 67,
        "options": [],
        "defaults": []
    },
    "7": {
        "class": "Isotope",
        "ID": 7,
        "element": "X",
        "infexes": [],
        "freedom": 0,
        "max_count": 25,
        "options": [],
        "defaults": []
    },
    "8": {
        "class": "Isotope",
        "ID": 8,
        "element": "X",
        "infexes": [],
        "freedom": 0,
        "max_count": 46,
        "options": [],
        "defaults": []
    },
    "9": {
        "class": "Isotope",
        "ID": 9,
        "element": "X",
        "infexes": [],
        "freedom": 0,
        "max_count": 7,
        "options": [],
        "defaults": []
    },
    "10": {
        "class": "Isotope",
        "ID": 10,
        "element": "X",
        "infexes": [],
        "freedom": 0,
        "max_count": 6,
        "options": [],
        "defaults": []
    },
    "11": {
        "class": "Isotope",
        "ID": 11,
        "element": "X",
        "infexes": [],
        "freedom": 0,
        "max_count": 19,
        "options": [],
        "defaults": []
    },
    "12": {
        "class": "Isotope",
        "ID": 12,
        "element": "X",
        "infexes": [],
        "freedom": 0,
        "max_count": 52,
        "options": [],
        "defaults": []
    },
    "13": {
        "class": "Isotope",
        "ID": 13,
        "element": "X",
        "infexes": [],
        "freedom": 0,
        "max_count": 8,
        "options": [],
        "defaults": []
    },
    "14": {
        "class": "Isotope",
        "ID": 14,
        "element": "X",
        "infexes": [],
        "freedom": 0,
        "max_count": 18,
        "options": [],
        "defaults": []
    },
    "15": {
        "class": "Isotope",
        "ID": 15,
        "element": "X",
        "infexes": [],
        "freedom": 0,
        "max_count": 18,
        "options": [],
        "defaults": []
    },
    "16": {
        "class": "Isotope",
        "ID": 16,
        "element": "X",
        "infexes": [],
        "freedom": 0,
        "max_count": 27,
        "options": [],
        "defaults": []
    },
    "17": {
        "class": "Isotope",
        "ID": 17,
        "element": "X",
        "infexes": [],
        "freedom": 0,
        "max_count": 20,
        "options": [],
        "defaults": []
    },
    "18": {
        "class": "Isotope",
        "ID": 18,
        "element": "X",
        "infexes": [],
        "freedom": 0,
        "max_count": 34,
        "options": [],
        "defaults": []
    },
    "19": {
        "class": "Isotope",
        "ID": 19,
        "element": "X",
        "infexes": [],
        "freedom": 0,
        "max_count": 13,
        "options": [],
        "defaults": []
    },
    "20": {
        "class": "Isotope",
        "ID": 20,
        "element": "X",
        "infexes": [],
        "freedom": 0,
        "max_count": 10,
        "options": [],
        "defaults": []
    },
    "21": {
        "class": "Isotope",
        "ID": 21,
        "element": "Y",
        "infexes": [],
        "freedom": 0,
        "max_count": 40,
        "options": [],
        "defaults": []
    },
    "22": {
        "class": "Isotope",
        "ID": 22,
        "element": "Y",
        "infexes": [],
        "freedom": 0,
        "max_count": 30,
        "options": [],
        "defaults": []
    },
    "23": {
        "class": "Isotope",
        "ID": 23,
        "element": "Y",
        "infexes": [],
        "freedom": 0,
        "max_count": 26,
        "options": [],
        "defaults": []
    },
    "24": {
        "class": "Isotope",
        "ID": 24,
        "element": "Y",
        "infexes": [],
        "freedom": 0,
        "max_count": 29,
        "options": [],
        "defaults": []
    },
    "25": {
        "class": "Isotope",
        "ID": 25,
        "element": "Y",
        "infexes": [],
        "freedom": 0,
        "max_count": 67,
        "options": [],
        "defaults": []
    },
    "26": {
        "class": "Isotope",
        "ID": 26,
        "element": "Y",
        "infexes": [],
        "freedom": 0,
        "max_count": 13,
        "options": [],
        "defaults": []
    },
    "27": {
        "class": "Isotope",
        "ID": 27,
        "element": "Y",
        "infexes": [],
        "freedom": 0,
        "max_count": 44,
        "options": [],
        "defaults": []
    },
    "28": {
        "class": "Isotope",
        "ID": 28,
        "element": "Y",
        "infexes": [],
        "freedom": 0,
        "max_count": 4,
        "options": [],
        "defaults": []
    },
    "29": {
        "class": "Isotope",
        "ID": 29,
        "element": "Y",
        "infexes": [],
        "freedom": 0,
        "max_count": 1,
        "options": [],
        "defaults": []
    },
    "30": {
        "class": "Isotope",
        "ID": 30,
        "element": "Y",
        "infexes": [],
        "freedom": 0,
        "max_count": 34,
        "options": [],
        "defaults": []
    },
    "31": {
        "class": "Isotope",
        "ID": 31,
        "element": "Y",
        "infexes": [],
        "freedom": 0,
        "max_count": 51,
        "options": [],
        "defaults": []
    },
    "32": {
        "class": "Isotope",
        "ID": 32,
        "element": "Y",
        "infexes": [],
        "freedom": 0,
        "max_count": 5,
        "options": [],
        "defaults": []
    },
    "33": {
        "class": "Isotope",
        "ID": 33,
        "element": "Y",
        "infexes": [],
        "freedom": 0,
        "max_count": 30,
        "options": [],
        "defaults": []
    },
    "34": {
        "class": "Isotope",
        "ID": 34,
        "element": "Y",
        "infexes": [],
        "freedom": 0,
        "max_count": 33,
        "options": [],
        "defaults": []
    },
    "35": {
        "class": "Isotope",
        "ID": 35,
        "element": "Y",
        "infexes": [],
        "freedom": 0,
        "max_count": 43,
        "options": [],
        "defaults": []
    },
    "36": {
        "class": "Isotope",
        "ID": 36,
        "element": "POWER",
        "infexes": [],
        "freedom": 0.3625116829756684,
        "max_count": 10,
        "options": [
            [
                44,
                52
            ],
            [
                83,
                41
            ],
            [
                80,
                83
            ],
            [
                36,
                83
            ]
        ],
        "defaults": [
            [
                44,
                52
            ]
        ]
    },
    "37": {
        "class": "Isotope",
        "ID": 37,
        "element": "ARCFAN",
        "infexes": [],
        "freedom": 0.2676618906245223,
        "max_count": 3,
        "options": [
            [
                83,
                40
            ],
            [
                57,
                45
            ],
            [
                83,
                50
            ],
            [
                67,
                83
            ],
            [
                83,
                83
            ]
        ],
        "defaults": [
            [
                83,
                83
            ]
        ]
    },
    "38": {
        "class": "Isotope",
        "ID": 38,
        "element": "ARCFAN",
        "infexes": [],
        "freedom": 0,
        "max_count": 13,
        "options": [
            [
                83,
                83
            ]
        ],
        "defaults": [
            [
                83,
                83
            ]
        ]
    },
    "39": {
        "class": "Isotope",
        "ID": 39,
        "element": "POWER",
        "infexes": [],
        "freedom": 0.10236399361524164,
        "max_count": 32,
        "options": [
            [
                83,
                83
            ],
            [
                84,
                83
            ],
            [
                83,
                78
            ]
        ],
        "defaults": [
            [
                83,
                83
            ]
        ]
    },
    "40": {
        "class": "Isotope",
        "ID": 40,
        "element": "GMEAN",
        "infexes": [
            6,
            6
        ],
        "freedom": 0.508180569101277,
        "max_count": 28,
        "options": [
            [
                83,
                83,
                84,
                52,
                83,
                84
            ],
            [
                83,
                75,
                44,
                83,
                84,
                84
            ]
        ],
        "defaults": [
            [
                83,
                83,
                84,
                52,
                83,
                84
            ]
        ]
    },
    "41": {
        "class": "Isotope",
        "ID": 41,
        "element": "GMEAN",
        "infexes": [
            2,
            5
        ],
        "freedom": 0.20842729474837893,
        "max_count": 5,
        "options": [
            [
                83,
                84,
                83,
                84
            ],
            [
                41,
                84,
                83,
                81,
                42
            ]
        ],
        "defaults": [
            [
                83,
                84,
                83,
                84
            ]
        ]
    },
    "42": {
        "class": "Isotope",
        "ID": 42,
        "element": "AMEAN",
        "infexes": [
            2,
            8
        ],
        "freedom": 0.3273852244357401,
        "max_count": 43,
        "options": [
            [
                55,
                39,
                38,
                84,
                83,
                36,
                47,
                38
            ],
            [
                83,
                84,
                83,
                84,
                84,
                83,
                84,
                38
            ]
        ],
        "defaults": [
            [
                83,
                84,
                83,
                84,
                84,
                83,
                84,
                38
            ]
        ]
    },
    "43": {
        "class": "Isotope",
        "ID": 43,
        "element": "AMEAN",
        "infexes": [
            2,
            3
        ],
        "freedom": 0.25289315686309205,
        "max_count": 71,
        "options": [
            [
                83,
                77,
                39
            ],
            [
                44,
                83,
                83
            ],
            [
                83,
                83
            ]
        ],
        "defaults": [
            [
                83,
                83
            ]
        ]
    },
    "44": {
        "class": "Isotope",
        "ID": 44,
        "element": "SIGMOID",
        "infexes": [],
        "freedom": 0,
        "max_count": 43,
        "options": [
            [
                83
            ]
        ],
        "defaults": [
            [
                83
            ]
        ]
    },
    "45": {
        "class": "Isotope",
        "ID": 45,
        "element": "AMEAN",
        "infexes": [
            2,
            23
        ],
        "freedom": 0.35514066382166404,
        "max_count": 2,
        "options": [
            [
                58,
                57,
                51,
                83,
                79,
                70,
                48,
                84,
                58,
                83,
                36,
                84,
                62,
                84,
                78,
                57,
                48,
                68,
                84,
                79,
                84,
                83,
                59
            ],
            [
                83,
                84,
                84,
                84,
                84
            ],
            [
                74,
                38,
                83,
                83,
                84,
                83,
                36,
                64,
                84,
                38,
                48,
                43,
                84,
                60,
                84,
                51,
                76,
                84,
                83,
                36,
                83,
                49,
                83
            ],
            [
                81,
                47,
                83,
                80,
                55,
                49,
                83,
                73,
                60,
                83,
                84,
                41,
                71,
                84,
                79,
                63,
                83,
                83,
                37,
                38,
                52,
                84,
                83
            ]
        ],
        "defaults": [
            [
                83,
                84,
                84,
                84,
                84
            ]
        ]
    },
    "46": {
        "class": "Isotope",
        "ID": 46,
        "element": "MINX",
        "infexes": [
            2,
            3
        ],
        "freedom": 0.019055153842380993,
        "max_count": 75,
        "options": [
            [
                83,
                64,
                83
            ],
            [
                83,
                83
            ]
        ],
        "defaults": [
            [
                83,
                83
            ]
        ]
    },
    "47": {
        "class": "Isotope",
        "ID": 47,
        "element": "GMEAN",
        "infexes": [
            2,
            3
        ],
        "freedom": 0.24954792760783603,
        "max_count": 28,
        "options": [
            [
                56,
                83,
                84
            ],
            [
                64,
                76,
                84
            ],
            [
                44,
                84,
                84
            ],
            [
                83,
                74,
                84
            ],
            [
                84,
                76,
                72
            ],
            [
                84,
                84
            ],
            [
                52,
                50,
                46
            ]
        ],
        "defaults": [
            [
                84,
                84
            ]
        ]
    },
    "48": {
        "class": "Isotope",
        "ID": 48,
        "element": "ARCFAN",
        "infexes": [],
        "freedom": 0.3089113365386749,
        "max_count": 22,
        "options": [
            [
                47,
                83
            ],
            [
                84,
                84
            ]
        ],
        "defaults": [
            [
                84,
                84
            ]
        ]
    },
    "49": {
        "class": "Isotope",
        "ID": 49,
        "element": "MINX",
        "infexes": [
            2,
            3
        ],
        "freedom": 0.2657502843160198,
        "max_count": 6,
        "options": [
            [
                83,
                47,
                53
            ],
            [
                60,
                84,
                74
            ],
            [
                84,
                84,
                84
            ],
            [
                52,
                56,
                84
            ],
            [
                84,
                44,
                53
            ],
            [
                83,
                84,
                84
            ],
            [
                65,
                36,
                53
            ],
            [
                84,
                84
            ],
            [
                77,
                84,
                84
            ],
            [
                84,
                68,
                59
            ],
            [
                43,
                66,
                84
            ]
        ],
        "defaults": [
            [
                84,
                84
            ]
        ]
    },
    "50": {
        "class": "Isotope",
        "ID": 50,
        "element": "GMEAN",
        "infexes": [
            4,
            5
        ],
        "freedom": 0.24219919977093354,
        "max_count": 15,
        "options": [
            [
                84,
                83,
                83,
                84,
                83
            ],
            [
                58,
                72,
                83,
                45,
                84
            ],
            [
                63,
                83,
                84,
                84,
                84
            ]
        ],
        "defaults": [
            [
                84,
                83,
                83,
                84,
                83
            ]
        ]
    },
    "51": {
        "class": "Isotope",
        "ID": 51,
        "element": "RAND",
        "infexes": [],
        "freedom": 0.09838963837030094,
        "max_count": 43,
        "options": [
            [
                84
            ],
            [
                84
            ],
            [
                84
            ]
        ],
        "defaults": [
            [
                84
            ],
            [
                84
            ],
            [
                84
            ]
        ]
    },
    "52": {
        "class": "Isotope",
        "ID": 52,
        "element": "SIGMOID",
        "infexes": [],
        "freedom": 0.10615726373639255,
        "max_count": 12,
        "options": [
            [
                84
            ],
            [
                84
            ]
        ],
        "defaults": [
            [
                84
            ],
            [
                84
            ]
        ]
    },
    "53": {
        "class": "Isotope",
        "ID": 53,
        "element": "GMEAN",
        "infexes": [
            4,
            4
        ],
        "freedom": 0.4175072786351769,
        "max_count": 15,
        "options": [
            [
                84,
                84,
                84,
                38
            ],
            [
                83,
                84,
                45,
                84
            ]
        ],
        "defaults": [
            [
                84,
                84,
                84,
                38
            ]
        ]
    },
    "54": {
        "class": "Isotope",
        "ID": 54,
        "element": "GMEAN",
        "infexes": [
            4,
            27
        ],
        "freedom": 0.5474575096970474,
        "max_count": 4,
        "options": [
            [
                84,
                84,
                84,
                47,
                84,
                44,
                84,
                84,
                42,
                83,
                84,
                84,
                53,
                49,
                84,
                75,
                42,
                83,
                83,
                36,
                77,
                41,
                84,
                83,
                57,
                84,
                40
            ],
            [
                84,
                39,
                61,
                68,
                65,
                83,
                47,
                48,
                83,
                84,
                84,
                73,
                66,
                62,
                50,
                59,
                53,
                83,
                72,
                84,
                81,
                84,
                55,
                75,
                83,
                49,
                79
            ],
            [
                84,
                83,
                84,
                84,
                44,
                44
            ]
        ],
        "defaults": [
            [
                84,
                83,
                84,
                84,
                44,
                44
            ]
        ]
    },
    "55": {
        "class": "Isotope",
        "ID": 55,
        "element": "GMEAN",
        "infexes": [
            4,
            24
        ],
        "freedom": 0,
        "max_count": 10,
        "options": [
            [
                84,
                84,
                84,
                83,
                83,
                83,
                83,
                84,
                83,
                83,
                84,
                84,
                84,
                83,
                84,
                84,
                83,
                83,
                84,
                84,
                83,
                84,
                83,
                83
            ]
        ],
        "defaults": [
            [
                84,
                84,
                84,
                83,
                83,
                83,
                83,
                84,
                83,
                83,
                84,
                84,
                84,
                83,
                84,
                84,
                83,
                83,
                84,
                84,
                83,
                84,
                83,
                83
            ]
        ]
    },
    "56": {
        "class": "Isotope",
        "ID": 56,
        "element": "MINX",
        "infexes": [
            4,
            16
        ],
        "freedom": 0.181944406757395,
        "max_count": 14,
        "options": [
            [
                38,
                84,
                54,
                60,
                38,
                45,
                53,
                67,
                84,
                84,
                40,
                67,
                66,
                65,
                84,
                83
            ],
            [
                83,
                51,
                84,
                84,
                84,
                83,
                83,
                83,
                83,
                58,
                83,
                84,
                83
            ]
        ],
        "defaults": [
            [
                83,
                51,
                84,
                84,
                84,
                83,
                83,
                83,
                83,
                58,
                83,
                84,
                83
            ]
        ]
    },
    "57": {
        "class": "Isotope",
        "ID": 57,
        "element": "SPIN",
        "infexes": [],
        "freedom": 0.18863243232911187,
        "max_count": 4,
        "options": [
            [
                83,
                84,
                84
            ],
            [
                50,
                79,
                42
            ]
        ],
        "defaults": [
            [
                83,
                84,
                84
            ]
        ]
    },
    "58": {
        "class": "Isotope",
        "ID": 58,
        "element": "AMEAN",
        "infexes": [
            2,
            3
        ],
        "freedom": 0,
        "max_count": 23,
        "options": [
            [
                84,
                84,
                44
            ]
        ],
        "defaults": [
            [
                84,
                84,
                44
            ]
        ]
    },
    "59": {
        "class": "Isotope",
        "ID": 59,
        "element": "SPIN",
        "infexes": [],
        "freedom": 0.6806593821167712,
        "max_count": 48,
        "options": [
            [
                83,
                84,
                83
            ],
            [
                83,
                83,
                47
            ]
        ],
        "defaults": [
            [
                83,
                84,
                83
            ]
        ]
    },
    "60": {
        "class": "Isotope",
        "ID": 60,
        "element": "GMEAN",
        "infexes": [
            3,
            4
        ],
        "freedom": 0.08303388556376043,
        "max_count": 4,
        "options": [
            [
                84,
                39,
                39,
                52
            ],
            [
                83,
                84,
                83,
                51
            ]
        ],
        "defaults": [
            [
                83,
                84,
                83,
                51
            ]
        ]
    },
    "61": {
        "class": "Isotope",
        "ID": 61,
        "element": "GMEAN",
        "infexes": [
            2,
            8
        ],
        "freedom": 0.3952926697610491,
        "max_count": 20,
        "options": [
            [
                83,
                53,
                84,
                84,
                64,
                83,
                83,
                84
            ],
            [
                83,
                84,
                83
            ],
            [
                40,
                83,
                79,
                77,
                84,
                83,
                81,
                40
            ],
            [
                41,
                43,
                83,
                75,
                84,
                84,
                54,
                80
            ]
        ],
        "defaults": [
            [
                83,
                84,
                83
            ]
        ]
    },
    "62": {
        "class": "Isotope",
        "ID": 62,
        "element": "GMEAN",
        "infexes": [
            4,
            5
        ],
        "freedom": 0.46310675236991405,
        "max_count": 2,
        "options": [
            [
                73,
                41,
                83,
                61,
                47
            ],
            [
                83,
                84,
                69,
                84,
                45
            ],
            [
                83,
                84,
                84,
                84,
                83
            ]
        ],
        "defaults": [
            [
                83,
                84,
                84,
                84,
                83
            ]
        ]
    },
    "63": {
        "class": "Isotope",
        "ID": 63,
        "element": "GMEAN",
        "infexes": [
            2,
            14
        ],
        "freedom": 0.43747875675166265,
        "max_count": 2,
        "options": [
            [
                44,
                67,
                83,
                42,
                58,
                84,
                83,
                83,
                84,
                51,
                72,
                36,
                64,
                66
            ],
            [
                58,
                51,
                84,
                83,
                84,
                51,
                84,
                84,
                83,
                55,
                84,
                84,
                84
            ]
        ],
        "defaults": [
            [
                58,
                51,
                84,
                83,
                84,
                51,
                84,
                84,
                83,
                55,
                84,
                84,
                84
            ]
        ]
    },
    "64": {
        "class": "Isotope",
        "ID": 64,
        "element": "SPIN",
        "infexes": [],
        "freedom": 0.10432225340595558,
        "max_count": 10,
        "options": [
            [
                58,
                84,
                38
            ],
            [
                83,
                83,
                57
            ],
            [
                69,
                57,
                84
            ]
        ],
        "defaults": [
            [
                58,
                84,
                38
            ]
        ]
    },
    "65": {
        "class": "Isotope",
        "ID": 65,
        "element": "SIGMOID",
        "infexes": [],
        "freedom": 0.5504757164953779,
        "max_count": 51,
        "options": [
            [
                58
            ],
            [
                70
            ]
        ],
        "defaults": [
            [
                58
            ]
        ]
    },
    "66": {
        "class": "Isotope",
        "ID": 66,
        "element": "SIN",
        "infexes": [],
        "freedom": 0.1677579242282483,
        "max_count": 6,
        "options": [
            [
                56
            ],
            [
                55
            ]
        ],
        "defaults": [
            [
                55
            ]
        ]
    },
    "67": {
        "class": "Isotope",
        "ID": 67,
        "element": "POW",
        "infexes": [],
        "freedom": 0.5074002751354011,
        "max_count": 12,
        "options": [
            [
                56
            ],
            [
                69
            ],
            [
                64
            ],
            [
                62
            ],
            [
                68
            ],
            [
                58
            ],
            [
                62
            ],
            [
                57
            ]
        ],
        "defaults": [
            [
                58
            ]
        ]
    },
    "68": {
        "class": "Isotope",
        "ID": 68,
        "element": "POW",
        "infexes": [],
        "freedom": 0.2542067869526181,
        "max_count": 55,
        "options": [
            [
                61
            ],
            [
                55
            ]
        ],
        "defaults": [
            [
                55
            ]
        ]
    },
    "69": {
        "class": "Isotope",
        "ID": 69,
        "element": "SPIN",
        "infexes": [],
        "freedom": 0.09423544528193102,
        "max_count": 33,
        "options": [
            [
                58,
                44,
                84
            ],
            [
                66,
                83,
                62
            ]
        ],
        "defaults": [
            [
                58,
                44,
                84
            ]
        ]
    },
    "70": {
        "class": "Isotope",
        "ID": 70,
        "element": "AMEAN",
        "infexes": [
            3,
            3
        ],
        "freedom": 0.1462244335278234,
        "max_count": 53,
        "options": [
            [
                84,
                66,
                83
            ],
            [
                55,
                84,
                83
            ]
        ],
        "defaults": [
            [
                55,
                84,
                83
            ]
        ]
    },
    "71": {
        "class": "Isotope",
        "ID": 71,
        "element": "POWER",
        "infexes": [],
        "freedom": 0.18828587056716484,
        "max_count": 6,
        "options": [
            [
                43,
                79
            ],
            [
                84,
                84
            ]
        ],
        "defaults": [
            [
                84,
                84
            ]
        ]
    },
    "72": {
        "class": "Isotope",
        "ID": 72,
        "element": "AMEAN",
        "infexes": [
            2,
            41
        ],
        "freedom": 0.3117365291608614,
        "max_count": 23,
        "options": [
            [
                83,
                83,
                84,
                83,
                84,
                84,
                84,
                83,
                55,
                84,
                83,
                44,
                84,
                84
            ],
            [
                79,
                84,
                84,
                66,
                72,
                58,
                80,
                84,
                37,
                79,
                83,
                76,
                76,
                66,
                45,
                83,
                83,
                43,
                84,
                83,
                84,
                43,
                37,
                57,
                72,
                84,
                66,
                80,
                53,
                67,
                84,
                83,
                84,
                83,
                64,
                57,
                59,
                60,
                81,
                74,
                62
            ]
        ],
        "defaults": [
            [
                83,
                83,
                84,
                83,
                84,
                84,
                84,
                83,
                55,
                84,
                83,
                44,
                84,
                84
            ]
        ]
    },
    "73": {
        "class": "Isotope",
        "ID": 73,
        "element": "MINX",
        "infexes": [
            2,
            2
        ],
        "freedom": 0.5158147748748587,
        "max_count": 15,
        "options": [
            [
                84,
                84
            ],
            [
                57,
                84
            ]
        ],
        "defaults": [
            [
                84,
                84
            ]
        ]
    },
    "74": {
        "class": "Isotope",
        "ID": 74,
        "element": "INV",
        "infexes": [],
        "freedom": 0.14636847903330893,
        "max_count": 13,
        "options": [
            [
                65
            ],
            [
                63
            ],
            [
                84
            ]
        ],
        "defaults": [
            [
                84
            ]
        ]
    },
    "75": {
        "class": "Isotope",
        "ID": 75,
        "element": "MINX",
        "infexes": [
            3,
            4
        ],
        "freedom": 0.5802778050441657,
        "max_count": 12,
        "options": [
            [
                65,
                83,
                45,
                84
            ],
            [
                83,
                58,
                84,
                52
            ]
        ],
        "defaults": [
            [
                83,
                58,
                84,
                52
            ]
        ]
    },
    "76": {
        "class": "Isotope",
        "ID": 76,
        "element": "POWER",
        "infexes": [],
        "freedom": 0.14353924371516835,
        "max_count": 44,
        "options": [
            [
                83,
                84
            ],
            [
                54,
                65
            ],
            [
                72,
                79
            ]
        ],
        "defaults": [
            [
                83,
                84
            ]
        ]
    },
    "77": {
        "class": "Isotope",
        "ID": 77,
        "element": "AMEAN",
        "infexes": [
            4,
            6
        ],
        "freedom": 0.16120171221031412,
        "max_count": 13,
        "options": [
            [
                83,
                55,
                84,
                84,
                83
            ],
            [
                51,
                66,
                69,
                83,
                51,
                39
            ]
        ],
        "defaults": [
            [
                83,
                55,
                84,
                84,
                83
            ]
        ]
    },
    "78": {
        "class": "Isotope",
        "ID": 78,
        "element": "SIGMOID",
        "infexes": [],
        "freedom": 0.13539052834239249,
        "max_count": 64,
        "options": [
            [
                62
            ],
            [
                83
            ]
        ],
        "defaults": [
            [
                83
            ]
        ]
    },
    "79": {
        "class": "Isotope",
        "ID": 79,
        "element": "POWER",
        "infexes": [],
        "freedom": 0.6348128641072978,
        "max_count": 55,
        "options": [
            [
                83,
                84
            ],
            [
                83,
                49
            ]
        ],
        "defaults": [
            [
                83,
                84
            ]
        ]
    },
    "80": {
        "class": "Isotope",
        "ID": 80,
        "element": "SPIN",
        "infexes": [],
        "freedom": 0.10097455370298078,
        "max_count": 26,
        "options": [
            [
                84,
                83,
                83
            ],
            [
                84,
                56,
                80
            ]
        ],
        "defaults": [
            [
                84,
                83,
                83
            ]
        ]
    },
    "81": {
        "class": "Isotope",
        "ID": 81,
        "element": "MINX",
        "infexes": [
            2,
            6
        ],
        "freedom": 0.36891941529726396,
        "max_count": 10,
        "options": [
            [
                63,
                84,
                66,
                84,
                48,
                71
            ],
            [
                73,
                37,
                51,
                53,
                54,
                52
            ],
            [
                84,
                84,
                84,
                84
            ]
        ],
        "defaults": [
            [
                84,
                84,
                84,
                84
            ]
        ]
    },
    "83": {
        "class": "Isotope",
        "ID": 83,
        "element": "IT",
        "infexes": null,
        "freedom": 0,
        "max_count": 1,
        "options": [
            [
                94,
                117,
                151,
                140,
                140
            ],
            [
                94,
                117,
                143,
                140,
                140
            ]
        ],
        "defaults": [
            [
                94,
                117,
                151,
                140,
                140
            ],
            [
                94,
                117,
                143,
                140,
                140
            ]
        ]
    },
    "84": {
        "class": "Isotope",
        "ID": 84,
        "element": "IT",
        "infexes": null,
        "freedom": 0,
        "max_count": 1,
        "options": [
            [
                13,
                114,
                151,
                140,
                140
            ],
            [
                13,
                114,
                143,
                140,
                140
            ]
        ],
        "defaults": [
            [
                13,
                114,
                151,
                140,
                140
            ],
            [
                13,
                114,
                143,
                140,
                140
            ]
        ]
    },
    "91": {
        "class": "Isotope",
        "ID": 91,
        "element": "X",
        "infexes": [],
        "freedom": 0,
        "max_count": 67,
        "options": [],
        "defaults": []
    },
    "92": {
        "class": "Isotope",
        "ID": 92,
        "element": "X",
        "infexes": [],
        "freedom": 0,
        "max_count": 25,
        "options": [],
        "defaults": []
    },
    "93": {
        "class": "Isotope",
        "ID": 93,
        "element": "X",
        "infexes": [],
        "freedom": 0,
        "max_count": 46,
        "options": [],
        "defaults": []
    },
    "94": {
        "class": "Isotope",
        "ID": 94,
        "element": "X",
        "infexes": [],
        "freedom": 0,
        "max_count": 7,
        "options": [],
        "defaults": []
    },
    "95": {
        "class": "Isotope",
        "ID": 95,
        "element": "X",
        "infexes": [],
        "freedom": 0,
        "max_count": 6,
        "options": [],
        "defaults": []
    },
    "96": {
        "class": "Isotope",
        "ID": 96,
        "element": "X",
        "infexes": [],
        "freedom": 0,
        "max_count": 19,
        "options": [],
        "defaults": []
    },
    "97": {
        "class": "Isotope",
        "ID": 97,
        "element": "X",
        "infexes": [],
        "freedom": 0,
        "max_count": 52,
        "options": [],
        "defaults": []
    },
    "98": {
        "class": "Isotope",
        "ID": 98,
        "element": "X",
        "infexes": [],
        "freedom": 0,
        "max_count": 8,
        "options": [],
        "defaults": []
    },
    "99": {
        "class": "Isotope",
        "ID": 99,
        "element": "X",
        "infexes": [],
        "freedom": 0,
        "max_count": 18,
        "options": [],
        "defaults": []
    },
    "100": {
        "class": "Isotope",
        "ID": 100,
        "element": "X",
        "infexes": [],
        "freedom": 0,
        "max_count": 18,
        "options": [],
        "defaults": []
    },
    "101": {
        "class": "Isotope",
        "ID": 101,
        "element": "X",
        "infexes": [],
        "freedom": 0,
        "max_count": 27,
        "options": [],
        "defaults": []
    },
    "102": {
        "class": "Isotope",
        "ID": 102,
        "element": "X",
        "infexes": [],
        "freedom": 0,
        "max_count": 20,
        "options": [],
        "defaults": []
    },
    "103": {
        "class": "Isotope",
        "ID": 103,
        "element": "X",
        "infexes": [],
        "freedom": 0,
        "max_count": 34,
        "options": [],
        "defaults": []
    },
    "104": {
        "class": "Isotope",
        "ID": 104,
        "element": "X",
        "infexes": [],
        "freedom": 0,
        "max_count": 13,
        "options": [],
        "defaults": []
    },
    "105": {
        "class": "Isotope",
        "ID": 105,
        "element": "X",
        "infexes": [],
        "freedom": 0,
        "max_count": 10,
        "options": [],
        "defaults": []
    },
    "106": {
        "class": "Isotope",
        "ID": 106,
        "element": "Y",
        "infexes": [],
        "freedom": 0,
        "max_count": 40,
        "options": [],
        "defaults": []
    },
    "107": {
        "class": "Isotope",
        "ID": 107,
        "element": "Y",
        "infexes": [],
        "freedom": 0,
        "max_count": 30,
        "options": [],
        "defaults": []
    },
    "108": {
        "class": "Isotope",
        "ID": 108,
        "element": "Y",
        "infexes": [],
        "freedom": 0,
        "max_count": 26,
        "options": [],
        "defaults": []
    },
    "109": {
        "class": "Isotope",
        "ID": 109,
        "element": "Y",
        "infexes": [],
        "freedom": 0,
        "max_count": 29,
        "options": [],
        "defaults": []
    },
    "110": {
        "class": "Isotope",
        "ID": 110,
        "element": "Y",
        "infexes": [],
        "freedom": 0,
        "max_count": 67,
        "options": [],
        "defaults": []
    },
    "111": {
        "class": "Isotope",
        "ID": 111,
        "element": "Y",
        "infexes": [],
        "freedom": 0,
        "max_count": 13,
        "options": [],
        "defaults": []
    },
    "112": {
        "class": "Isotope",
        "ID": 112,
        "element": "Y",
        "infexes": [],
        "freedom": 0,
        "max_count": 44,
        "options": [],
        "defaults": []
    },
    "113": {
        "class": "Isotope",
        "ID": 113,
        "element": "Y",
        "infexes": [],
        "freedom": 0,
        "max_count": 4,
        "options": [],
        "defaults": []
    },
    "114": {
        "class": "Isotope",
        "ID": 114,
        "element": "Y",
        "infexes": [],
        "freedom": 0,
        "max_count": 1,
        "options": [],
        "defaults": []
    },
    "115": {
        "class": "Isotope",
        "ID": 115,
        "element": "Y",
        "infexes": [],
        "freedom": 0,
        "max_count": 34,
        "options": [],
        "defaults": []
    },
    "116": {
        "class": "Isotope",
        "ID": 116,
        "element": "Y",
        "infexes": [],
        "freedom": 0,
        "max_count": 51,
        "options": [],
        "defaults": []
    },
    "117": {
        "class": "Isotope",
        "ID": 117,
        "element": "Y",
        "infexes": [],
        "freedom": 0,
        "max_count": 5,
        "options": [],
        "defaults": []
    },
    "118": {
        "class": "Isotope",
        "ID": 118,
        "element": "Y",
        "infexes": [],
        "freedom": 0,
        "max_count": 30,
        "options": [],
        "defaults": []
    },
    "119": {
        "class": "Isotope",
        "ID": 119,
        "element": "Y",
        "infexes": [],
        "freedom": 0,
        "max_count": 33,
        "options": [],
        "defaults": []
    },
    "120": {
        "class": "Isotope",
        "ID": 120,
        "element": "Y",
        "infexes": [],
        "freedom": 0,
        "max_count": 43,
        "options": [],
        "defaults": []
    },
    "121": {
        "class": "Isotope",
        "ID": 121,
        "element": "POWER",
        "infexes": [],
        "freedom": 0.3625116829756684,
        "max_count": 10,
        "options": [
            [
                129,
                137
            ],
            [
                101,
                126
            ],
            [
                165,
                100
            ],
            [
                121,
                98
            ]
        ],
        "defaults": [
            [
                129,
                137
            ]
        ]
    },
    "122": {
        "class": "Isotope",
        "ID": 122,
        "element": "ARCFAN",
        "infexes": [],
        "freedom": 0.2676618906245223,
        "max_count": 3,
        "options": [
            [
                96,
                125
            ],
            [
                142,
                130
            ],
            [
                102,
                135
            ],
            [
                152,
                94
            ],
            [
                94,
                94
            ]
        ],
        "defaults": [
            [
                94,
                94
            ]
        ]
    },
    "123": {
        "class": "Isotope",
        "ID": 123,
        "element": "ARCFAN",
        "infexes": [],
        "freedom": 0,
        "max_count": 13,
        "options": [
            [
                101,
                100
            ]
        ],
        "defaults": [
            [
                101,
                100
            ]
        ]
    },
    "124": {
        "class": "Isotope",
        "ID": 124,
        "element": "POWER",
        "infexes": [],
        "freedom": 0.10236399361524164,
        "max_count": 32,
        "options": [
            [
                97,
                103
            ],
            [
                112,
                92
            ],
            [
                94,
                163
            ]
        ],
        "defaults": [
            [
                97,
                103
            ]
        ]
    },
    "125": {
        "class": "Isotope",
        "ID": 125,
        "element": "GMEAN",
        "infexes": [
            6,
            6
        ],
        "freedom": 0.508180569101277,
        "max_count": 28,
        "options": [
            [
                101,
                103,
                118,
                137,
                101,
                120
            ],
            [
                100,
                160,
                129,
                95,
                108,
                106
            ]
        ],
        "defaults": [
            [
                101,
                103,
                118,
                137,
                101,
                120
            ]
        ]
    },
    "126": {
        "class": "Isotope",
        "ID": 126,
        "element": "GMEAN",
        "infexes": [
            2,
            5
        ],
        "freedom": 0.20842729474837893,
        "max_count": 5,
        "options": [
            [
                96,
                115,
                104,
                107
            ],
            [
                126,
                107,
                102,
                166,
                127
            ]
        ],
        "defaults": [
            [
                96,
                115,
                104,
                107
            ]
        ]
    },
    "127": {
        "class": "Isotope",
        "ID": 127,
        "element": "AMEAN",
        "infexes": [
            2,
            8
        ],
        "freedom": 0.3273852244357401,
        "max_count": 43,
        "options": [
            [
                140,
                124,
                123,
                106,
                103,
                121,
                132,
                123
            ],
            [
                101,
                109,
                104,
                118,
                115,
                91,
                119,
                123
            ]
        ],
        "defaults": [
            [
                101,
                109,
                104,
                118,
                115,
                91,
                119,
                123
            ]
        ]
    },
    "128": {
        "class": "Isotope",
        "ID": 128,
        "element": "AMEAN",
        "infexes": [
            2,
            3
        ],
        "freedom": 0.25289315686309205,
        "max_count": 71,
        "options": [
            [
                95,
                162,
                124
            ],
            [
                129,
                98,
                102
            ],
            [
                101,
                97
            ]
        ],
        "defaults": [
            [
                101,
                97
            ]
        ]
    },
    "129": {
        "class": "Isotope",
        "ID": 129,
        "element": "SIGMOID",
        "infexes": [],
        "freedom": 0,
        "max_count": 43,
        "options": [
            [
                97
            ]
        ],
        "defaults": [
            [
                97
            ]
        ]
    },
    "130": {
        "class": "Isotope",
        "ID": 130,
        "element": "AMEAN",
        "infexes": [
            2,
            23
        ],
        "freedom": 0.35514066382166404,
        "max_count": 2,
        "options": [
            [
                143,
                142,
                136,
                100,
                164,
                155,
                133,
                110,
                143,
                105,
                121,
                116,
                147,
                119,
                163,
                142,
                133,
                153,
                106,
                164,
                109,
                98,
                144
            ],
            [
                95,
                109,
                112,
                109,
                118
            ],
            [
                159,
                123,
                104,
                100,
                109,
                99,
                121,
                149,
                116,
                123,
                133,
                128,
                114,
                145,
                112,
                136,
                161,
                112,
                93,
                121,
                104,
                134,
                95
            ],
            [
                166,
                132,
                91,
                165,
                140,
                134,
                103,
                158,
                145,
                95,
                106,
                126,
                156,
                115,
                164,
                148,
                102,
                92,
                122,
                123,
                137,
                114,
                98
            ]
        ],
        "defaults": [
            [
                95,
                109,
                112,
                109,
                118
            ]
        ]
    },
    "131": {
        "class": "Isotope",
        "ID": 131,
        "element": "MINX",
        "infexes": [
            2,
            3
        ],
        "freedom": 0.019055153842380993,
        "max_count": 75,
        "options": [
            [
                100,
                149,
                95
            ],
            [
                104,
                96
            ]
        ],
        "defaults": [
            [
                104,
                96
            ]
        ]
    },
    "132": {
        "class": "Isotope",
        "ID": 132,
        "element": "GMEAN",
        "infexes": [
            2,
            3
        ],
        "freedom": 0.24954792760783603,
        "max_count": 28,
        "options": [
            [
                141,
                95,
                119
            ],
            [
                149,
                161,
                107
            ],
            [
                129,
                108,
                118
            ],
            [
                91,
                159,
                111
            ],
            [
                120,
                161,
                157
            ],
            [
                116,
                110
            ],
            [
                137,
                135,
                131
            ]
        ],
        "defaults": [
            [
                116,
                110
            ]
        ]
    },
    "133": {
        "class": "Isotope",
        "ID": 133,
        "element": "ARCFAN",
        "infexes": [],
        "freedom": 0.3089113365386749,
        "max_count": 22,
        "options": [
            [
                132,
                97
            ],
            [
                117,
                117
            ]
        ],
        "defaults": [
            [
                117,
                117
            ]
        ]
    },
    "134": {
        "class": "Isotope",
        "ID": 134,
        "element": "MINX",
        "infexes": [
            2,
            3
        ],
        "freedom": 0.2657502843160198,
        "max_count": 6,
        "options": [
            [
                93,
                132,
                138
            ],
            [
                145,
                110,
                159
            ],
            [
                106,
                109,
                116
            ],
            [
                137,
                141,
                112
            ],
            [
                119,
                129,
                138
            ],
            [
                95,
                106,
                117
            ],
            [
                150,
                121,
                138
            ],
            [
                113,
                106
            ],
            [
                162,
                107,
                113
            ],
            [
                118,
                153,
                144
            ],
            [
                128,
                151,
                115
            ]
        ],
        "defaults": [
            [
                113,
                106
            ]
        ]
    },
    "135": {
        "class": "Isotope",
        "ID": 135,
        "element": "GMEAN",
        "infexes": [
            4,
            5
        ],
        "freedom": 0.24219919977093354,
        "max_count": 15,
        "options": [
            [
                106,
                100,
                103,
                112,
                99
            ],
            [
                143,
                157,
                101,
                130,
                106
            ],
            [
                148,
                105,
                114,
                110,
                109
            ]
        ],
        "defaults": [
            [
                106,
                100,
                103,
                112,
                99
            ]
        ]
    },
    "136": {
        "class": "Isotope",
        "ID": 136,
        "element": "RAND",
        "infexes": [],
        "freedom": 0.09838963837030094,
        "max_count": 43,
        "options": [
            [
                114
            ],
            [
                115
            ],
            [
                111
            ]
        ],
        "defaults": [
            [
                114
            ],
            [
                115
            ],
            [
                111
            ]
        ]
    },
    "137": {
        "class": "Isotope",
        "ID": 137,
        "element": "SIGMOID",
        "infexes": [],
        "freedom": 0.10615726373639255,
        "max_count": 12,
        "options": [
            [
                107
            ],
            [
                113
            ]
        ],
        "defaults": [
            [
                107
            ],
            [
                113
            ]
        ]
    },
    "138": {
        "class": "Isotope",
        "ID": 138,
        "element": "GMEAN",
        "infexes": [
            4,
            4
        ],
        "freedom": 0.4175072786351769,
        "max_count": 15,
        "options": [
            [
                112,
                106,
                113,
                123
            ],
            [
                94,
                110,
                130,
                117
            ]
        ],
        "defaults": [
            [
                112,
                106,
                113,
                123
            ]
        ]
    },
    "139": {
        "class": "Isotope",
        "ID": 139,
        "element": "GMEAN",
        "infexes": [
            4,
            27
        ],
        "freedom": 0.5474575096970474,
        "max_count": 4,
        "options": [
            [
                115,
                112,
                119,
                132,
                109,
                129,
                108,
                107,
                127,
                101,
                114,
                113,
                138,
                134,
                108,
                160,
                127,
                104,
                96,
                121,
                162,
                126,
                117,
                99,
                142,
                116,
                125
            ],
            [
                120,
                124,
                146,
                153,
                150,
                91,
                132,
                133,
                96,
                115,
                115,
                158,
                151,
                147,
                135,
                144,
                138,
                101,
                157,
                120,
                166,
                110,
                140,
                160,
                101,
                134,
                164
            ],
            [
                116,
                105,
                110,
                115,
                129,
                129
            ]
        ],
        "defaults": [
            [
                116,
                105,
                110,
                115,
                129,
                129
            ]
        ]
    },
    "140": {
        "class": "Isotope",
        "ID": 140,
        "element": "GMEAN",
        "infexes": [
            4,
            24
        ],
        "freedom": 0,
        "max_count": 10,
        "options": [
            [
                109,
                114,
                111,
                104,
                102,
                91,
                94,
                117,
                94,
                92,
                120,
                118,
                120,
                94,
                113,
                118,
                100,
                93,
                108,
                114,
                93,
                106,
                99,
                92
            ]
        ],
        "defaults": [
            [
                109,
                114,
                111,
                104,
                102,
                91,
                94,
                117,
                94,
                92,
                120,
                118,
                120,
                94,
                113,
                118,
                100,
                93,
                108,
                114,
                93,
                106,
                99,
                92
            ]
        ]
    },
    "141": {
        "class": "Isotope",
        "ID": 141,
        "element": "MINX",
        "infexes": [
            4,
            16
        ],
        "freedom": 0.181944406757395,
        "max_count": 14,
        "options": [
            [
                123,
                114,
                139,
                145,
                123,
                130,
                138,
                152,
                108,
                117,
                125,
                152,
                151,
                150,
                112,
                105
            ],
            [
                101,
                136,
                120,
                119,
                111,
                94,
                97,
                96,
                98,
                143,
                104,
                107,
                94
            ]
        ],
        "defaults": [
            [
                101,
                136,
                120,
                119,
                111,
                94,
                97,
                96,
                98,
                143,
                104,
                107,
                94
            ]
        ]
    },
    "142": {
        "class": "Isotope",
        "ID": 142,
        "element": "SPIN",
        "infexes": [],
        "freedom": 0.18863243232911187,
        "max_count": 4,
        "options": [
            [
                99,
                108,
                116
            ],
            [
                135,
                164,
                127
            ]
        ],
        "defaults": [
            [
                99,
                108,
                116
            ]
        ]
    },
    "143": {
        "class": "Isotope",
        "ID": 143,
        "element": "AMEAN",
        "infexes": [
            2,
            3
        ],
        "freedom": 0,
        "max_count": 23,
        "options": [
            [
                114,
                116,
                129
            ]
        ],
        "defaults": [
            [
                114,
                116,
                129
            ]
        ]
    },
    "144": {
        "class": "Isotope",
        "ID": 144,
        "element": "SPIN",
        "infexes": [],
        "freedom": 0.6806593821167712,
        "max_count": 48,
        "options": [
            [
                100,
                117,
                91
            ],
            [
                98,
                95,
                132
            ]
        ],
        "defaults": [
            [
                100,
                117,
                91
            ]
        ]
    },
    "145": {
        "class": "Isotope",
        "ID": 145,
        "element": "GMEAN",
        "infexes": [
            3,
            4
        ],
        "freedom": 0.08303388556376043,
        "max_count": 4,
        "options": [
            [
                119,
                124,
                124,
                137
            ],
            [
                105,
                114,
                98,
                136
            ]
        ],
        "defaults": [
            [
                105,
                114,
                98,
                136
            ]
        ]
    },
    "146": {
        "class": "Isotope",
        "ID": 146,
        "element": "GMEAN",
        "infexes": [
            2,
            8
        ],
        "freedom": 0.3952926697610491,
        "max_count": 20,
        "options": [
            [
                91,
                138,
                115,
                120,
                149,
                102,
                97,
                111
            ],
            [
                94,
                106,
                100
            ],
            [
                125,
                96,
                164,
                162,
                118,
                92,
                166,
                125
            ],
            [
                126,
                128,
                103,
                160,
                119,
                120,
                139,
                165
            ]
        ],
        "defaults": [
            [
                94,
                106,
                100
            ]
        ]
    },
    "147": {
        "class": "Isotope",
        "ID": 147,
        "element": "GMEAN",
        "infexes": [
            4,
            5
        ],
        "freedom": 0.46310675236991405,
        "max_count": 2,
        "options": [
            [
                158,
                126,
                102,
                146,
                132
            ],
            [
                92,
                106,
                154,
                115,
                130
            ],
            [
                104,
                112,
                119,
                115,
                99
            ]
        ],
        "defaults": [
            [
                104,
                112,
                119,
                115,
                99
            ]
        ]
    },
    "148": {
        "class": "Isotope",
        "ID": 148,
        "element": "GMEAN",
        "infexes": [
            2,
            14
        ],
        "freedom": 0.43747875675166265,
        "max_count": 2,
        "options": [
            [
                129,
                152,
                94,
                127,
                143,
                110,
                104,
                96,
                119,
                136,
                157,
                121,
                149,
                151
            ],
            [
                143,
                136,
                108,
                105,
                110,
                136,
                111,
                113,
                98,
                140,
                111,
                109,
                120
            ]
        ],
        "defaults": [
            [
                143,
                136,
                108,
                105,
                110,
                136,
                111,
                113,
                98,
                140,
                111,
                109,
                120
            ]
        ]
    },
    "149": {
        "class": "Isotope",
        "ID": 149,
        "element": "SPIN",
        "infexes": [],
        "freedom": 0.10432225340595558,
        "max_count": 10,
        "options": [
            [
                143,
                108,
                123
            ],
            [
                103,
                105,
                142
            ],
            [
                154,
                142,
                118
            ]
        ],
        "defaults": [
            [
                143,
                108,
                123
            ]
        ]
    },
    "150": {
        "class": "Isotope",
        "ID": 150,
        "element": "SIGMOID",
        "infexes": [],
        "freedom": 0.5504757164953779,
        "max_count": 51,
        "options": [
            [
                143
            ],
            [
                155
            ]
        ],
        "defaults": [
            [
                143
            ]
        ]
    },
    "151": {
        "class": "Isotope",
        "ID": 151,
        "element": "SIN",
        "infexes": [],
        "freedom": 0.1677579242282483,
        "max_count": 6,
        "options": [
            [
                141
            ],
            [
                140
            ]
        ],
        "defaults": [
            [
                140
            ]
        ]
    },
    "152": {
        "class": "Isotope",
        "ID": 152,
        "element": "POW",
        "infexes": [],
        "freedom": 0.5074002751354011,
        "max_count": 12,
        "options": [
            [
                141
            ],
            [
                154
            ],
            [
                149
            ],
            [
                147
            ],
            [
                153
            ],
            [
                143
            ],
            [
                147
            ],
            [
                142
            ]
        ],
        "defaults": [
            [
                143
            ]
        ]
    },
    "153": {
        "class": "Isotope",
        "ID": 153,
        "element": "POW",
        "infexes": [],
        "freedom": 0.2542067869526181,
        "max_count": 55,
        "options": [
            [
                146
            ],
            [
                140
            ]
        ],
        "defaults": [
            [
                140
            ]
        ]
    },
    "154": {
        "class": "Isotope",
        "ID": 154,
        "element": "SPIN",
        "infexes": [],
        "freedom": 0.09423544528193102,
        "max_count": 33,
        "options": [
            [
                143,
                129,
                117
            ],
            [
                151,
                98,
                147
            ]
        ],
        "defaults": [
            [
                143,
                129,
                117
            ]
        ]
    },
    "155": {
        "class": "Isotope",
        "ID": 155,
        "element": "AMEAN",
        "infexes": [
            3,
            3
        ],
        "freedom": 0.1462244335278234,
        "max_count": 53,
        "options": [
            [
                114,
                151,
                98
            ],
            [
                140,
                116,
                101
            ]
        ],
        "defaults": [
            [
                140,
                116,
                101
            ]
        ]
    },
    "156": {
        "class": "Isotope",
        "ID": 156,
        "element": "POWER",
        "infexes": [],
        "freedom": 0.18828587056716484,
        "max_count": 6,
        "options": [
            [
                128,
                164
            ],
            [
                113,
                106
            ]
        ],
        "defaults": [
            [
                113,
                106
            ]
        ]
    },
    "157": {
        "class": "Isotope",
        "ID": 157,
        "element": "AMEAN",
        "infexes": [
            2,
            41
        ],
        "freedom": 0.3117365291608614,
        "max_count": 23,
        "options": [
            [
                103,
                104,
                106,
                95,
                114,
                110,
                106,
                102,
                140,
                116,
                97,
                129,
                115,
                107
            ],
            [
                164,
                114,
                118,
                151,
                157,
                143,
                165,
                111,
                122,
                164,
                100,
                161,
                161,
                151,
                130,
                91,
                96,
                128,
                119,
                92,
                119,
                128,
                122,
                142,
                157,
                120,
                151,
                165,
                138,
                152,
                106,
                99,
                115,
                95,
                149,
                142,
                144,
                145,
                166,
                159,
                147
            ]
        ],
        "defaults": [
            [
                103,
                104,
                106,
                95,
                114,
                110,
                106,
                102,
                140,
                116,
                97,
                129,
                115,
                107
            ]
        ]
    },
    "158": {
        "class": "Isotope",
        "ID": 158,
        "element": "MINX",
        "infexes": [
            2,
            2
        ],
        "freedom": 0.5158147748748587,
        "max_count": 15,
        "options": [
            [
                118,
                117
            ],
            [
                142,
                112
            ]
        ],
        "defaults": [
            [
                118,
                117
            ]
        ]
    },
    "159": {
        "class": "Isotope",
        "ID": 159,
        "element": "INV",
        "infexes": [],
        "freedom": 0.14636847903330893,
        "max_count": 13,
        "options": [
            [
                150
            ],
            [
                148
            ],
            [
                118
            ]
        ],
        "defaults": [
            [
                118
            ]
        ]
    },
    "160": {
        "class": "Isotope",
        "ID": 160,
        "element": "MINX",
        "infexes": [
            3,
            4
        ],
        "freedom": 0.5802778050441657,
        "max_count": 12,
        "options": [
            [
                150,
                105,
                130,
                115
            ],
            [
                95,
                143,
                112,
                137
            ]
        ],
        "defaults": [
            [
                95,
                143,
                112,
                137
            ]
        ]
    },
    "161": {
        "class": "Isotope",
        "ID": 161,
        "element": "POWER",
        "infexes": [],
        "freedom": 0.14353924371516835,
        "max_count": 44,
        "options": [
            [
                93,
                115
            ],
            [
                139,
                150
            ],
            [
                157,
                164
            ]
        ],
        "defaults": [
            [
                93,
                115
            ]
        ]
    },
    "162": {
        "class": "Isotope",
        "ID": 162,
        "element": "AMEAN",
        "infexes": [
            4,
            6
        ],
        "freedom": 0.16120171221031412,
        "max_count": 13,
        "options": [
            [
                105,
                140,
                106,
                106,
                100
            ],
            [
                136,
                151,
                154,
                98,
                136,
                124
            ]
        ],
        "defaults": [
            [
                105,
                140,
                106,
                106,
                100
            ]
        ]
    },
    "163": {
        "class": "Isotope",
        "ID": 163,
        "element": "SIGMOID",
        "infexes": [],
        "freedom": 0.13539052834239249,
        "max_count": 64,
        "options": [
            [
                147
            ],
            [
                100
            ]
        ],
        "defaults": [
            [
                100
            ]
        ]
    },
    "164": {
        "class": "Isotope",
        "ID": 164,
        "element": "POWER",
        "infexes": [],
        "freedom": 0.6348128641072978,
        "max_count": 55,
        "options": [
            [
                92,
                119
            ],
            [
                97,
                134
            ]
        ],
        "defaults": [
            [
                92,
                119
            ]
        ]
    },
    "165": {
        "class": "Isotope",
        "ID": 165,
        "element": "SPIN",
        "infexes": [],
        "freedom": 0.10097455370298078,
        "max_count": 26,
        "options": [
            [
                108,
                102,
                91
            ],
            [
                119,
                141,
                165
            ]
        ],
        "defaults": [
            [
                108,
                102,
                91
            ]
        ]
    },
    "166": {
        "class": "Isotope",
        "ID": 166,
        "element": "MINX",
        "infexes": [
            2,
            6
        ],
        "freedom": 0.36891941529726396,
        "max_count": 10,
        "options": [
            [
                148,
                108,
                151,
                106,
                133,
                156
            ],
            [
                158,
                122,
                136,
                138,
                139,
                137
            ],
            [
                106,
                107,
                119,
                118
            ]
        ],
        "defaults": [
            [
                106,
                107,
                119,
                118
            ]
        ]
    },
    "167": {
        "class": "Isotope",
        "ID": 167,
        "element": "ROOT_TARGET",
        "infexes": [],
        "freedom": 0.7451710503518055,
        "max_count": 1,
        "options": [
            [
                142
            ],
            [
                40
            ]
        ],
        "defaults": []
    },
    "168": {
        "class": "Isotope",
        "ID": 168,
        "element": "ROOT_AIM",
        "infexes": [],
        "freedom": 0.3246117987937389,
        "max_count": 1,
        "options": [
            [
                115
            ],
            [
                64
            ]
        ],
        "defaults": []
    }
}