{
    "0": {
        "class": "Isotope",
        "ID": 0,
        "element": "ROOT_MAIN",
        "infexes": [],
        "freedom": 0.23338977940029068,
        "max_count": 1,
        "options": [
            [
                91
            ],
            [
                82
            ]
        ],
        "defaults": [
            [
                91
            ]
        ]
    },
    "1": {
        "class": "Isotope",
        "ID": 1,
        "element": "ROOT_HUE",
        "infexes": [],
        "freedom": 0.4088838563988831,
        "max_count": 1,
        "options": [
            [
                82
            ],
            [
                88
            ]
        ],
        "defaults": [
            [
                82
            ]
        ]
    },
    "2": {
        "class": "Isotope",
        "ID": 2,
        "element": "ROOT_SAT",
        "infexes": [],
        "freedom": 0.682987780458953,
        "max_count": 1,
        "options": [
            [
                89
            ],
            [
                88
            ]
        ],
        "defaults": [
            [
                88
            ]
        ]
    },
    "3": {
        "class": "Isotope",
        "ID": 3,
        "element": "ROOT_VAL",
        "infexes": [],
        "freedom": 0.08767914085635234,
        "max_count": 1,
        "options": [
            [
                90
            ],
            [
                87
            ],
            [
                85
            ]
        ],
        "defaults": [
            [
                85
            ]
        ]
    },
    "4": {
        "class": "Isotope",
        "ID": 4,
        "element": "ROOT_PAL",
        "infexes": [],
        "freedom": 0.39761224646892857,
        "max_count": 1,
        "options": [
            [
                80
            ],
            [
                79
            ]
        ],
        "defaults": [
            [
                79
            ]
        ]
    },
    "5": {
        "class": "Isotope",
        "ID": 5,
        "element": "ROOT_GRAD",
        "infexes": [],
        "freedom": 0.26221643272379797,
        "max_count": 1,
        "options": [
            [
                84
            ],
            [
                82
            ]
        ],
        "defaults": [
            [
                82
            ]
        ]
    },
    "6": {
        "class": "Isotope",
        "ID": 6,
        "element": "ROOT_TARGET",
        "infexes": [],
        "freedom": 0.5169261586948136,
        "max_count": 1,
        "options": [
            [
                84
            ],
            [
                81
            ]
        ],
        "defaults": [
            [
                81
            ]
        ]
    },
    "7": {
        "class": "Isotope",
        "ID": 7,
        "element": "ROOT_AIM",
        "infexes": [],
        "freedom": 0.5338521613627746,
        "max_count": 1,
        "options": [
            [
                82
            ],
            [
                83
            ]
        ],
        "defaults": [
            [
                82
            ]
        ]
    },
    "8": {
        "class": "Isotope",
        "ID": 8,
        "element": "X",
        "infexes": [],
        "freedom": 0,
        "max_count": 42,
        "options": [],
        "defaults": []
    },
    "9": {
        "class": "Isotope",
        "ID": 9,
        "element": "X",
        "infexes": [],
        "freedom": 0,
        "max_count": 6,
        "options": [],
        "defaults": []
    },
    "10": {
        "class": "Isotope",
        "ID": 10,
        "element": "X",
        "infexes": [],
        "freedom": 0,
        "max_count": 24,
        "options": [],
        "defaults": []
    },
    "11": {
        "class": "Isotope",
        "ID": 11,
        "element": "X",
        "infexes": [],
        "freedom": 0,
        "max_count": 18,
        "options": [],
        "defaults": []
    },
    "12": {
        "class": "Isotope",
        "ID": 12,
        "element": "X",
        "infexes": [],
        "freedom": 0,
        "max_count": 2,
        "options": [],
        "defaults": []
    },
    "13": {
        "class": "Isotope",
        "ID": 13,
        "element": "X",
        "infexes": [],
        "freedom": 0,
        "max_count": 179,
        "options": [],
        "defaults": []
    },
    "14": {
        "class": "Isotope",
        "ID": 14,
        "element": "X",
        "infexes": [],
        "freedom": 0,
        "max_count": 48,
        "options": [],
        "defaults": []
    },
    "15": {
        "class": "Isotope",
        "ID": 15,
        "element": "X",
        "infexes": [],
        "freedom": 0,
        "max_count": 7,
        "options": [],
        "defaults": []
    },
    "16": {
        "class": "Isotope",
        "ID": 16,
        "element": "X",
        "infexes": [],
        "freedom": 0,
        "max_count": 13,
        "options": [],
        "defaults": []
    },
    "17": {
        "class": "Isotope",
        "ID": 17,
        "element": "X",
        "infexes": [],
        "freedom": 0,
        "max_count": 22,
        "options": [],
        "defaults": []
    },
    "18": {
        "class": "Isotope",
        "ID": 18,
        "element": "X",
        "infexes": [],
        "freedom": 0,
        "max_count": 18,
        "options": [],
        "defaults": []
    },
    "19": {
        "class": "Isotope",
        "ID": 19,
        "element": "X",
        "infexes": [],
        "freedom": 0,
        "max_count": 27,
        "options": [],
        "defaults": []
    },
    "20": {
        "class": "Isotope",
        "ID": 20,
        "element": "Y",
        "infexes": [],
        "freedom": 0,
        "max_count": 1,
        "options": [],
        "defaults": []
    },
    "21": {
        "class": "Isotope",
        "ID": 21,
        "element": "Y",
        "infexes": [],
        "freedom": 0,
        "max_count": 45,
        "options": [],
        "defaults": []
    },
    "22": {
        "class": "Isotope",
        "ID": 22,
        "element": "Y",
        "infexes": [],
        "freedom": 0,
        "max_count": 1,
        "options": [],
        "defaults": []
    },
    "23": {
        "class": "Isotope",
        "ID": 23,
        "element": "Y",
        "infexes": [],
        "freedom": 0,
        "max_count": 29,
        "options": [],
        "defaults": []
    },
    "24": {
        "class": "Isotope",
        "ID": 24,
        "element": "Y",
        "infexes": [],
        "freedom": 0,
        "max_count": 23,
        "options": [],
        "defaults": []
    },
    "25": {
        "class": "Isotope",
        "ID": 25,
        "element": "Y",
        "infexes": [],
        "freedom": 0,
        "max_count": 2,
        "options": [],
        "defaults": []
    },
    "26": {
        "class": "Isotope",
        "ID": 26,
        "element": "Y",
        "infexes": [],
        "freedom": 0,
        "max_count": 18,
        "options": [],
        "defaults": []
    },
    "27": {
        "class": "Isotope",
        "ID": 27,
        "element": "Y",
        "infexes": [],
        "freedom": 0,
        "max_count": 2,
        "options": [],
        "defaults": []
    },
    "28": {
        "class": "Isotope",
        "ID": 28,
        "element": "Y",
        "infexes": [],
        "freedom": 0,
        "max_count": 35,
        "options": [],
        "defaults": []
    },
    "29": {
        "class": "Isotope",
        "ID": 29,
        "element": "Y",
        "infexes": [],
        "freedom": 0,
        "max_count": 18,
        "options": [],
        "defaults": []
    },
    "30": {
        "class": "Isotope",
        "ID": 30,
        "element": "Y",
        "infexes": [],
        "freedom": 0,
        "max_count": 1,
        "options": [],
        "defaults": []
    },
    "31": {
        "class": "Isotope",
        "ID": 31,
        "element": "Y",
        "infexes": [],
        "freedom": 0,
        "max_count": 38,
        "options": [],
        "defaults": []
    },
    "32": {
        "class": "Isotope",
        "ID": 32,
        "element": "Y",
        "infexes": [],
        "freedom": 0,
        "max_count": 5,
        "options": [],
        "defaults": []
    },
    "33": {
        "class": "Isotope",
        "ID": 33,
        "element": "Y",
        "infexes": [],
        "freedom": 0,
        "max_count": 9,
        "options": [],
        "defaults": []
    },
    "34": {
        "class": "Isotope",
        "ID": 34,
        "element": "Y",
        "infexes": [],
        "freedom": 0,
        "max_count": 30,
        "options": [],
        "defaults": []
    },
    "35": {
        "class": "Isotope",
        "ID": 35,
        "element": "Y",
        "infexes": [],
        "freedom": 0,
        "max_count": 18,
        "options": [],
        "defaults": []
    },
    "36": {
        "class": "Isotope",
        "ID": 36,
        "element": "Y",
        "infexes": [],
        "freedom": 0,
        "max_count": 6,
        "options": [],
        "defaults": []
    },
    "37": {
        "class": "Isotope",
        "ID": 37,
        "element": "Y",
        "infexes": [],
        "freedom": 0,
        "max_count": 13,
        "options": [],
        "defaults": []
    },
    "38": {
        "class": "Isotope",
        "ID": 38,
        "element": "Y",
        "infexes": [],
        "freedom": 0,
        "max_count": 85,
        "options": [],
        "defaults": []
    },
    "39": {
        "class": "Isotope",
        "ID": 39,
        "element": "Y",
        "infexes": [],
        "freedom": 0,
        "max_count": 1,
        "options": [],
        "defaults": []
    },
    "40": {
        "class": "Isotope",
        "ID": 40,
        "element": "Y",
        "infexes": [],
        "freedom": 0,
        "max_count": 135,
        "options": [],
        "defaults": []
    },
    "41": {
        "class": "Isotope",
        "ID": 41,
        "element": "Y",
        "infexes": [],
        "freedom": 0,
        "max_count": 64,
        "options": [],
        "defaults": []
    },
    "42": {
        "class": "Isotope",
        "ID": 42,
        "element": "Y",
        "infexes": [],
        "freedom": 0,
        "max_count": 1,
        "options": [],
        "defaults": []
    },
    "43": {
        "class": "Isotope",
        "ID": 43,
        "element": "Y",
        "infexes": [],
        "freedom": 0,
        "max_count": 4,
        "options": [],
        "defaults": []
    },
    "44": {
        "class": "Isotope",
        "ID": 44,
        "element": "Y",
        "infexes": [],
        "freedom": 0,
        "max_count": 19,
        "options": [],
        "defaults": []
    },
    "45": {
        "class": "Isotope",
        "ID": 45,
        "element": "Y",
        "infexes": [],
        "freedom": 0,
        "max_count": 38,
        "options": [],
        "defaults": []
    },
    "46": {
        "class": "Isotope",
        "ID": 46,
        "element": "Y",
        "infexes": [],
        "freedom": 0,
        "max_count": 4,
        "options": [],
        "defaults": []
    },
    "47": {
        "class": "Isotope",
        "ID": 47,
        "element": "Y",
        "infexes": [],
        "freedom": 0,
        "max_count": 1,
        "options": [],
        "defaults": []
    },
    "48": {
        "class": "Isotope",
        "ID": 48,
        "element": "Y",
        "infexes": [],
        "freedom": 0,
        "max_count": 5,
        "options": [],
        "defaults": []
    },
    "49": {
        "class": "Isotope",
        "ID": 49,
        "element": "Y",
        "infexes": [],
        "freedom": 0,
        "max_count": 198,
        "options": [],
        "defaults": []
    },
    "50": {
        "class": "Isotope",
        "ID": 50,
        "element": "Y",
        "infexes": [],
        "freedom": 0,
        "max_count": 40,
        "options": [],
        "defaults": []
    },
    "51": {
        "class": "Isotope",
        "ID": 51,
        "element": "Y",
        "infexes": [],
        "freedom": 0,
        "max_count": 9,
        "options": [],
        "defaults": []
    },
    "52": {
        "class": "Isotope",
        "ID": 52,
        "element": "Y",
        "infexes": [],
        "freedom": 0,
        "max_count": 5,
        "options": [],
        "defaults": []
    },
    "53": {
        "class": "Isotope",
        "ID": 53,
        "element": "Y",
        "infexes": [],
        "freedom": 0,
        "max_count": 16,
        "options": [],
        "defaults": []
    },
    "54": {
        "class": "Isotope",
        "ID": 54,
        "element": "Y",
        "infexes": [],
        "freedom": 0,
        "max_count": 31,
        "options": [],
        "defaults": []
    },
    "55": {
        "class": "Isotope",
        "ID": 55,
        "element": "Y",
        "infexes": [],
        "freedom": 0,
        "max_count": 10,
        "options": [],
        "defaults": []
    },
    "56": {
        "class": "Isotope",
        "ID": 56,
        "element": "Y",
        "infexes": [],
        "freedom": 0,
        "max_count": 29,
        "options": [],
        "defaults": []
    },
    "57": {
        "class": "Isotope",
        "ID": 57,
        "element": "Y",
        "infexes": [],
        "freedom": 0,
        "max_count": 28,
        "options": [],
        "defaults": []
    },
    "58": {
        "class": "Isotope",
        "ID": 58,
        "element": "Y",
        "infexes": [],
        "freedom": 0,
        "max_count": 27,
        "options": [],
        "defaults": []
    },
    "59": {
        "class": "Isotope",
        "ID": 59,
        "element": "Y",
        "infexes": [],
        "freedom": 0,
        "max_count": 22,
        "options": [],
        "defaults": []
    },
    "60": {
        "class": "Isotope",
        "ID": 60,
        "element": "Y",
        "infexes": [],
        "freedom": 0,
        "max_count": 42,
        "options": [],
        "defaults": []
    },
    "61": {
        "class": "Isotope",
        "ID": 61,
        "element": "Y",
        "infexes": [],
        "freedom": 0,
        "max_count": 1,
        "options": [],
        "defaults": []
    },
    "62": {
        "class": "Isotope",
        "ID": 62,
        "element": "Y",
        "infexes": [],
        "freedom": 0,
        "max_count": 2,
        "options": [],
        "defaults": []
    },
    "63": {
        "class": "Isotope",
        "ID": 63,
        "element": "POWER",
        "infexes": [],
        "freedom": 0,
        "max_count": 1,
        "options": [
            [
                70,
                50
            ]
        ],
        "defaults": [
            [
                70,
                50
            ]
        ]
    },
    "64": {
        "class": "Isotope",
        "ID": 64,
        "element": "SIN",
        "infexes": [],
        "freedom": 0,
        "max_count": 6,
        "options": [
            [
                14
            ]
        ],
        "defaults": [
            [
                14
            ]
        ]
    },
    "65": {
        "class": "Isotope",
        "ID": 65,
        "element": "IT",
        "infexes": [],
        "freedom": 0,
        "max_count": 74,
        "options": [
            [
                10,
                26,
                63,
                60,
                70
            ]
        ],
        "defaults": [
            [
                10,
                26,
                63,
                60,
                70
            ]
        ]
    },
    "66": {
        "class": "Isotope",
        "ID": 66,
        "element": "POWER",
        "infexes": [],
        "freedom": 0,
        "max_count": 199,
        "options": [
            [
                64,
                78
            ]
        ],
        "defaults": [
            [
                64,
                78
            ]
        ]
    },
    "67": {
        "class": "Isotope",
        "ID": 67,
        "element": "IT",
        "infexes": [],
        "freedom": 0,
        "max_count": 46,
        "options": [
            [
                13,
                33,
                9,
                72,
                27
            ]
        ],
        "defaults": [
            [
                13,
                33,
                9,
                72,
                27
            ]
        ]
    },
    "68": {
        "class": "Isotope",
        "ID": 68,
        "element": "SIN",
        "infexes": [],
        "freedom": 0,
        "max_count": 2,
        "options": [
            [
                14
            ]
        ],
        "defaults": [
            [
                14
            ]
        ]
    },
    "69": {
        "class": "Isotope",
        "ID": 69,
        "element": "SIN",
        "infexes": [],
        "freedom": 0,
        "max_count": 1,
        "options": [
            [
                9
            ]
        ],
        "defaults": [
            [
                9
            ]
        ]
    },
    "70": {
        "class": "Isotope",
        "ID": 70,
        "element": "POW",
        "infexes": [],
        "freedom": 0,
        "max_count": 34,
        "options": [
            [
                66
            ]
        ],
        "defaults": [
            [
                66
            ]
        ]
    },
    "71": {
        "class": "Isotope",
        "ID": 71,
        "element": "ARCFAN",
        "infexes": [],
        "freedom": 0,
        "max_count": 9,
        "options": [
            [
                45,
                66
            ]
        ],
        "defaults": [
            [
                45,
                66
            ]
        ]
    },
    "72": {
        "class": "Isotope",
        "ID": 72,
        "element": "SIN",
        "infexes": [],
        "freedom": 0.4067821548418966,
        "max_count": 6,
        "options": [
            [
                69
            ],
            [
                71
            ]
        ],
        "defaults": [
            [
                69
            ],
            [
                71
            ]
        ]
    },
    "73": {
        "class": "Isotope",
        "ID": 73,
        "element": "IT",
        "infexes": [],
        "freedom": 0,
        "max_count": 10,
        "options": [
            [
                19,
                56,
                40,
                35,
                32
            ]
        ],
        "defaults": [
            [
                19,
                56,
                40,
                35,
                32
            ]
        ]
    },
    "74": {
        "class": "Isotope",
        "ID": 74,
        "element": "SIN",
        "infexes": [],
        "freedom": 0.2111443590061909,
        "max_count": 22,
        "options": [
            [
                42
            ],
            [
                23
            ]
        ],
        "defaults": [
            [
                42
            ],
            [
                23
            ]
        ]
    },
    "75": {
        "class": "Isotope",
        "ID": 75,
        "element": "IT",
        "infexes": [],
        "freedom": 0,
        "max_count": 179,
        "options": [
            [
                18,
                45,
                59,
                36,
                26
            ]
        ],
        "defaults": [
            [
                18,
                45,
                59,
                36,
                26
            ]
        ]
    },
    "76": {
        "class": "Isotope",
        "ID": 76,
        "element": "MINX",
        "infexes": [
            4,
            4
        ],
        "freedom": 0,
        "max_count": 27,
        "options": [
            [
                43,
                68,
                56,
                31
            ]
        ],
        "defaults": [
            [
                43,
                68,
                56,
                31
            ]
        ]
    },
    "77": {
        "class": "Isotope",
        "ID": 77,
        "element": "SIN",
        "infexes": [],
        "freedom": 0,
        "max_count": 161,
        "options": [
            [
                75
            ]
        ],
        "defaults": [
            [
                75
            ]
        ]
    },
    "78": {
        "class": "Isotope",
        "ID": 78,
        "element": "SIN",
        "infexes": [],
        "freedom": 0,
        "max_count": 5,
        "options": [
            [
                30
            ]
        ],
        "defaults": [
            [
                30
            ]
        ]
    },
    "79": {
        "class": "Isotope",
        "ID": 79,
        "element": "IT",
        "infexes": [],
        "freedom": 0,
        "max_count": 19,
        "options": [
            [
                12,
                22,
                18,
                33,
                47
            ]
        ],
        "defaults": [
            [
                12,
                22,
                18,
                33,
                47
            ]
        ]
    },
    "80": {
        "class": "Isotope",
        "ID": 80,
        "element": "MINX",
        "infexes": [
            4,
            9
        ],
        "freedom": 0.2645135077746679,
        "max_count": 20,
        "options": [
            [
                70,
                13,
                49,
                11,
                92,
                28,
                77,
                87,
                41
            ],
            [
                8,
                51,
                52,
                37,
                38
            ]
        ],
        "defaults": [
            [
                8,
                51,
                52,
                37,
                38
            ]
        ]
    },
    "81": {
        "class": "Isotope",
        "ID": 81,
        "element": "GMEAN",
        "infexes": [
            3,
            4
        ],
        "freedom": 0,
        "max_count": 55,
        "options": [
            [
                59,
                48,
                58,
                72
            ]
        ],
        "defaults": [
            [
                59,
                48,
                58,
                72
            ]
        ]
    },
    "82": {
        "class": "Isotope",
        "ID": 82,
        "element": "ARCFAN",
        "infexes": [],
        "freedom": 0.40272731299209896,
        "max_count": 32,
        "options": [
            [
                20,
                68
            ],
            [
                21,
                19
            ]
        ],
        "defaults": [
            [
                20,
                68
            ],
            [
                21,
                19
            ]
        ]
    },
    "83": {
        "class": "Isotope",
        "ID": 83,
        "element": "AMEAN",
        "infexes": [
            2,
            2
        ],
        "freedom": 0,
        "max_count": 24,
        "options": [
            [
                17,
                40
            ]
        ],
        "defaults": [
            [
                17,
                40
            ]
        ]
    },
    "84": {
        "class": "Isotope",
        "ID": 84,
        "element": "IT",
        "infexes": [],
        "freedom": 0.5791336216166775,
        "max_count": 33,
        "options": [
            [
                8,
                20,
                53,
                44,
                12
            ],
            [
                8,
                20,
                31,
                66,
                25
            ],
            [
                8,
                20,
                73,
                67,
                60
            ],
            [
                8,
                20,
                15,
                59,
                24
            ]
        ],
        "defaults": [
            [
                8,
                20,
                53,
                44,
                12
            ],
            [
                8,
                20,
                31,
                66,
                25
            ],
            [
                8,
                20,
                73,
                67,
                60
            ],
            [
                8,
                20,
                15,
                59,
                24
            ]
        ]
    },
    "85": {
        "class": "Isotope",
        "ID": 85,
        "element": "POWER",
        "infexes": [],
        "freedom": 0,
        "max_count": 9,
        "options": [
            [
                62,
                16
            ]
        ],
        "defaults": [
            [
                62,
                16
            ]
        ]
    },
    "86": {
        "class": "Isotope",
        "ID": 86,
        "element": "MINX",
        "infexes": [
            2,
            7
        ],
        "freedom": 0.46297482874898127,
        "max_count": 10,
        "options": [
            [
                12,
                54,
                52,
                22,
                68,
                15,
                8
            ],
            [
                65,
                39,
                28,
                25,
                42,
                59
            ],
            [
                76,
                80,
                34,
                37,
                10,
                53,
                55
            ]
        ],
        "defaults": [
            [
                65,
                39,
                28,
                25,
                42,
                59
            ]
        ]
    },
    "87": {
        "class": "Isotope",
        "ID": 87,
        "element": "ARCFAN",
        "infexes": [],
        "freedom": 0,
        "max_count": 28,
        "options": [
            [
                57,
                82
            ]
        ],
        "defaults": [
            [
                57,
                82
            ]
        ]
    },
    "88": {
        "class": "Isotope",
        "ID": 88,
        "element": "ARCFAN",
        "infexes": [],
        "freedom": 0,
        "max_count": 39,
        "options": [
            [
                29,
                82
            ]
        ],
        "defaults": [
            [
                29,
                82
            ]
        ]
    },
    "89": {
        "class": "Isotope",
        "ID": 89,
        "element": "GMEAN",
        "infexes": [
            2,
            2
        ],
        "freedom": 0.7859708636123254,
        "max_count": 106,
        "options": [
            [
                85,
                9
            ],
            [
                82,
                74
            ]
        ],
        "defaults": [
            [
                85,
                9
            ],
            [
                82,
                74
            ]
        ]
    },
    "90": {
        "class": "Isotope",
        "ID": 90,
        "element": "ARCFAN",
        "infexes": [],
        "freedom": 0,
        "max_count": 32,
        "options": [
            [
                61,
                84
            ]
        ],
        "defaults": [
            [
                61,
                84
            ]
        ]
    },
    "91": {
        "class": "Isotope",
        "ID": 91,
        "element": "GMEAN",
        "infexes": [
            2,
            3
        ],
        "freedom": 0,
        "max_count": 4,
        "options": [
            [
                8,
                79,
                46
            ]
        ],
        "defaults": [
            [
                8,
                79,
                46
            ]
        ]
    },
    "92": {
        "class": "Isotope",
        "ID": 92,
        "element": "POWER",
        "infexes": [],
        "freedom": 0.17467860353033723,
        "max_count": 10,
        "options": [
            [
                86,
                89
            ],
            [
                84,
                65
            ]
        ],
        "defaults": [
            [
                84,
                65
            ]
        ]
    }
}