{
    "0": {
        "class": "Isotope",
        "ID": 0,
        "element": "ROOT_MAIN",
        "infexes": [],
        "freedom": 0.1388501716428164,
        "max_count": 1,
        "options": [
            [
                55
            ],
            [
                63
            ]
        ],
        "defaults": [
            [
                55
            ]
        ]
    },
    "1": {
        "class": "Isotope",
        "ID": 1,
        "element": "ROOT_HUE",
        "infexes": [],
        "freedom": 0.21356660155286358,
        "max_count": 1,
        "options": [
            [
                60
            ],
            [
                62
            ],
            [
                59
            ]
        ],
        "defaults": [
            [
                62
            ]
        ]
    },
    "2": {
        "class": "Isotope",
        "ID": 2,
        "element": "ROOT_SAT",
        "infexes": [],
        "freedom": 0.07991265176630336,
        "max_count": 1,
        "options": [
            [
                54
            ],
            [
                55
            ]
        ],
        "defaults": [
            [
                55
            ]
        ]
    },
    "3": {
        "class": "Isotope",
        "ID": 3,
        "element": "ROOT_VAL",
        "infexes": [],
        "freedom": 0.17887312178381143,
        "max_count": 1,
        "options": [
            [
                55
            ],
            [
                55
            ]
        ],
        "defaults": [
            [
                55
            ]
        ]
    },
    "4": {
        "class": "Isotope",
        "ID": 4,
        "element": "ROOT_PAL",
        "infexes": [],
        "freedom": 0.25713147349738363,
        "max_count": 1,
        "options": [
            [
                58
            ],
            [
                55
            ]
        ],
        "defaults": [
            [
                55
            ]
        ]
    },
    "5": {
        "class": "Isotope",
        "ID": 5,
        "element": "ROOT_GRAD",
        "infexes": [],
        "freedom": 0.5634322764629999,
        "max_count": 1,
        "options": [
            [
                58
            ],
            [
                59
            ],
            [
                59
            ],
            [
                59
            ],
            [
                57
            ],
            [
                59
            ],
            [
                64
            ],
            [
                62
            ],
            [
                63
            ],
            [
                54
            ],
            [
                57
            ],
            [
                63
            ]
        ],
        "defaults": [
            [
                62
            ]
        ]
    },
    "6": {
        "class": "Isotope",
        "ID": 6,
        "element": "ROOT_TARGET",
        "infexes": [],
        "freedom": 0.2049235098766246,
        "max_count": 1,
        "options": [
            [
                59
            ],
            [
                55
            ]
        ],
        "defaults": [
            [
                55
            ]
        ]
    },
    "7": {
        "class": "Isotope",
        "ID": 7,
        "element": "ROOT_AIM",
        "infexes": [],
        "freedom": 0.15500421279870216,
        "max_count": 1,
        "options": [
            [
                59
            ],
            [
                55
            ],
            [
                63
            ],
            [
                58
            ]
        ],
        "defaults": [
            [
                55
            ]
        ]
    },
    "8": {
        "class": "Isotope",
        "ID": 8,
        "element": "X",
        "infexes": [],
        "freedom": 0,
        "max_count": 36,
        "options": [],
        "defaults": []
    },
    "9": {
        "class": "Isotope",
        "ID": 9,
        "element": "X",
        "infexes": [],
        "freedom": 0,
        "max_count": 48,
        "options": [],
        "defaults": []
    },
    "10": {
        "class": "Isotope",
        "ID": 10,
        "element": "X",
        "infexes": [],
        "freedom": 0,
        "max_count": 30,
        "options": [],
        "defaults": []
    },
    "11": {
        "class": "Isotope",
        "ID": 11,
        "element": "X",
        "infexes": [],
        "freedom": 0,
        "max_count": 9,
        "options": [],
        "defaults": []
    },
    "12": {
        "class": "Isotope",
        "ID": 12,
        "element": "X",
        "infexes": [],
        "freedom": 0,
        "max_count": 5,
        "options": [],
        "defaults": []
    },
    "13": {
        "class": "Isotope",
        "ID": 13,
        "element": "X",
        "infexes": [],
        "freedom": 0,
        "max_count": 8,
        "options": [],
        "defaults": []
    },
    "14": {
        "class": "Isotope",
        "ID": 14,
        "element": "X",
        "infexes": [],
        "freedom": 0,
        "max_count": 20,
        "options": [],
        "defaults": []
    },
    "15": {
        "class": "Isotope",
        "ID": 15,
        "element": "X",
        "infexes": [],
        "freedom": 0,
        "max_count": 74,
        "options": [],
        "defaults": []
    },
    "16": {
        "class": "Isotope",
        "ID": 16,
        "element": "X",
        "infexes": [],
        "freedom": 0,
        "max_count": 26,
        "options": [],
        "defaults": []
    },
    "17": {
        "class": "Isotope",
        "ID": 17,
        "element": "X",
        "infexes": [],
        "freedom": 0,
        "max_count": 93,
        "options": [],
        "defaults": []
    },
    "18": {
        "class": "Isotope",
        "ID": 18,
        "element": "X",
        "infexes": [],
        "freedom": 0,
        "max_count": 19,
        "options": [],
        "defaults": []
    },
    "19": {
        "class": "Isotope",
        "ID": 19,
        "element": "X",
        "infexes": [],
        "freedom": 0,
        "max_count": 44,
        "options": [],
        "defaults": []
    },
    "20": {
        "class": "Isotope",
        "ID": 20,
        "element": "X",
        "infexes": [],
        "freedom": 0,
        "max_count": 8,
        "options": [],
        "defaults": []
    },
    "21": {
        "class": "Isotope",
        "ID": 21,
        "element": "Y",
        "infexes": [],
        "freedom": 0,
        "max_count": 109,
        "options": [],
        "defaults": []
    },
    "22": {
        "class": "Isotope",
        "ID": 22,
        "element": "Y",
        "infexes": [],
        "freedom": 0,
        "max_count": 19,
        "options": [],
        "defaults": []
    },
    "23": {
        "class": "Isotope",
        "ID": 23,
        "element": "Y",
        "infexes": [],
        "freedom": 0,
        "max_count": 28,
        "options": [],
        "defaults": []
    },
    "24": {
        "class": "Isotope",
        "ID": 24,
        "element": "Y",
        "infexes": [],
        "freedom": 0,
        "max_count": 5,
        "options": [],
        "defaults": []
    },
    "25": {
        "class": "Isotope",
        "ID": 25,
        "element": "Y",
        "infexes": [],
        "freedom": 0,
        "max_count": 1,
        "options": [],
        "defaults": []
    },
    "26": {
        "class": "Isotope",
        "ID": 26,
        "element": "Y",
        "infexes": [],
        "freedom": 0,
        "max_count": 24,
        "options": [],
        "defaults": []
    },
    "27": {
        "class": "Isotope",
        "ID": 27,
        "element": "Y",
        "infexes": [],
        "freedom": 0,
        "max_count": 46,
        "options": [],
        "defaults": []
    },
    "28": {
        "class": "Isotope",
        "ID": 28,
        "element": "Y",
        "infexes": [],
        "freedom": 0,
        "max_count": 9,
        "options": [],
        "defaults": []
    },
    "29": {
        "class": "Isotope",
        "ID": 29,
        "element": "Y",
        "infexes": [],
        "freedom": 0,
        "max_count": 19,
        "options": [],
        "defaults": []
    },
    "30": {
        "class": "Isotope",
        "ID": 30,
        "element": "Y",
        "infexes": [],
        "freedom": 0,
        "max_count": 29,
        "options": [],
        "defaults": []
    },
    "31": {
        "class": "Isotope",
        "ID": 31,
        "element": "Y",
        "infexes": [],
        "freedom": 0,
        "max_count": 13,
        "options": [],
        "defaults": []
    },
    "32": {
        "class": "Isotope",
        "ID": 32,
        "element": "Y",
        "infexes": [],
        "freedom": 0,
        "max_count": 3,
        "options": [],
        "defaults": []
    },
    "33": {
        "class": "Isotope",
        "ID": 33,
        "element": "Y",
        "infexes": [],
        "freedom": 0,
        "max_count": 2,
        "options": [],
        "defaults": []
    },
    "34": {
        "class": "Isotope",
        "ID": 34,
        "element": "IT",
        "infexes": [],
        "freedom": 0,
        "max_count": 15,
        "options": [
            [
                46,
                38,
                71,
                54,
                39
            ]
        ],
        "defaults": [
            [
                46,
                38,
                71,
                54,
                39
            ]
        ]
    },
    "35": {
        "class": "Isotope",
        "ID": 35,
        "element": "IT",
        "infexes": [],
        "freedom": 0,
        "max_count": 52,
        "options": [
            [
                71,
                24,
                10,
                44,
                70
            ]
        ],
        "defaults": [
            [
                71,
                24,
                10,
                44,
                70
            ]
        ]
    },
    "36": {
        "class": "Isotope",
        "ID": 36,
        "element": "POWER",
        "infexes": [],
        "freedom": 0,
        "max_count": 19,
        "options": [
            [
                39,
                23
            ]
        ],
        "defaults": [
            [
                39,
                23
            ]
        ]
    },
    "37": {
        "class": "Isotope",
        "ID": 37,
        "element": "MINX",
        "infexes": [
            2,
            10
        ],
        "freedom": 0.42855961337320697,
        "max_count": 18,
        "options": [
            [
                35,
                24,
                24,
                8,
                54,
                8
            ],
            [
                69,
                34,
                46,
                66,
                32,
                68,
                40,
                51,
                34,
                64
            ]
        ],
        "defaults": [
            [
                35,
                24,
                24,
                8,
                54,
                8
            ]
        ]
    },
    "38": {
        "class": "Isotope",
        "ID": 38,
        "element": "SIN",
        "infexes": [],
        "freedom": 0,
        "max_count": 2,
        "options": [
            [
                14
            ]
        ],
        "defaults": [
            [
                14
            ]
        ]
    },
    "39": {
        "class": "Isotope",
        "ID": 39,
        "element": "SIN",
        "infexes": [],
        "freedom": 0,
        "max_count": 6,
        "options": [
            [
                19
            ]
        ],
        "defaults": [
            [
                19
            ]
        ]
    },
    "40": {
        "class": "Isotope",
        "ID": 40,
        "element": "AMEAN",
        "infexes": [
            6,
            6
        ],
        "freedom": 0.4564429925969391,
        "max_count": 7,
        "options": [
            [
                13,
                70,
                70,
                9,
                54,
                45
            ],
            [
                40,
                61,
                30,
                59,
                63,
                18
            ]
        ],
        "defaults": [
            [
                13,
                70,
                70,
                9,
                54,
                45
            ]
        ]
    },
    "41": {
        "class": "Isotope",
        "ID": 41,
        "element": "SPIN",
        "infexes": [],
        "freedom": 0.2210701006141671,
        "max_count": 8,
        "options": [
            [
                14,
                11,
                14
            ],
            [
                71,
                57,
                14
            ]
        ],
        "defaults": [
            [
                14,
                11,
                14
            ]
        ]
    },
    "42": {
        "class": "Isotope",
        "ID": 42,
        "element": "SPIN",
        "infexes": [],
        "freedom": 0.2639855486109255,
        "max_count": 9,
        "options": [
            [
                16,
                32,
                10
            ],
            [
                37,
                37,
                55
            ]
        ],
        "defaults": [
            [
                16,
                32,
                10
            ]
        ]
    },
    "43": {
        "class": "Isotope",
        "ID": 43,
        "element": "POW",
        "infexes": [],
        "freedom": 0,
        "max_count": 11,
        "options": [
            [
                11
            ]
        ],
        "defaults": [
            [
                11
            ]
        ]
    },
    "44": {
        "class": "Isotope",
        "ID": 44,
        "element": "SIN",
        "infexes": [],
        "freedom": 0.26190262810471127,
        "max_count": 1,
        "options": [
            [
                46
            ],
            [
                47
            ]
        ],
        "defaults": [
            [
                46
            ],
            [
                47
            ]
        ]
    },
    "45": {
        "class": "Isotope",
        "ID": 45,
        "element": "SIN",
        "infexes": [],
        "freedom": 0,
        "max_count": 30,
        "options": [
            [
                51
            ]
        ],
        "defaults": [
            [
                51
            ]
        ]
    },
    "46": {
        "class": "Isotope",
        "ID": 46,
        "element": "ARCFAN",
        "infexes": [],
        "freedom": 0,
        "max_count": 173,
        "options": [
            [
                43,
                47
            ]
        ],
        "defaults": [
            [
                43,
                47
            ]
        ]
    },
    "47": {
        "class": "Isotope",
        "ID": 47,
        "element": "MINX",
        "infexes": [
            2,
            2
        ],
        "freedom": 0,
        "max_count": 27,
        "options": [
            [
                31,
                10
            ]
        ],
        "defaults": [
            [
                31,
                10
            ]
        ]
    },
    "48": {
        "class": "Isotope",
        "ID": 48,
        "element": "IT",
        "infexes": [],
        "freedom": 0.07473872958861971,
        "max_count": 26,
        "options": [
            [
                67,
                29,
                46,
                41,
                51
            ],
            [
                23,
                71,
                18,
                20,
                22
            ]
        ],
        "defaults": [
            [
                23,
                71,
                18,
                20,
                22
            ]
        ]
    },
    "49": {
        "class": "Isotope",
        "ID": 49,
        "element": "RAND",
        "infexes": [],
        "freedom": 0.23450631160167804,
        "max_count": 30,
        "options": [
            [
                48
            ],
            [
                24
            ],
            [
                26
            ]
        ],
        "defaults": [
            [
                26
            ]
        ]
    },
    "50": {
        "class": "Isotope",
        "ID": 50,
        "element": "POWER",
        "infexes": [],
        "freedom": 0,
        "max_count": 39,
        "options": [
            [
                26,
                21
            ]
        ],
        "defaults": [
            [
                26,
                21
            ]
        ]
    },
    "51": {
        "class": "Isotope",
        "ID": 51,
        "element": "SPIN",
        "infexes": [],
        "freedom": 0,
        "max_count": 16,
        "options": [
            [
                50,
                66,
                25
            ]
        ],
        "defaults": [
            [
                50,
                66,
                25
            ]
        ]
    },
    "52": {
        "class": "Isotope",
        "ID": 52,
        "element": "AMEAN",
        "infexes": [
            3,
            4
        ],
        "freedom": 0.35509210542506137,
        "max_count": 16,
        "options": [
            [
                53,
                45,
                43,
                48
            ],
            [
                53,
                22,
                39
            ],
            [
                33,
                39,
                45,
                31
            ]
        ],
        "defaults": [
            [
                53,
                22,
                39
            ]
        ]
    },
    "53": {
        "class": "Isotope",
        "ID": 53,
        "element": "GMEAN",
        "infexes": [
            3,
            6
        ],
        "freedom": 0,
        "max_count": 26,
        "options": [
            [
                16,
                21,
                20,
                9,
                28,
                32
            ]
        ],
        "defaults": [
            [
                16,
                21,
                20,
                9,
                28,
                32
            ]
        ]
    },
    "54": {
        "class": "Isotope",
        "ID": 54,
        "element": "ARCFAN",
        "infexes": [],
        "freedom": 0,
        "max_count": 1,
        "options": [
            [
                23,
                16
            ]
        ],
        "defaults": [
            [
                23,
                16
            ]
        ]
    },
    "55": {
        "class": "Isotope",
        "ID": 55,
        "element": "MINX",
        "infexes": [
            2,
            2
        ],
        "freedom": 0,
        "max_count": 25,
        "options": [
            [
                36,
                30
            ]
        ],
        "defaults": [
            [
                36,
                30
            ]
        ]
    },
    "56": {
        "class": "Isotope",
        "ID": 56,
        "element": "IT",
        "infexes": [],
        "freedom": 0.4058549222078332,
        "max_count": 37,
        "options": [
            [
                32,
                48,
                22,
                16,
                26
            ],
            [
                15,
                27,
                70,
                15,
                16
            ]
        ],
        "defaults": [
            [
                15,
                27,
                70,
                15,
                16
            ]
        ]
    },
    "57": {
        "class": "Isotope",
        "ID": 57,
        "element": "ARCFAN",
        "infexes": [],
        "freedom": 0.06490683474078285,
        "max_count": 43,
        "options": [
            [
                49,
                42
            ],
            [
                17,
                31
            ]
        ],
        "defaults": [
            [
                17,
                31
            ]
        ]
    },
    "58": {
        "class": "Isotope",
        "ID": 58,
        "element": "POW",
        "infexes": [],
        "freedom": 0.31019408806898513,
        "max_count": 16,
        "options": [
            [
                55
            ],
            [
                56
            ]
        ],
        "defaults": [
            [
                55
            ]
        ]
    },
    "59": {
        "class": "Isotope",
        "ID": 59,
        "element": "POW",
        "infexes": [],
        "freedom": 0.49949662279849205,
        "max_count": 67,
        "options": [
            [
                58
            ],
            [
                54
            ],
            [
                56
            ]
        ],
        "defaults": [
            [
                54
            ]
        ]
    },
    "60": {
        "class": "Isotope",
        "ID": 60,
        "element": "SIN",
        "infexes": [],
        "freedom": 0.4117138816503698,
        "max_count": 40,
        "options": [
            [
                58
            ],
            [
                55
            ]
        ],
        "defaults": [
            [
                55
            ]
        ]
    },
    "61": {
        "class": "Isotope",
        "ID": 61,
        "element": "SPIN",
        "infexes": [],
        "freedom": 0.4773632006040533,
        "max_count": 1,
        "options": [
            [
                54,
                26,
                47
            ],
            [
                37,
                54,
                47
            ]
        ],
        "defaults": [
            [
                54,
                26,
                47
            ]
        ]
    },
    "62": {
        "class": "Isotope",
        "ID": 62,
        "element": "MINX",
        "infexes": [
            2,
            4
        ],
        "freedom": 0,
        "max_count": 22,
        "options": [
            [
                65,
                12,
                33,
                54
            ]
        ],
        "defaults": [
            [
                65,
                12,
                33,
                54
            ]
        ]
    },
    "63": {
        "class": "Isotope",
        "ID": 63,
        "element": "INV",
        "infexes": [],
        "freedom": 0.43242980039787415,
        "max_count": 9,
        "options": [
            [
                62
            ],
            [
                63
            ]
        ],
        "defaults": [
            [
                62
            ]
        ]
    },
    "64": {
        "class": "Isotope",
        "ID": 64,
        "element": "SIN",
        "infexes": [],
        "freedom": 0.47396519966740513,
        "max_count": 107,
        "options": [
            [
                57
            ],
            [
                59
            ],
            [
                62
            ]
        ],
        "defaults": [
            [
                62
            ]
        ]
    },
    "65": {
        "class": "Isotope",
        "ID": 65,
        "element": "SIN",
        "infexes": [],
        "freedom": 0,
        "max_count": 46,
        "options": [
            [
                8
            ]
        ],
        "defaults": [
            [
                8
            ]
        ]
    },
    "66": {
        "class": "Isotope",
        "ID": 66,
        "element": "GMEAN",
        "infexes": [
            2,
            5
        ],
        "freedom": 0,
        "max_count": 15,
        "options": [
            [
                33,
                50,
                13,
                36,
                26
            ]
        ],
        "defaults": [
            [
                33,
                50,
                13,
                36,
                26
            ]
        ]
    },
    "67": {
        "class": "Isotope",
        "ID": 67,
        "element": "RAND",
        "infexes": [],
        "freedom": 0,
        "max_count": 16,
        "options": [
            [
                24
            ]
        ],
        "defaults": [
            [
                24
            ]
        ]
    },
    "68": {
        "class": "Isotope",
        "ID": 68,
        "element": "MINX",
        "infexes": [
            4,
            6
        ],
        "freedom": 0.2902655620260244,
        "max_count": 32,
        "options": [
            [
                33,
                57,
                13,
                60,
                69,
                52
            ],
            [
                44,
                53,
                38,
                31,
                62
            ]
        ],
        "defaults": [
            [
                44,
                53,
                38,
                31,
                62
            ]
        ]
    },
    "69": {
        "class": "Isotope",
        "ID": 69,
        "element": "RAND",
        "infexes": [],
        "freedom": 0.482282716747661,
        "max_count": 4,
        "options": [
            [
                62
            ],
            [
                65
            ]
        ],
        "defaults": [
            [
                62
            ],
            [
                65
            ]
        ]
    },
    "70": {
        "class": "Isotope",
        "ID": 70,
        "element": "POW",
        "infexes": [],
        "freedom": 0,
        "max_count": 33,
        "options": [
            [
                17
            ]
        ],
        "defaults": [
            [
                17
            ]
        ]
    },
    "71": {
        "class": "Isotope",
        "ID": 71,
        "element": "POWER",
        "infexes": [],
        "freedom": 0,
        "max_count": 11,
        "options": [
            [
                29,
                36
            ]
        ],
        "defaults": [
            [
                29,
                36
            ]
        ]
    }
}