{
    "0": {
        "class": "Isotope",
        "ID": 0,
        "element": "ROOT_MAIN",
        "infexes": [],
        "freedom": 0.2429297549761553,
        "max_count": 1,
        "options": [
            [
                62
            ],
            [
                49
            ]
        ],
        "defaults": [
            [
                49
            ]
        ]
    },
    "1": {
        "class": "Isotope",
        "ID": 1,
        "element": "ROOT_HUE",
        "infexes": [],
        "freedom": 0.2131988295987209,
        "max_count": 1,
        "options": [
            [
                49
            ],
            [
                61
            ]
        ],
        "defaults": [
            [
                49
            ]
        ]
    },
    "2": {
        "class": "Isotope",
        "ID": 2,
        "element": "ROOT_SAT",
        "infexes": [],
        "freedom": 0.19400729048728435,
        "max_count": 1,
        "options": [
            [
                58
            ],
            [
                49
            ]
        ],
        "defaults": [
            [
                49
            ]
        ]
    },
    "3": {
        "class": "Isotope",
        "ID": 3,
        "element": "ROOT_VAL",
        "infexes": [],
        "freedom": 0.42040179213671525,
        "max_count": 1,
        "options": [
            [
                49
            ],
            [
                57
            ]
        ],
        "defaults": [
            [
                49
            ]
        ]
    },
    "4": {
        "class": "Isotope",
        "ID": 4,
        "element": "ROOT_PAL",
        "infexes": [],
        "freedom": 0.7822612646135777,
        "max_count": 1,
        "options": [
            [
                51
            ],
            [
                49
            ]
        ],
        "defaults": [
            [
                49
            ]
        ]
    },
    "5": {
        "class": "Isotope",
        "ID": 5,
        "element": "ROOT_GRAD",
        "infexes": [],
        "freedom": 0.4021162852428427,
        "max_count": 1,
        "options": [
            [
                59
            ],
            [
                49
            ]
        ],
        "defaults": [
            [
                49
            ]
        ]
    },
    "6": {
        "class": "Isotope",
        "ID": 6,
        "element": "ROOT_TARGET",
        "infexes": [],
        "freedom": 0.5825621306110859,
        "max_count": 1,
        "options": [
            [
                49
            ],
            [
                54
            ]
        ],
        "defaults": [
            [
                49
            ]
        ]
    },
    "7": {
        "class": "Isotope",
        "ID": 7,
        "element": "ROOT_AIM",
        "infexes": [],
        "freedom": 0.34234466251453044,
        "max_count": 1,
        "options": [
            [
                54
            ],
            [
                53
            ],
            [
                49
            ],
            [
                62
            ],
            [
                49
            ],
            [
                54
            ],
            [
                54
            ]
        ],
        "defaults": [
            [
                49
            ]
        ]
    },
    "8": {
        "class": "Isotope",
        "ID": 8,
        "element": "X",
        "infexes": [],
        "freedom": 0,
        "max_count": 9,
        "options": [],
        "defaults": []
    },
    "9": {
        "class": "Isotope",
        "ID": 9,
        "element": "X",
        "infexes": [],
        "freedom": 0,
        "max_count": 133,
        "options": [],
        "defaults": []
    },
    "10": {
        "class": "Isotope",
        "ID": 10,
        "element": "X",
        "infexes": [],
        "freedom": 0,
        "max_count": 5,
        "options": [],
        "defaults": []
    },
    "11": {
        "class": "Isotope",
        "ID": 11,
        "element": "X",
        "infexes": [],
        "freedom": 0,
        "max_count": 29,
        "options": [],
        "defaults": []
    },
    "12": {
        "class": "Isotope",
        "ID": 12,
        "element": "X",
        "infexes": [],
        "freedom": 0,
        "max_count": 16,
        "options": [],
        "defaults": []
    },
    "13": {
        "class": "Isotope",
        "ID": 13,
        "element": "X",
        "infexes": [],
        "freedom": 0,
        "max_count": 24,
        "options": [],
        "defaults": []
    },
    "14": {
        "class": "Isotope",
        "ID": 14,
        "element": "X",
        "infexes": [],
        "freedom": 0,
        "max_count": 1,
        "options": [],
        "defaults": []
    },
    "15": {
        "class": "Isotope",
        "ID": 15,
        "element": "X",
        "infexes": [],
        "freedom": 0,
        "max_count": 54,
        "options": [],
        "defaults": []
    },
    "16": {
        "class": "Isotope",
        "ID": 16,
        "element": "X",
        "infexes": [],
        "freedom": 0,
        "max_count": 12,
        "options": [],
        "defaults": []
    },
    "17": {
        "class": "Isotope",
        "ID": 17,
        "element": "X",
        "infexes": [],
        "freedom": 0,
        "max_count": 19,
        "options": [],
        "defaults": []
    },
    "18": {
        "class": "Isotope",
        "ID": 18,
        "element": "X",
        "infexes": [],
        "freedom": 0,
        "max_count": 39,
        "options": [],
        "defaults": []
    },
    "19": {
        "class": "Isotope",
        "ID": 19,
        "element": "X",
        "infexes": [],
        "freedom": 0,
        "max_count": 33,
        "options": [],
        "defaults": []
    },
    "20": {
        "class": "Isotope",
        "ID": 20,
        "element": "X",
        "infexes": [],
        "freedom": 0,
        "max_count": 11,
        "options": [],
        "defaults": []
    },
    "21": {
        "class": "Isotope",
        "ID": 21,
        "element": "Y",
        "infexes": [],
        "freedom": 0,
        "max_count": 49,
        "options": [],
        "defaults": []
    },
    "22": {
        "class": "Isotope",
        "ID": 22,
        "element": "Y",
        "infexes": [],
        "freedom": 0,
        "max_count": 23,
        "options": [],
        "defaults": []
    },
    "23": {
        "class": "Isotope",
        "ID": 23,
        "element": "Y",
        "infexes": [],
        "freedom": 0,
        "max_count": 18,
        "options": [],
        "defaults": []
    },
    "24": {
        "class": "Isotope",
        "ID": 24,
        "element": "Y",
        "infexes": [],
        "freedom": 0,
        "max_count": 10,
        "options": [],
        "defaults": []
    },
    "25": {
        "class": "Isotope",
        "ID": 25,
        "element": "Y",
        "infexes": [],
        "freedom": 0,
        "max_count": 55,
        "options": [],
        "defaults": []
    },
    "26": {
        "class": "Isotope",
        "ID": 26,
        "element": "Y",
        "infexes": [],
        "freedom": 0,
        "max_count": 28,
        "options": [],
        "defaults": []
    },
    "27": {
        "class": "Isotope",
        "ID": 27,
        "element": "Y",
        "infexes": [],
        "freedom": 0,
        "max_count": 120,
        "options": [],
        "defaults": []
    },
    "28": {
        "class": "Isotope",
        "ID": 28,
        "element": "Y",
        "infexes": [],
        "freedom": 0,
        "max_count": 13,
        "options": [],
        "defaults": []
    },
    "29": {
        "class": "Isotope",
        "ID": 29,
        "element": "Y",
        "infexes": [],
        "freedom": 0,
        "max_count": 22,
        "options": [],
        "defaults": []
    },
    "30": {
        "class": "Isotope",
        "ID": 30,
        "element": "Y",
        "infexes": [],
        "freedom": 0,
        "max_count": 43,
        "options": [],
        "defaults": []
    },
    "31": {
        "class": "Isotope",
        "ID": 31,
        "element": "SPIN",
        "infexes": [],
        "freedom": 0.2505997119178564,
        "max_count": 26,
        "options": [
            [
                14,
                12,
                26
            ],
            [
                39,
                19,
                26
            ]
        ],
        "defaults": [
            [
                14,
                12,
                26
            ]
        ]
    },
    "32": {
        "class": "Isotope",
        "ID": 32,
        "element": "GMEAN",
        "infexes": [
            2,
            4
        ],
        "freedom": 0.18716671434005527,
        "max_count": 3,
        "options": [
            [
                15,
                58,
                45,
                8
            ],
            [
                20,
                8,
                21,
                45
            ],
            [
                17,
                11,
                14,
                11
            ]
        ],
        "defaults": [
            [
                17,
                11,
                14,
                11
            ]
        ]
    },
    "33": {
        "class": "Isotope",
        "ID": 33,
        "element": "ARCFAN",
        "infexes": [],
        "freedom": 0.31722977140937153,
        "max_count": 148,
        "options": [
            [
                33,
                40
            ],
            [
                24,
                19
            ],
            [
                41,
                66
            ]
        ],
        "defaults": [
            [
                41,
                66
            ]
        ]
    },
    "34": {
        "class": "Isotope",
        "ID": 34,
        "element": "SIN",
        "infexes": [],
        "freedom": 0.5240576895681226,
        "max_count": 27,
        "options": [
            [
                34
            ],
            [
                14
            ]
        ],
        "defaults": [
            [
                14
            ]
        ]
    },
    "35": {
        "class": "Isotope",
        "ID": 35,
        "element": "AMEAN",
        "infexes": [
            2,
            4
        ],
        "freedom": 0.5165249611576795,
        "max_count": 3,
        "options": [
            [
                11,
                12
            ],
            [
                24,
                36,
                63,
                51
            ]
        ],
        "defaults": [
            [
                11,
                12
            ]
        ]
    },
    "36": {
        "class": "Isotope",
        "ID": 36,
        "element": "INV",
        "infexes": [],
        "freedom": 0.9919315516433509,
        "max_count": 4,
        "options": [
            [
                11
            ],
            [
                41
            ],
            [
                34
            ]
        ],
        "defaults": [
            [
                41
            ]
        ]
    },
    "37": {
        "class": "Isotope",
        "ID": 37,
        "element": "SPIN",
        "infexes": [],
        "freedom": 0.2026404793169997,
        "max_count": 16,
        "options": [
            [
                8,
                66,
                28
            ],
            [
                27,
                36,
                50
            ]
        ],
        "defaults": [
            [
                8,
                66,
                28
            ]
        ]
    },
    "38": {
        "class": "Isotope",
        "ID": 38,
        "element": "POWER",
        "infexes": [],
        "freedom": 0.5016289407780347,
        "max_count": 12,
        "options": [
            [
                13,
                21
            ],
            [
                38,
                41
            ]
        ],
        "defaults": [
            [
                13,
                21
            ]
        ]
    },
    "39": {
        "class": "Isotope",
        "ID": 39,
        "element": "SPIN",
        "infexes": [],
        "freedom": 0.24206725233402884,
        "max_count": 12,
        "options": [
            [
                41,
                22,
                29
            ],
            [
                17,
                11,
                39
            ]
        ],
        "defaults": [
            [
                41,
                22,
                29
            ]
        ]
    },
    "40": {
        "class": "Isotope",
        "ID": 40,
        "element": "GMEAN",
        "infexes": [
            2,
            8
        ],
        "freedom": 0.204950364902664,
        "max_count": 19,
        "options": [
            [
                17,
                46,
                16,
                59,
                40,
                23,
                63,
                44
            ],
            [
                10,
                18,
                22,
                26
            ]
        ],
        "defaults": [
            [
                10,
                18,
                22,
                26
            ]
        ]
    },
    "41": {
        "class": "Isotope",
        "ID": 41,
        "element": "POW",
        "infexes": [],
        "freedom": 0,
        "max_count": 7,
        "options": [
            [
                20
            ]
        ],
        "defaults": [
            [
                20
            ]
        ]
    },
    "42": {
        "class": "Isotope",
        "ID": 42,
        "element": "SIN",
        "infexes": [],
        "freedom": 0.261557109703183,
        "max_count": 8,
        "options": [
            [
                15
            ],
            [
                31
            ]
        ],
        "defaults": [
            [
                15
            ]
        ]
    },
    "43": {
        "class": "Isotope",
        "ID": 43,
        "element": "POWER",
        "infexes": [],
        "freedom": 0,
        "max_count": 12,
        "options": [
            [
                12,
                17
            ]
        ],
        "defaults": [
            [
                12,
                17
            ]
        ]
    },
    "44": {
        "class": "Isotope",
        "ID": 44,
        "element": "SPIN",
        "infexes": [],
        "freedom": 0.21123817335991923,
        "max_count": 30,
        "options": [
            [
                45,
                59,
                29
            ],
            [
                30,
                18,
                19
            ]
        ],
        "defaults": [
            [
                30,
                18,
                19
            ]
        ]
    },
    "45": {
        "class": "Isotope",
        "ID": 45,
        "element": "SIN",
        "infexes": [],
        "freedom": 0.5384154636130273,
        "max_count": 3,
        "options": [
            [
                23
            ],
            [
                46
            ],
            [
                21
            ],
            [
                25
            ]
        ],
        "defaults": [
            [
                25
            ]
        ]
    },
    "46": {
        "class": "Isotope",
        "ID": 46,
        "element": "POWER",
        "infexes": [],
        "freedom": 0.12741134450978123,
        "max_count": 35,
        "options": [
            [
                22,
                24
            ],
            [
                24,
                46
            ]
        ],
        "defaults": [
            [
                22,
                24
            ]
        ]
    },
    "47": {
        "class": "Isotope",
        "ID": 47,
        "element": "MINX",
        "infexes": [
            2,
            2
        ],
        "freedom": 0.22483950912940465,
        "max_count": 45,
        "options": [
            [
                21,
                66
            ],
            [
                65,
                30
            ],
            [
                39,
                46
            ]
        ],
        "defaults": [
            [
                21,
                66
            ]
        ]
    },
    "48": {
        "class": "Isotope",
        "ID": 48,
        "element": "GMEAN",
        "infexes": [
            2,
            3
        ],
        "freedom": 0.22440871717244998,
        "max_count": 7,
        "options": [
            [
                48,
                49,
                43
            ],
            [
                29,
                15
            ]
        ],
        "defaults": [
            [
                29,
                15
            ]
        ]
    },
    "49": {
        "class": "Isotope",
        "ID": 49,
        "element": "SPIN",
        "infexes": [],
        "freedom": 0,
        "max_count": 1,
        "options": [
            [
                11,
                27,
                8
            ]
        ],
        "defaults": [
            [
                11,
                27,
                8
            ]
        ]
    },
    "50": {
        "class": "Isotope",
        "ID": 50,
        "element": "SPIN",
        "infexes": [],
        "freedom": 0.24111646698769554,
        "max_count": 16,
        "options": [
            [
                17,
                58,
                24
            ],
            [
                15,
                45,
                61
            ],
            [
                9,
                21,
                43
            ]
        ],
        "defaults": [
            [
                9,
                21,
                43
            ]
        ]
    },
    "51": {
        "class": "Isotope",
        "ID": 51,
        "element": "GMEAN",
        "infexes": [
            3,
            8
        ],
        "freedom": 0.5699270926957005,
        "max_count": 23,
        "options": [
            [
                61,
                53,
                32,
                22,
                21,
                48,
                55,
                11
            ],
            [
                49,
                25,
                21,
                14
            ]
        ],
        "defaults": [
            [
                49,
                25,
                21,
                14
            ]
        ]
    },
    "52": {
        "class": "Isotope",
        "ID": 52,
        "element": "GMEAN",
        "infexes": [
            3,
            6
        ],
        "freedom": 0.4132385115095062,
        "max_count": 9,
        "options": [
            [
                49,
                66,
                66,
                18,
                27
            ],
            [
                53,
                44,
                61,
                61,
                31,
                61
            ]
        ],
        "defaults": [
            [
                49,
                66,
                66,
                18,
                27
            ]
        ]
    },
    "53": {
        "class": "Isotope",
        "ID": 53,
        "element": "SPIN",
        "infexes": [],
        "freedom": 0.21627297906613713,
        "max_count": 12,
        "options": [
            [
                48,
                54,
                37
            ],
            [
                49,
                29,
                64
            ],
            [
                55,
                43,
                25
            ],
            [
                46,
                47,
                59
            ],
            [
                23,
                30,
                58
            ],
            [
                57,
                52,
                35
            ],
            [
                28,
                58,
                47
            ],
            [
                57,
                17,
                45
            ],
            [
                42,
                51,
                9
            ]
        ],
        "defaults": [
            [
                49,
                29,
                64
            ]
        ]
    },
    "54": {
        "class": "Isotope",
        "ID": 54,
        "element": "SPIN",
        "infexes": [],
        "freedom": 0.5451791480642658,
        "max_count": 9,
        "options": [
            [
                24,
                59,
                33
            ],
            [
                49,
                64,
                30
            ]
        ],
        "defaults": [
            [
                49,
                64,
                30
            ]
        ]
    },
    "55": {
        "class": "Isotope",
        "ID": 55,
        "element": "SPIN",
        "infexes": [],
        "freedom": 0.07696263462561201,
        "max_count": 8,
        "options": [
            [
                29,
                55,
                68
            ],
            [
                21,
                53,
                21
            ],
            [
                49,
                13,
                28
            ]
        ],
        "defaults": [
            [
                49,
                13,
                28
            ]
        ]
    },
    "56": {
        "class": "Isotope",
        "ID": 56,
        "element": "GMEAN",
        "infexes": [
            4,
            8
        ],
        "freedom": 0.12758157556067126,
        "max_count": 33,
        "options": [
            [
                10,
                16,
                22,
                12,
                49,
                30,
                50,
                11
            ],
            [
                49,
                43,
                18,
                49,
                22,
                16
            ]
        ],
        "defaults": [
            [
                49,
                43,
                18,
                49,
                22,
                16
            ]
        ]
    },
    "57": {
        "class": "Isotope",
        "ID": 57,
        "element": "GMEAN",
        "infexes": [
            2,
            3
        ],
        "freedom": 0.4013973995852507,
        "max_count": 9,
        "options": [
            [
                64,
                60,
                22
            ],
            [
                49,
                24
            ],
            [
                38,
                57,
                17
            ]
        ],
        "defaults": [
            [
                49,
                24
            ]
        ]
    },
    "58": {
        "class": "Isotope",
        "ID": 58,
        "element": "GMEAN",
        "infexes": [
            3,
            3
        ],
        "freedom": 0.476539264991599,
        "max_count": 6,
        "options": [
            [
                57,
                17,
                21
            ],
            [
                49,
                17,
                25
            ]
        ],
        "defaults": [
            [
                49,
                17,
                25
            ]
        ]
    },
    "59": {
        "class": "Isotope",
        "ID": 59,
        "element": "SPIN",
        "infexes": [],
        "freedom": 0.2505916040801914,
        "max_count": 15,
        "options": [
            [
                56,
                54,
                29
            ],
            [
                49,
                16,
                24
            ]
        ],
        "defaults": [
            [
                49,
                16,
                24
            ]
        ]
    },
    "60": {
        "class": "Isotope",
        "ID": 60,
        "element": "SPIN",
        "infexes": [],
        "freedom": 0.3090618230773165,
        "max_count": 82,
        "options": [
            [
                49,
                17,
                30
            ],
            [
                60,
                54,
                26
            ]
        ],
        "defaults": [
            [
                49,
                17,
                30
            ]
        ]
    },
    "61": {
        "class": "Isotope",
        "ID": 61,
        "element": "GMEAN",
        "infexes": [
            2,
            4
        ],
        "freedom": 0.05811887040823057,
        "max_count": 7,
        "options": [
            [
                49,
                49,
                49
            ],
            [
                11,
                60,
                10,
                29
            ]
        ],
        "defaults": [
            [
                49,
                49,
                49
            ]
        ]
    },
    "62": {
        "class": "Isotope",
        "ID": 62,
        "element": "SIGMOID",
        "infexes": [],
        "freedom": 0.16545970774765917,
        "max_count": 2,
        "options": [
            [
                49
            ],
            [
                55
            ]
        ],
        "defaults": [
            [
                49
            ]
        ]
    },
    "63": {
        "class": "Isotope",
        "ID": 63,
        "element": "SPIN",
        "infexes": [],
        "freedom": 0.8587480887775393,
        "max_count": 12,
        "options": [
            [
                21,
                66,
                41
            ],
            [
                62,
                52,
                51
            ]
        ],
        "defaults": [
            [
                21,
                66,
                41
            ]
        ]
    },
    "64": {
        "class": "Isotope",
        "ID": 64,
        "element": "ARCFAN",
        "infexes": [],
        "freedom": 0,
        "max_count": 182,
        "options": [
            [
                11,
                14
            ]
        ],
        "defaults": [
            [
                11,
                14
            ]
        ]
    },
    "65": {
        "class": "Isotope",
        "ID": 65,
        "element": "SIN",
        "infexes": [],
        "freedom": 0.23129629805584462,
        "max_count": 38,
        "options": [
            [
                42
            ],
            [
                13
            ]
        ],
        "defaults": [
            [
                13
            ]
        ]
    },
    "66": {
        "class": "Isotope",
        "ID": 66,
        "element": "INV",
        "infexes": [],
        "freedom": 0,
        "max_count": 8,
        "options": [
            [
                15
            ]
        ],
        "defaults": [
            [
                15
            ]
        ]
    },
    "67": {
        "class": "Isotope",
        "ID": 67,
        "element": "GMEAN",
        "infexes": [
            3,
            4
        ],
        "freedom": 0.6111099130689188,
        "max_count": 59,
        "options": [
            [
                26,
                8,
                41,
                9
            ],
            [
                31,
                43,
                60,
                41
            ]
        ],
        "defaults": [
            [
                26,
                8,
                41,
                9
            ]
        ]
    },
    "68": {
        "class": "Isotope",
        "ID": 68,
        "element": "AMEAN",
        "infexes": [
            2,
            3
        ],
        "freedom": 0.2199331326484721,
        "max_count": 25,
        "options": [
            [
                13,
                67,
                22
            ],
            [
                43,
                12,
                49
            ],
            [
                13,
                27,
                69
            ]
        ],
        "defaults": [
            [
                43,
                12,
                49
            ]
        ]
    },
    "69": {
        "class": "Isotope",
        "ID": 69,
        "element": "POWER",
        "infexes": [],
        "freedom": 0.4904710997051538,
        "max_count": 78,
        "options": [
            [
                8,
                33
            ],
            [
                19,
                15
            ]
        ],
        "defaults": [
            [
                19,
                15
            ]
        ]
    }
}