{
    "0": {
        "class": "Isotope",
        "ID": 0,
        "element": "ROOT_MAIN",
        "infexes": [],
        "freedom": 0.40843485856560613,
        "max_count": 1,
        "options": [
            [
                134
            ],
            [
                148
            ],
            [
                140
            ],
            [
                154
            ]
        ],
        "defaults": [
            [
                154
            ]
        ]
    },
    "1": {
        "class": "Isotope",
        "ID": 1,
        "element": "ROOT_HUE",
        "infexes": [],
        "freedom": 0.13928793145379553,
        "max_count": 1,
        "options": [
            [
                154
            ],
            [
                143
            ]
        ],
        "defaults": [
            [
                154
            ]
        ]
    },
    "2": {
        "class": "Isotope",
        "ID": 2,
        "element": "ROOT_SAT",
        "infexes": [],
        "freedom": 0.5035175121401623,
        "max_count": 1,
        "options": [
            [
                154
            ],
            [
                147
            ]
        ],
        "defaults": [
            [
                154
            ]
        ]
    },
    "3": {
        "class": "Isotope",
        "ID": 3,
        "element": "ROOT_VAL",
        "infexes": [],
        "freedom": 0.465197329751475,
        "max_count": 1,
        "options": [
            [
                134
            ],
            [
                154
            ]
        ],
        "defaults": [
            [
                154
            ]
        ]
    },
    "4": {
        "class": "Isotope",
        "ID": 4,
        "element": "ROOT_PAL",
        "infexes": [],
        "freedom": 0.32278458269699445,
        "max_count": 1,
        "options": [
            [
                132
            ],
            [
                129
            ],
            [
                148
            ]
        ],
        "defaults": [
            [
                129
            ]
        ]
    },
    "5": {
        "class": "Isotope",
        "ID": 5,
        "element": "ROOT_GRAD",
        "infexes": [],
        "freedom": 0.42392178006193865,
        "max_count": 1,
        "options": [
            [
                133
            ],
            [
                138
            ],
            [
                149
            ],
            [
                130
            ],
            [
                131
            ],
            [
                129
            ]
        ],
        "defaults": [
            [
                129
            ]
        ]
    },
    "6": {
        "class": "Isotope",
        "ID": 6,
        "element": "ROOT_TARGET",
        "infexes": [],
        "freedom": 0.39752129046676976,
        "max_count": 1,
        "options": [
            [
                129
            ],
            [
                150
            ]
        ],
        "defaults": [
            [
                129
            ]
        ]
    },
    "7": {
        "class": "Isotope",
        "ID": 7,
        "element": "ROOT_AIM",
        "infexes": [],
        "freedom": 0.40359556203451635,
        "max_count": 1,
        "options": [
            [
                154
            ],
            [
                151
            ],
            [
                129
            ]
        ],
        "defaults": [
            [
                154
            ]
        ]
    },
    "8": {
        "class": "Isotope",
        "ID": 8,
        "element": "X",
        "infexes": [],
        "freedom": 0,
        "max_count": 1,
        "options": [],
        "defaults": []
    },
    "9": {
        "class": "Isotope",
        "ID": 9,
        "element": "X",
        "infexes": [],
        "freedom": 0,
        "max_count": 1,
        "options": [],
        "defaults": []
    },
    "10": {
        "class": "Isotope",
        "ID": 10,
        "element": "X",
        "infexes": [],
        "freedom": 0,
        "max_count": 10,
        "options": [],
        "defaults": []
    },
    "11": {
        "class": "Isotope",
        "ID": 11,
        "element": "X",
        "infexes": [],
        "freedom": 0,
        "max_count": 42,
        "options": [],
        "defaults": []
    },
    "12": {
        "class": "Isotope",
        "ID": 12,
        "element": "X",
        "infexes": [],
        "freedom": 0,
        "max_count": 44,
        "options": [],
        "defaults": []
    },
    "13": {
        "class": "Isotope",
        "ID": 13,
        "element": "X",
        "infexes": [],
        "freedom": 0,
        "max_count": 51,
        "options": [],
        "defaults": []
    },
    "14": {
        "class": "Isotope",
        "ID": 14,
        "element": "X",
        "infexes": [],
        "freedom": 0,
        "max_count": 12,
        "options": [],
        "defaults": []
    },
    "15": {
        "class": "Isotope",
        "ID": 15,
        "element": "X",
        "infexes": [],
        "freedom": 0,
        "max_count": 12,
        "options": [],
        "defaults": []
    },
    "16": {
        "class": "Isotope",
        "ID": 16,
        "element": "X",
        "infexes": [],
        "freedom": 0,
        "max_count": 15,
        "options": [],
        "defaults": []
    },
    "17": {
        "class": "Isotope",
        "ID": 17,
        "element": "X",
        "infexes": [],
        "freedom": 0,
        "max_count": 11,
        "options": [],
        "defaults": []
    },
    "18": {
        "class": "Isotope",
        "ID": 18,
        "element": "X",
        "infexes": [],
        "freedom": 0,
        "max_count": 20,
        "options": [],
        "defaults": []
    },
    "19": {
        "class": "Isotope",
        "ID": 19,
        "element": "X",
        "infexes": [],
        "freedom": 0,
        "max_count": 36,
        "options": [],
        "defaults": []
    },
    "20": {
        "class": "Isotope",
        "ID": 20,
        "element": "X",
        "infexes": [],
        "freedom": 0,
        "max_count": 38,
        "options": [],
        "defaults": []
    },
    "21": {
        "class": "Isotope",
        "ID": 21,
        "element": "X",
        "infexes": [],
        "freedom": 0,
        "max_count": 2,
        "options": [],
        "defaults": []
    },
    "22": {
        "class": "Isotope",
        "ID": 22,
        "element": "X",
        "infexes": [],
        "freedom": 0,
        "max_count": 19,
        "options": [],
        "defaults": []
    },
    "23": {
        "class": "Isotope",
        "ID": 23,
        "element": "X",
        "infexes": [],
        "freedom": 0,
        "max_count": 4,
        "options": [],
        "defaults": []
    },
    "24": {
        "class": "Isotope",
        "ID": 24,
        "element": "X",
        "infexes": [],
        "freedom": 0,
        "max_count": 49,
        "options": [],
        "defaults": []
    },
    "25": {
        "class": "Isotope",
        "ID": 25,
        "element": "X",
        "infexes": [],
        "freedom": 0,
        "max_count": 7,
        "options": [],
        "defaults": []
    },
    "26": {
        "class": "Isotope",
        "ID": 26,
        "element": "X",
        "infexes": [],
        "freedom": 0,
        "max_count": 166,
        "options": [],
        "defaults": []
    },
    "27": {
        "class": "Isotope",
        "ID": 27,
        "element": "X",
        "infexes": [],
        "freedom": 0,
        "max_count": 41,
        "options": [],
        "defaults": []
    },
    "28": {
        "class": "Isotope",
        "ID": 28,
        "element": "X",
        "infexes": [],
        "freedom": 0,
        "max_count": 9,
        "options": [],
        "defaults": []
    },
    "29": {
        "class": "Isotope",
        "ID": 29,
        "element": "X",
        "infexes": [],
        "freedom": 0,
        "max_count": 23,
        "options": [],
        "defaults": []
    },
    "30": {
        "class": "Isotope",
        "ID": 30,
        "element": "X",
        "infexes": [],
        "freedom": 0,
        "max_count": 29,
        "options": [],
        "defaults": []
    },
    "31": {
        "class": "Isotope",
        "ID": 31,
        "element": "X",
        "infexes": [],
        "freedom": 0,
        "max_count": 5,
        "options": [],
        "defaults": []
    },
    "32": {
        "class": "Isotope",
        "ID": 32,
        "element": "X",
        "infexes": [],
        "freedom": 0,
        "max_count": 8,
        "options": [],
        "defaults": []
    },
    "33": {
        "class": "Isotope",
        "ID": 33,
        "element": "X",
        "infexes": [],
        "freedom": 0,
        "max_count": 155,
        "options": [],
        "defaults": []
    },
    "34": {
        "class": "Isotope",
        "ID": 34,
        "element": "X",
        "infexes": [],
        "freedom": 0,
        "max_count": 25,
        "options": [],
        "defaults": []
    },
    "35": {
        "class": "Isotope",
        "ID": 35,
        "element": "X",
        "infexes": [],
        "freedom": 0,
        "max_count": 9,
        "options": [],
        "defaults": []
    },
    "36": {
        "class": "Isotope",
        "ID": 36,
        "element": "X",
        "infexes": [],
        "freedom": 0,
        "max_count": 145,
        "options": [],
        "defaults": []
    },
    "37": {
        "class": "Isotope",
        "ID": 37,
        "element": "X",
        "infexes": [],
        "freedom": 0,
        "max_count": 32,
        "options": [],
        "defaults": []
    },
    "38": {
        "class": "Isotope",
        "ID": 38,
        "element": "X",
        "infexes": [],
        "freedom": 0,
        "max_count": 32,
        "options": [],
        "defaults": []
    },
    "39": {
        "class": "Isotope",
        "ID": 39,
        "element": "X",
        "infexes": [],
        "freedom": 0,
        "max_count": 12,
        "options": [],
        "defaults": []
    },
    "40": {
        "class": "Isotope",
        "ID": 40,
        "element": "X",
        "infexes": [],
        "freedom": 0,
        "max_count": 10,
        "options": [],
        "defaults": []
    },
    "41": {
        "class": "Isotope",
        "ID": 41,
        "element": "X",
        "infexes": [],
        "freedom": 0,
        "max_count": 16,
        "options": [],
        "defaults": []
    },
    "42": {
        "class": "Isotope",
        "ID": 42,
        "element": "X",
        "infexes": [],
        "freedom": 0,
        "max_count": 72,
        "options": [],
        "defaults": []
    },
    "43": {
        "class": "Isotope",
        "ID": 43,
        "element": "X",
        "infexes": [],
        "freedom": 0,
        "max_count": 14,
        "options": [],
        "defaults": []
    },
    "44": {
        "class": "Isotope",
        "ID": 44,
        "element": "X",
        "infexes": [],
        "freedom": 0,
        "max_count": 27,
        "options": [],
        "defaults": []
    },
    "45": {
        "class": "Isotope",
        "ID": 45,
        "element": "X",
        "infexes": [],
        "freedom": 0,
        "max_count": 20,
        "options": [],
        "defaults": []
    },
    "46": {
        "class": "Isotope",
        "ID": 46,
        "element": "X",
        "infexes": [],
        "freedom": 0,
        "max_count": 3,
        "options": [],
        "defaults": []
    },
    "47": {
        "class": "Isotope",
        "ID": 47,
        "element": "Y",
        "infexes": [],
        "freedom": 0,
        "max_count": 5,
        "options": [],
        "defaults": []
    },
    "48": {
        "class": "Isotope",
        "ID": 48,
        "element": "Y",
        "infexes": [],
        "freedom": 0,
        "max_count": 26,
        "options": [],
        "defaults": []
    },
    "49": {
        "class": "Isotope",
        "ID": 49,
        "element": "Y",
        "infexes": [],
        "freedom": 0,
        "max_count": 14,
        "options": [],
        "defaults": []
    },
    "50": {
        "class": "Isotope",
        "ID": 50,
        "element": "Y",
        "infexes": [],
        "freedom": 0,
        "max_count": 52,
        "options": [],
        "defaults": []
    },
    "51": {
        "class": "Isotope",
        "ID": 51,
        "element": "Y",
        "infexes": [],
        "freedom": 0,
        "max_count": 29,
        "options": [],
        "defaults": []
    },
    "52": {
        "class": "Isotope",
        "ID": 52,
        "element": "Y",
        "infexes": [],
        "freedom": 0,
        "max_count": 15,
        "options": [],
        "defaults": []
    },
    "53": {
        "class": "Isotope",
        "ID": 53,
        "element": "Y",
        "infexes": [],
        "freedom": 0,
        "max_count": 8,
        "options": [],
        "defaults": []
    },
    "54": {
        "class": "Isotope",
        "ID": 54,
        "element": "Y",
        "infexes": [],
        "freedom": 0,
        "max_count": 57,
        "options": [],
        "defaults": []
    },
    "55": {
        "class": "Isotope",
        "ID": 55,
        "element": "Y",
        "infexes": [],
        "freedom": 0,
        "max_count": 41,
        "options": [],
        "defaults": []
    },
    "56": {
        "class": "Isotope",
        "ID": 56,
        "element": "Y",
        "infexes": [],
        "freedom": 0,
        "max_count": 38,
        "options": [],
        "defaults": []
    },
    "57": {
        "class": "Isotope",
        "ID": 57,
        "element": "Y",
        "infexes": [],
        "freedom": 0,
        "max_count": 20,
        "options": [],
        "defaults": []
    },
    "58": {
        "class": "Isotope",
        "ID": 58,
        "element": "Y",
        "infexes": [],
        "freedom": 0,
        "max_count": 47,
        "options": [],
        "defaults": []
    },
    "59": {
        "class": "Isotope",
        "ID": 59,
        "element": "Y",
        "infexes": [],
        "freedom": 0,
        "max_count": 62,
        "options": [],
        "defaults": []
    },
    "60": {
        "class": "Isotope",
        "ID": 60,
        "element": "Y",
        "infexes": [],
        "freedom": 0,
        "max_count": 1,
        "options": [],
        "defaults": []
    },
    "61": {
        "class": "Isotope",
        "ID": 61,
        "element": "Y",
        "infexes": [],
        "freedom": 0,
        "max_count": 55,
        "options": [],
        "defaults": []
    },
    "62": {
        "class": "Isotope",
        "ID": 62,
        "element": "Y",
        "infexes": [],
        "freedom": 0,
        "max_count": 6,
        "options": [],
        "defaults": []
    },
    "63": {
        "class": "Isotope",
        "ID": 63,
        "element": "Y",
        "infexes": [],
        "freedom": 0,
        "max_count": 58,
        "options": [],
        "defaults": []
    },
    "64": {
        "class": "Isotope",
        "ID": 64,
        "element": "Y",
        "infexes": [],
        "freedom": 0,
        "max_count": 33,
        "options": [],
        "defaults": []
    },
    "65": {
        "class": "Isotope",
        "ID": 65,
        "element": "Y",
        "infexes": [],
        "freedom": 0,
        "max_count": 172,
        "options": [],
        "defaults": []
    },
    "66": {
        "class": "Isotope",
        "ID": 66,
        "element": "Y",
        "infexes": [],
        "freedom": 0,
        "max_count": 6,
        "options": [],
        "defaults": []
    },
    "67": {
        "class": "Isotope",
        "ID": 67,
        "element": "Y",
        "infexes": [],
        "freedom": 0,
        "max_count": 82,
        "options": [],
        "defaults": []
    },
    "68": {
        "class": "Isotope",
        "ID": 68,
        "element": "Y",
        "infexes": [],
        "freedom": 0,
        "max_count": 61,
        "options": [],
        "defaults": []
    },
    "69": {
        "class": "Isotope",
        "ID": 69,
        "element": "Y",
        "infexes": [],
        "freedom": 0,
        "max_count": 1,
        "options": [],
        "defaults": []
    },
    "70": {
        "class": "Isotope",
        "ID": 70,
        "element": "Y",
        "infexes": [],
        "freedom": 0,
        "max_count": 72,
        "options": [],
        "defaults": []
    },
    "71": {
        "class": "Isotope",
        "ID": 71,
        "element": "Y",
        "infexes": [],
        "freedom": 0,
        "max_count": 37,
        "options": [],
        "defaults": []
    },
    "72": {
        "class": "Isotope",
        "ID": 72,
        "element": "Y",
        "infexes": [],
        "freedom": 0,
        "max_count": 16,
        "options": [],
        "defaults": []
    },
    "73": {
        "class": "Isotope",
        "ID": 73,
        "element": "Y",
        "infexes": [],
        "freedom": 0,
        "max_count": 12,
        "options": [],
        "defaults": []
    },
    "74": {
        "class": "Isotope",
        "ID": 74,
        "element": "Y",
        "infexes": [],
        "freedom": 0,
        "max_count": 18,
        "options": [],
        "defaults": []
    },
    "75": {
        "class": "Isotope",
        "ID": 75,
        "element": "Y",
        "infexes": [],
        "freedom": 0,
        "max_count": 4,
        "options": [],
        "defaults": []
    },
    "76": {
        "class": "Isotope",
        "ID": 76,
        "element": "Y",
        "infexes": [],
        "freedom": 0,
        "max_count": 6,
        "options": [],
        "defaults": []
    },
    "77": {
        "class": "Isotope",
        "ID": 77,
        "element": "Y",
        "infexes": [],
        "freedom": 0,
        "max_count": 18,
        "options": [],
        "defaults": []
    },
    "78": {
        "class": "Isotope",
        "ID": 78,
        "element": "Y",
        "infexes": [],
        "freedom": 0,
        "max_count": 10,
        "options": [],
        "defaults": []
    },
    "79": {
        "class": "Isotope",
        "ID": 79,
        "element": "Y",
        "infexes": [],
        "freedom": 0,
        "max_count": 2,
        "options": [],
        "defaults": []
    },
    "80": {
        "class": "Isotope",
        "ID": 80,
        "element": "Y",
        "infexes": [],
        "freedom": 0,
        "max_count": 7,
        "options": [],
        "defaults": []
    },
    "81": {
        "class": "Isotope",
        "ID": 81,
        "element": "Y",
        "infexes": [],
        "freedom": 0,
        "max_count": 6,
        "options": [],
        "defaults": []
    },
    "82": {
        "class": "Isotope",
        "ID": 82,
        "element": "Y",
        "infexes": [],
        "freedom": 0,
        "max_count": 44,
        "options": [],
        "defaults": []
    },
    "83": {
        "class": "Isotope",
        "ID": 83,
        "element": "Y",
        "infexes": [],
        "freedom": 0,
        "max_count": 2,
        "options": [],
        "defaults": []
    },
    "84": {
        "class": "Isotope",
        "ID": 84,
        "element": "Y",
        "infexes": [],
        "freedom": 0,
        "max_count": 12,
        "options": [],
        "defaults": []
    },
    "85": {
        "class": "Isotope",
        "ID": 85,
        "element": "Y",
        "infexes": [],
        "freedom": 0,
        "max_count": 26,
        "options": [],
        "defaults": []
    },
    "86": {
        "class": "Isotope",
        "ID": 86,
        "element": "SIGMOID",
        "infexes": [],
        "freedom": 0,
        "max_count": 75,
        "options": [
            [
                32
            ]
        ],
        "defaults": [
            [
                32
            ]
        ]
    },
    "87": {
        "class": "Isotope",
        "ID": 87,
        "element": "AMEAN",
        "infexes": [
            2,
            3
        ],
        "freedom": 0.06494428890789507,
        "max_count": 51,
        "options": [
            [
                33,
                75,
                105
            ],
            [
                12,
                126
            ]
        ],
        "defaults": [
            [
                12,
                126
            ]
        ]
    },
    "88": {
        "class": "Isotope",
        "ID": 88,
        "element": "SIGMOID",
        "infexes": [],
        "freedom": 0.23950685332276941,
        "max_count": 14,
        "options": [
            [
                13
            ],
            [
                105
            ],
            [
                36
            ],
            [
                18
            ],
            [
                32
            ],
            [
                109
            ],
            [
                96
            ],
            [
                36
            ],
            [
                37
            ],
            [
                32
            ],
            [
                110
            ],
            [
                12
            ],
            [
                38
            ],
            [
                88
            ],
            [
                15
            ]
        ],
        "defaults": [
            [
                38
            ]
        ]
    },
    "89": {
        "class": "Isotope",
        "ID": 89,
        "element": "RAND",
        "infexes": [],
        "freedom": 0,
        "max_count": 152,
        "options": [
            [
                34
            ]
        ],
        "defaults": [
            [
                34
            ]
        ]
    },
    "90": {
        "class": "Isotope",
        "ID": 90,
        "element": "SIGMOID",
        "infexes": [],
        "freedom": 0,
        "max_count": 45,
        "options": [
            [
                18
            ]
        ],
        "defaults": [
            [
                18
            ]
        ]
    },
    "91": {
        "class": "Isotope",
        "ID": 91,
        "element": "MINX",
        "infexes": [
            2,
            2
        ],
        "freedom": 0.27870788010017566,
        "max_count": 1,
        "options": [
            [
                31,
                52
            ],
            [
                99,
                42
            ]
        ],
        "defaults": [
            [
                31,
                52
            ]
        ]
    },
    "92": {
        "class": "Isotope",
        "ID": 92,
        "element": "MINX",
        "infexes": [
            11,
            33
        ],
        "freedom": 0.3047147884015975,
        "max_count": 38,
        "options": [
            [
                93,
                38,
                165,
                29,
                113,
                11,
                89,
                141,
                66,
                150,
                153,
                182,
                110,
                133,
                102,
                24,
                39,
                137,
                146,
                44,
                39,
                145,
                143,
                102,
                54,
                87,
                123,
                67,
                17,
                180,
                10,
                128,
                90
            ],
            [
                42,
                83,
                33,
                181,
                129,
                33,
                64,
                29,
                66,
                9,
                22,
                54,
                58,
                51,
                97,
                93,
                177,
                51,
                11,
                45,
                43,
                114,
                14,
                80
            ]
        ],
        "defaults": [
            [
                42,
                83,
                33,
                181,
                129,
                33,
                64,
                29,
                66,
                9,
                22,
                54,
                58,
                51,
                97,
                93,
                177,
                51,
                11,
                45,
                43,
                114,
                14,
                80
            ]
        ]
    },
    "93": {
        "class": "Isotope",
        "ID": 93,
        "element": "MINX",
        "infexes": [
            2,
            3
        ],
        "freedom": 0,
        "max_count": 7,
        "options": [
            [
                76,
                114,
                12
            ]
        ],
        "defaults": [
            [
                76,
                114,
                12
            ]
        ]
    },
    "94": {
        "class": "Isotope",
        "ID": 94,
        "element": "MINX",
        "infexes": [
            5,
            6
        ],
        "freedom": 0.28659669976768604,
        "max_count": 68,
        "options": [
            [
                75,
                181,
                12,
                89,
                60,
                180
            ],
            [
                121,
                84,
                105,
                80,
                32,
                31
            ],
            [
                52,
                11,
                79,
                25,
                54,
                64
            ],
            [
                53,
                86,
                109,
                69,
                101,
                167
            ],
            [
                103,
                163,
                14,
                88,
                131,
                165
            ],
            [
                157,
                20,
                134,
                102,
                136,
                84
            ],
            [
                15,
                24,
                152,
                152,
                135,
                174
            ],
            [
                15,
                87,
                95,
                61,
                91,
                23
            ],
            [
                126,
                87,
                15,
                178,
                84,
                59
            ],
            [
                31,
                174,
                49,
                174,
                12,
                35
            ],
            [
                110,
                37,
                171,
                38,
                45,
                14
            ],
            [
                177,
                86,
                164,
                95,
                66,
                88
            ],
            [
                87,
                124,
                34,
                171,
                141,
                64
            ],
            [
                160,
                92,
                44,
                138,
                153,
                42
            ],
            [
                21,
                135,
                114,
                26,
                53,
                177
            ],
            [
                31,
                57,
                13,
                175,
                175,
                137
            ],
            [
                174,
                55,
                18,
                101,
                8,
                116
            ],
            [
                180,
                76,
                164,
                146,
                26,
                140
            ],
            [
                28,
                94,
                20,
                177,
                138,
                44
            ]
        ],
        "defaults": [
            [
                21,
                135,
                114,
                26,
                53,
                177
            ]
        ]
    },
    "95": {
        "class": "Isotope",
        "ID": 95,
        "element": "ARCFAN",
        "infexes": [],
        "freedom": 0,
        "max_count": 31,
        "options": [
            [
                74,
                89
            ]
        ],
        "defaults": [
            [
                74,
                89
            ]
        ]
    },
    "96": {
        "class": "Isotope",
        "ID": 96,
        "element": "SPIN",
        "infexes": [],
        "freedom": 0.2900681376035447,
        "max_count": 5,
        "options": [
            [
                11,
                85,
                80
            ],
            [
                103,
                123,
                142
            ]
        ],
        "defaults": [
            [
                11,
                85,
                80
            ]
        ]
    },
    "97": {
        "class": "Isotope",
        "ID": 97,
        "element": "RAND",
        "infexes": [],
        "freedom": 0,
        "max_count": 170,
        "options": [
            [
                42
            ]
        ],
        "defaults": [
            [
                42
            ]
        ]
    },
    "98": {
        "class": "Isotope",
        "ID": 98,
        "element": "ARCFAN",
        "infexes": [],
        "freedom": 0.4014415000791908,
        "max_count": 8,
        "options": [
            [
                90,
                176
            ],
            [
                39,
                142
            ]
        ],
        "defaults": [
            [
                39,
                142
            ]
        ]
    },
    "99": {
        "class": "Isotope",
        "ID": 99,
        "element": "AMEAN",
        "infexes": [
            3,
            5
        ],
        "freedom": 0.10062717994693028,
        "max_count": 53,
        "options": [
            [
                110,
                21,
                25,
                77,
                157
            ],
            [
                100,
                83,
                13
            ]
        ],
        "defaults": [
            [
                100,
                83,
                13
            ]
        ]
    },
    "100": {
        "class": "Isotope",
        "ID": 100,
        "element": "SPIN",
        "infexes": [],
        "freedom": 0,
        "max_count": 62,
        "options": [
            [
                23,
                97,
                17
            ]
        ],
        "defaults": [
            [
                23,
                97,
                17
            ]
        ]
    },
    "101": {
        "class": "Isotope",
        "ID": 101,
        "element": "SIN",
        "infexes": [],
        "freedom": 0.28085075011293686,
        "max_count": 17,
        "options": [
            [
                91
            ],
            [
                39
            ]
        ],
        "defaults": [
            [
                39
            ]
        ]
    },
    "102": {
        "class": "Isotope",
        "ID": 102,
        "element": "AMEAN",
        "infexes": [
            2,
            5
        ],
        "freedom": 0,
        "max_count": 33,
        "options": [
            [
                47,
                10,
                24,
                128,
                116
            ]
        ],
        "defaults": [
            [
                47,
                10,
                24,
                128,
                116
            ]
        ]
    },
    "103": {
        "class": "Isotope",
        "ID": 103,
        "element": "SPIN",
        "infexes": [],
        "freedom": 0.24514014848251295,
        "max_count": 12,
        "options": [
            [
                99,
                98,
                82
            ],
            [
                110,
                45,
                77
            ]
        ],
        "defaults": [
            [
                110,
                45,
                77
            ]
        ]
    },
    "104": {
        "class": "Isotope",
        "ID": 104,
        "element": "MINX",
        "infexes": [
            2,
            9
        ],
        "freedom": 0.0831874626200435,
        "max_count": 158,
        "options": [
            [
                135,
                14,
                30,
                72,
                160,
                57,
                45,
                10,
                161
            ],
            [
                95,
                37,
                145,
                118,
                110,
                12,
                115,
                100,
                147
            ],
            [
                24,
                86
            ]
        ],
        "defaults": [
            [
                24,
                86
            ]
        ]
    },
    "105": {
        "class": "Isotope",
        "ID": 105,
        "element": "ARCFAN",
        "infexes": [],
        "freedom": 0.4861117167208776,
        "max_count": 2,
        "options": [
            [
                17,
                167
            ],
            [
                90,
                175
            ]
        ],
        "defaults": [
            [
                90,
                175
            ]
        ]
    },
    "106": {
        "class": "Isotope",
        "ID": 106,
        "element": "MINX",
        "infexes": [
            2,
            4
        ],
        "freedom": 0.31707195612719863,
        "max_count": 54,
        "options": [
            [
                91,
                123,
                151,
                75
            ],
            [
                16,
                100,
                62,
                70
            ]
        ],
        "defaults": [
            [
                16,
                100,
                62,
                70
            ]
        ]
    },
    "107": {
        "class": "Isotope",
        "ID": 107,
        "element": "SIN",
        "infexes": [],
        "freedom": 0,
        "max_count": 46,
        "options": [
            [
                17
            ]
        ],
        "defaults": [
            [
                17
            ]
        ]
    },
    "108": {
        "class": "Isotope",
        "ID": 108,
        "element": "IT",
        "infexes": [],
        "freedom": 0.27993027090170186,
        "max_count": 61,
        "options": [
            [
                11,
                38,
                40,
                174,
                163
            ],
            [
                110,
                51,
                37,
                166,
                97
            ],
            [
                46,
                167,
                103,
                55,
                75
            ],
            [
                25,
                8,
                44,
                36,
                156
            ],
            [
                139,
                86,
                28,
                169,
                59
            ],
            [
                99,
                55,
                151,
                63,
                11
            ],
            [
                128,
                180,
                150,
                71,
                33
            ],
            [
                130,
                32,
                33,
                167,
                108
            ],
            [
                71,
                77,
                16,
                129,
                24
            ],
            [
                41,
                64,
                175,
                89,
                156
            ],
            [
                24,
                22,
                126,
                177,
                54
            ],
            [
                81,
                83,
                105,
                23,
                33
            ],
            [
                42,
                95,
                15,
                15,
                110
            ],
            [
                71,
                65,
                104,
                94,
                55
            ]
        ],
        "defaults": [
            [
                24,
                22,
                126,
                177,
                54
            ]
        ]
    },
    "109": {
        "class": "Isotope",
        "ID": 109,
        "element": "MINX",
        "infexes": [
            4,
            4
        ],
        "freedom": 0.0413334419049749,
        "max_count": 33,
        "options": [
            [
                173,
                106,
                167,
                96
            ],
            [
                160,
                154,
                43,
                90
            ],
            [
                86,
                112,
                129,
                135
            ]
        ],
        "defaults": [
            [
                86,
                112,
                129,
                135
            ]
        ]
    },
    "110": {
        "class": "Isotope",
        "ID": 110,
        "element": "SIGMOID",
        "infexes": [],
        "freedom": 0,
        "max_count": 18,
        "options": [
            [
                8
            ]
        ],
        "defaults": [
            [
                8
            ]
        ]
    },
    "111": {
        "class": "Isotope",
        "ID": 111,
        "element": "POW",
        "infexes": [],
        "freedom": 0,
        "max_count": 33,
        "options": [
            [
                71
            ]
        ],
        "defaults": [
            [
                71
            ]
        ]
    },
    "112": {
        "class": "Isotope",
        "ID": 112,
        "element": "RAND",
        "infexes": [],
        "freedom": 0,
        "max_count": 11,
        "options": [
            [
                111
            ]
        ],
        "defaults": [
            [
                111
            ]
        ]
    },
    "113": {
        "class": "Isotope",
        "ID": 113,
        "element": "POWER",
        "infexes": [],
        "freedom": 0.5353700014517518,
        "max_count": 13,
        "options": [
            [
                78,
                140
            ],
            [
                115,
                102
            ],
            [
                112,
                113
            ]
        ],
        "defaults": [
            [
                115,
                102
            ]
        ]
    },
    "114": {
        "class": "Isotope",
        "ID": 114,
        "element": "SIN",
        "infexes": [],
        "freedom": 0,
        "max_count": 29,
        "options": [
            [
                67
            ]
        ],
        "defaults": [
            [
                67
            ]
        ]
    },
    "115": {
        "class": "Isotope",
        "ID": 115,
        "element": "SIN",
        "infexes": [],
        "freedom": 0,
        "max_count": 14,
        "options": [
            [
                76
            ]
        ],
        "defaults": [
            [
                76
            ]
        ]
    },
    "116": {
        "class": "Isotope",
        "ID": 116,
        "element": "SIGMOID",
        "infexes": [],
        "freedom": 0.5923760211347938,
        "max_count": 44,
        "options": [
            [
                83
            ],
            [
                117
            ]
        ],
        "defaults": [
            [
                83
            ],
            [
                117
            ]
        ]
    },
    "117": {
        "class": "Isotope",
        "ID": 117,
        "element": "SIN",
        "infexes": [],
        "freedom": 0,
        "max_count": 45,
        "options": [
            [
                58
            ]
        ],
        "defaults": [
            [
                58
            ]
        ]
    },
    "118": {
        "class": "Isotope",
        "ID": 118,
        "element": "SIN",
        "infexes": [],
        "freedom": 0.9918848567586963,
        "max_count": 3,
        "options": [
            [
                48
            ],
            [
                123
            ]
        ],
        "defaults": [
            [
                48
            ]
        ]
    },
    "119": {
        "class": "Isotope",
        "ID": 119,
        "element": "SIGMOID",
        "infexes": [],
        "freedom": 0,
        "max_count": 82,
        "options": [
            [
                58
            ]
        ],
        "defaults": [
            [
                58
            ]
        ]
    },
    "120": {
        "class": "Isotope",
        "ID": 120,
        "element": "MINX",
        "infexes": [
            2,
            4
        ],
        "freedom": 0.9373926769341064,
        "max_count": 58,
        "options": [
            [
                95,
                106,
                53,
                63
            ],
            [
                54,
                70,
                45,
                78
            ],
            [
                62,
                50
            ]
        ],
        "defaults": [
            [
                62,
                50
            ]
        ]
    },
    "121": {
        "class": "Isotope",
        "ID": 121,
        "element": "MINX",
        "infexes": [
            2,
            2
        ],
        "freedom": 0.461115138076085,
        "max_count": 52,
        "options": [
            [
                78,
                158
            ],
            [
                128,
                96
            ],
            [
                15,
                52
            ],
            [
                80,
                81
            ],
            [
                165,
                77
            ],
            [
                56,
                48
            ],
            [
                117,
                174
            ],
            [
                32,
                115
            ],
            [
                69,
                73
            ],
            [
                36,
                127
            ],
            [
                123,
                144
            ],
            [
                75,
                117
            ],
            [
                121,
                94
            ],
            [
                122,
                54
            ],
            [
                20,
                127
            ],
            [
                116,
                173
            ],
            [
                117,
                113
            ],
            [
                9,
                115
            ],
            [
                70,
                21
            ],
            [
                77,
                26
            ]
        ],
        "defaults": [
            [
                69,
                73
            ]
        ]
    },
    "122": {
        "class": "Isotope",
        "ID": 122,
        "element": "SIN",
        "infexes": [],
        "freedom": 0.1026908614139795,
        "max_count": 54,
        "options": [
            [
                76
            ],
            [
                123
            ]
        ],
        "defaults": [
            [
                76
            ]
        ]
    },
    "123": {
        "class": "Isotope",
        "ID": 123,
        "element": "SPIN",
        "infexes": [],
        "freedom": 0.6253362543539885,
        "max_count": 3,
        "options": [
            [
                51,
                56,
                32
            ],
            [
                85,
                114,
                123
            ]
        ],
        "defaults": [
            [
                51,
                56,
                32
            ]
        ]
    },
    "124": {
        "class": "Isotope",
        "ID": 124,
        "element": "POWER",
        "infexes": [],
        "freedom": 0.1421336237573241,
        "max_count": 74,
        "options": [
            [
                108,
                72
            ],
            [
                85,
                38
            ],
            [
                117,
                156
            ],
            [
                75,
                43
            ],
            [
                158,
                74
            ],
            [
                65,
                64
            ],
            [
                19,
                65
            ]
        ],
        "defaults": [
            [
                65,
                64
            ]
        ]
    },
    "125": {
        "class": "Isotope",
        "ID": 125,
        "element": "MINX",
        "infexes": [
            3,
            5
        ],
        "freedom": 0.33706576804950117,
        "max_count": 41,
        "options": [
            [
                85,
                52,
                118,
                181,
                96
            ],
            [
                83,
                168,
                76
            ],
            [
                74,
                162,
                43,
                63,
                42
            ]
        ],
        "defaults": [
            [
                83,
                168,
                76
            ]
        ]
    },
    "126": {
        "class": "Isotope",
        "ID": 126,
        "element": "MINX",
        "infexes": [
            2,
            2
        ],
        "freedom": 0,
        "max_count": 24,
        "options": [
            [
                47,
                84
            ]
        ],
        "defaults": [
            [
                47,
                84
            ]
        ]
    },
    "127": {
        "class": "Isotope",
        "ID": 127,
        "element": "ARCFAN",
        "infexes": [],
        "freedom": 0.47263104516995774,
        "max_count": 15,
        "options": [
            [
                84,
                144
            ],
            [
                128,
                57
            ]
        ],
        "defaults": [
            [
                128,
                57
            ]
        ]
    },
    "128": {
        "class": "Isotope",
        "ID": 128,
        "element": "RAND",
        "infexes": [],
        "freedom": 0,
        "max_count": 35,
        "options": [
            [
                65
            ]
        ],
        "defaults": [
            [
                65
            ]
        ]
    },
    "129": {
        "class": "Isotope",
        "ID": 129,
        "element": "IT",
        "infexes": [],
        "freedom": 0.173471706632043,
        "max_count": 56,
        "options": [
            [
                53,
                57,
                34,
                35,
                27
            ],
            [
                51,
                28,
                28,
                72,
                84
            ]
        ],
        "defaults": [
            [
                53,
                57,
                34,
                35,
                27
            ],
            [
                51,
                28,
                28,
                72,
                84
            ]
        ]
    },
    "130": {
        "class": "Isotope",
        "ID": 130,
        "element": "AMEAN",
        "infexes": [
            2,
            3
        ],
        "freedom": 0.13918855576910988,
        "max_count": 8,
        "options": [
            [
                173,
                45,
                76
            ],
            [
                35,
                79
            ]
        ],
        "defaults": [
            [
                35,
                79
            ]
        ]
    },
    "131": {
        "class": "Isotope",
        "ID": 131,
        "element": "SPIN",
        "infexes": [],
        "freedom": 0.5256487394481293,
        "max_count": 33,
        "options": [
            [
                11,
                82,
                11
            ],
            [
                19,
                69,
                96
            ],
            [
                127,
                16,
                127
            ],
            [
                50,
                168,
                86
            ],
            [
                122,
                53,
                28
            ],
            [
                161,
                16,
                65
            ],
            [
                77,
                32,
                69
            ],
            [
                84,
                123,
                21
            ],
            [
                74,
                83,
                12
            ],
            [
                16,
                136,
                60
            ],
            [
                82,
                22,
                110
            ],
            [
                69,
                8,
                23
            ],
            [
                28,
                127,
                96
            ],
            [
                104,
                55,
                65
            ],
            [
                8,
                66,
                56
            ],
            [
                54,
                100,
                63
            ]
        ],
        "defaults": [
            [
                8,
                66,
                56
            ]
        ]
    },
    "132": {
        "class": "Isotope",
        "ID": 132,
        "element": "AMEAN",
        "infexes": [
            4,
            4
        ],
        "freedom": 0.2969388906864466,
        "max_count": 148,
        "options": [
            [
                19,
                83,
                85,
                16
            ],
            [
                20,
                81,
                140,
                147
            ]
        ],
        "defaults": [
            [
                19,
                83,
                85,
                16
            ]
        ]
    },
    "133": {
        "class": "Isotope",
        "ID": 133,
        "element": "MINX",
        "infexes": [
            5,
            6
        ],
        "freedom": 0.31485549655846146,
        "max_count": 124,
        "options": [
            [
                62,
                46,
                114,
                84,
                35,
                166
            ],
            [
                46,
                82,
                79,
                81,
                97
            ]
        ],
        "defaults": [
            [
                46,
                82,
                79,
                81,
                97
            ]
        ]
    },
    "134": {
        "class": "Isotope",
        "ID": 134,
        "element": "SPIN",
        "infexes": [],
        "freedom": 0.17024219161021192,
        "max_count": 21,
        "options": [
            [
                20,
                77,
                97
            ],
            [
                140,
                119,
                16
            ]
        ],
        "defaults": [
            [
                20,
                77,
                97
            ]
        ]
    },
    "135": {
        "class": "Isotope",
        "ID": 135,
        "element": "POWER",
        "infexes": [],
        "freedom": 0,
        "max_count": 1,
        "options": [
            [
                79,
                13
            ]
        ],
        "defaults": [
            [
                79,
                13
            ]
        ]
    },
    "136": {
        "class": "Isotope",
        "ID": 136,
        "element": "POWER",
        "infexes": [],
        "freedom": 0.27774673567812497,
        "max_count": 22,
        "options": [
            [
                152,
                62
            ],
            [
                12,
                140
            ]
        ],
        "defaults": [
            [
                152,
                62
            ]
        ]
    },
    "137": {
        "class": "Isotope",
        "ID": 137,
        "element": "IT",
        "infexes": [],
        "freedom": 0.16088759241853653,
        "max_count": 38,
        "options": [
            [
                136,
                128,
                19,
                137,
                140
            ],
            [
                135,
                58,
                29,
                22,
                77
            ]
        ],
        "defaults": [
            [
                135,
                58,
                29,
                22,
                77
            ]
        ]
    },
    "138": {
        "class": "Isotope",
        "ID": 138,
        "element": "MINX",
        "infexes": [
            2,
            3
        ],
        "freedom": 0.04012964749387842,
        "max_count": 187,
        "options": [
            [
                54,
                171,
                134
            ],
            [
                129,
                41
            ],
            [
                12,
                148,
                76
            ],
            [
                120,
                129,
                48
            ],
            [
                149,
                148,
                165
            ],
            [
                142,
                114,
                42
            ],
            [
                176,
                152,
                115
            ]
        ],
        "defaults": [
            [
                129,
                41
            ]
        ]
    },
    "139": {
        "class": "Isotope",
        "ID": 139,
        "element": "POW",
        "infexes": [],
        "freedom": 0.4757732695880884,
        "max_count": 4,
        "options": [
            [
                129
            ],
            [
                148
            ]
        ],
        "defaults": [
            [
                129
            ]
        ]
    },
    "140": {
        "class": "Isotope",
        "ID": 140,
        "element": "ARCFAN",
        "infexes": [],
        "freedom": 0.22936872277452933,
        "max_count": 34,
        "options": [
            [
                141,
                128
            ],
            [
                142,
                115
            ]
        ],
        "defaults": [
            [
                142,
                115
            ]
        ]
    },
    "141": {
        "class": "Isotope",
        "ID": 141,
        "element": "SPIN",
        "infexes": [],
        "freedom": 0.9141794335229597,
        "max_count": 13,
        "options": [
            [
                135,
                56,
                159
            ],
            [
                175,
                56,
                143
            ]
        ],
        "defaults": [
            [
                135,
                56,
                159
            ]
        ]
    },
    "142": {
        "class": "Isotope",
        "ID": 142,
        "element": "SIGMOID",
        "infexes": [],
        "freedom": 0,
        "max_count": 22,
        "options": [
            [
                135
            ]
        ],
        "defaults": [
            [
                135
            ]
        ]
    },
    "143": {
        "class": "Isotope",
        "ID": 143,
        "element": "ARCFAN",
        "infexes": [],
        "freedom": 0.11424902756455113,
        "max_count": 11,
        "options": [
            [
                152,
                27
            ],
            [
                128,
                147
            ]
        ],
        "defaults": [
            [
                152,
                27
            ]
        ]
    },
    "144": {
        "class": "Isotope",
        "ID": 144,
        "element": "MINX",
        "infexes": [
            7,
            11
        ],
        "freedom": 0.3870186731002086,
        "max_count": 5,
        "options": [
            [
                154,
                129,
                14,
                22,
                26,
                58,
                107
            ],
            [
                152,
                147,
                39,
                102,
                21,
                143,
                52,
                37,
                31,
                100,
                8
            ]
        ],
        "defaults": [
            [
                154,
                129,
                14,
                22,
                26,
                58,
                107
            ]
        ]
    },
    "145": {
        "class": "Isotope",
        "ID": 145,
        "element": "IT",
        "infexes": [],
        "freedom": 0.04640683058393306,
        "max_count": 31,
        "options": [
            [
                181,
                94,
                103,
                146,
                132
            ],
            [
                129,
                16,
                25,
                110,
                18
            ]
        ],
        "defaults": [
            [
                129,
                16,
                25,
                110,
                18
            ]
        ]
    },
    "146": {
        "class": "Isotope",
        "ID": 146,
        "element": "MINX",
        "infexes": [
            2,
            5
        ],
        "freedom": 0.22280321676766068,
        "max_count": 37,
        "options": [
            [
                31,
                137,
                117,
                8,
                43
            ],
            [
                76,
                138,
                24,
                54,
                134
            ],
            [
                142,
                33,
                116
            ]
        ],
        "defaults": [
            [
                142,
                33,
                116
            ]
        ]
    },
    "147": {
        "class": "Isotope",
        "ID": 147,
        "element": "SPIN",
        "infexes": [],
        "freedom": 0.6689240685156587,
        "max_count": 26,
        "options": [
            [
                154,
                47,
                54
            ],
            [
                178,
                45,
                136
            ]
        ],
        "defaults": [
            [
                154,
                47,
                54
            ]
        ]
    },
    "148": {
        "class": "Isotope",
        "ID": 148,
        "element": "RAND",
        "infexes": [],
        "freedom": 0.5744349690739108,
        "max_count": 34,
        "options": [
            [
                151
            ],
            [
                142
            ]
        ],
        "defaults": [
            [
                142
            ]
        ]
    },
    "149": {
        "class": "Isotope",
        "ID": 149,
        "element": "POWER",
        "infexes": [],
        "freedom": 0.49188432985788527,
        "max_count": 9,
        "options": [
            [
                135,
                151
            ],
            [
                142,
                48
            ]
        ],
        "defaults": [
            [
                142,
                48
            ]
        ]
    },
    "150": {
        "class": "Isotope",
        "ID": 150,
        "element": "SIN",
        "infexes": [],
        "freedom": 0.441448595429333,
        "max_count": 42,
        "options": [
            [
                136
            ],
            [
                154
            ]
        ],
        "defaults": [
            [
                154
            ]
        ]
    },
    "151": {
        "class": "Isotope",
        "ID": 151,
        "element": "MINX",
        "infexes": [
            2,
            3
        ],
        "freedom": 0.0870113699575431,
        "max_count": 5,
        "options": [
            [
                154,
                77
            ],
            [
                174,
                141,
                34
            ]
        ],
        "defaults": [
            [
                154,
                77
            ]
        ]
    },
    "152": {
        "class": "Isotope",
        "ID": 152,
        "element": "POW",
        "infexes": [],
        "freedom": 0,
        "max_count": 5,
        "options": [
            [
                154
            ]
        ],
        "defaults": [
            [
                154
            ]
        ]
    },
    "153": {
        "class": "Isotope",
        "ID": 153,
        "element": "SPIN",
        "infexes": [],
        "freedom": 0.28678841000477945,
        "max_count": 9,
        "options": [
            [
                129,
                126,
                173
            ],
            [
                154,
                129,
                110
            ]
        ],
        "defaults": [
            [
                154,
                129,
                110
            ]
        ]
    },
    "154": {
        "class": "Isotope",
        "ID": 154,
        "element": "SPIN",
        "infexes": [],
        "freedom": 0,
        "max_count": 37,
        "options": [
            [
                135,
                17,
                62
            ]
        ],
        "defaults": [
            [
                135,
                17,
                62
            ]
        ]
    },
    "155": {
        "class": "Isotope",
        "ID": 155,
        "element": "MINX",
        "infexes": [
            3,
            6
        ],
        "freedom": 0.6835682698965002,
        "max_count": 1,
        "options": [
            [
                148,
                17,
                70,
                111,
                65,
                17
            ],
            [
                70,
                57,
                59
            ]
        ],
        "defaults": [
            [
                70,
                57,
                59
            ]
        ]
    },
    "156": {
        "class": "Isotope",
        "ID": 156,
        "element": "SPIN",
        "infexes": [],
        "freedom": 0.4025269707694088,
        "max_count": 45,
        "options": [
            [
                19,
                46,
                40
            ],
            [
                118,
                121,
                164
            ]
        ],
        "defaults": [
            [
                19,
                46,
                40
            ]
        ]
    },
    "157": {
        "class": "Isotope",
        "ID": 157,
        "element": "SPIN",
        "infexes": [],
        "freedom": 0.25632886832562357,
        "max_count": 39,
        "options": [
            [
                171,
                108,
                85
            ],
            [
                33,
                70,
                62
            ]
        ],
        "defaults": [
            [
                33,
                70,
                62
            ]
        ]
    },
    "158": {
        "class": "Isotope",
        "ID": 158,
        "element": "AMEAN",
        "infexes": [
            5,
            5
        ],
        "freedom": 0,
        "max_count": 7,
        "options": [
            [
                128,
                60,
                48,
                86,
                119
            ]
        ],
        "defaults": [
            [
                128,
                60,
                48,
                86,
                119
            ]
        ]
    },
    "159": {
        "class": "Isotope",
        "ID": 159,
        "element": "SIN",
        "infexes": [],
        "freedom": 0,
        "max_count": 21,
        "options": [
            [
                13
            ]
        ],
        "defaults": [
            [
                13
            ]
        ]
    },
    "160": {
        "class": "Isotope",
        "ID": 160,
        "element": "SIGMOID",
        "infexes": [],
        "freedom": 0.37140487132443806,
        "max_count": 35,
        "options": [
            [
                148
            ],
            [
                19
            ],
            [
                114
            ],
            [
                171
            ]
        ],
        "defaults": [
            [
                114
            ]
        ]
    },
    "161": {
        "class": "Isotope",
        "ID": 161,
        "element": "SPIN",
        "infexes": [],
        "freedom": 0.228586360714294,
        "max_count": 2,
        "options": [
            [
                89,
                166,
                31
            ],
            [
                29,
                175,
                23
            ]
        ],
        "defaults": [
            [
                29,
                175,
                23
            ]
        ]
    },
    "162": {
        "class": "Isotope",
        "ID": 162,
        "element": "MINX",
        "infexes": [
            2,
            3
        ],
        "freedom": 0.3845704889969129,
        "max_count": 9,
        "options": [
            [
                70,
                168,
                180
            ],
            [
                55,
                130,
                139
            ]
        ],
        "defaults": [
            [
                70,
                168,
                180
            ]
        ]
    },
    "163": {
        "class": "Isotope",
        "ID": 163,
        "element": "SPIN",
        "infexes": [],
        "freedom": 0.35741641822709663,
        "max_count": 19,
        "options": [
            [
                106,
                58,
                24
            ],
            [
                80,
                59,
                142
            ]
        ],
        "defaults": [
            [
                80,
                59,
                142
            ]
        ]
    },
    "164": {
        "class": "Isotope",
        "ID": 164,
        "element": "AMEAN",
        "infexes": [
            4,
            5
        ],
        "freedom": 0.6186323348431076,
        "max_count": 3,
        "options": [
            [
                25,
                33,
                158,
                21,
                66
            ],
            [
                170,
                22,
                106,
                155,
                88
            ],
            [
                61,
                87,
                160,
                167,
                179
            ]
        ],
        "defaults": [
            [
                25,
                33,
                158,
                21,
                66
            ]
        ]
    },
    "165": {
        "class": "Isotope",
        "ID": 165,
        "element": "MINX",
        "infexes": [
            2,
            3
        ],
        "freedom": 0.4135650478493311,
        "max_count": 15,
        "options": [
            [
                106,
                151,
                86
            ],
            [
                102,
                15
            ],
            [
                9,
                106,
                104
            ]
        ],
        "defaults": [
            [
                102,
                15
            ]
        ]
    },
    "166": {
        "class": "Isotope",
        "ID": 166,
        "element": "POWER",
        "infexes": [],
        "freedom": 0.3862790575016994,
        "max_count": 18,
        "options": [
            [
                29,
                70
            ],
            [
                125,
                81
            ]
        ],
        "defaults": [
            [
                29,
                70
            ]
        ]
    },
    "167": {
        "class": "Isotope",
        "ID": 167,
        "element": "SPIN",
        "infexes": [],
        "freedom": 0.23479432888619772,
        "max_count": 32,
        "options": [
            [
                102,
                76,
                114
            ],
            [
                15,
                52,
                69
            ],
            [
                159,
                94,
                112
            ],
            [
                121,
                125,
                144
            ]
        ],
        "defaults": [
            [
                102,
                76,
                114
            ]
        ]
    },
    "168": {
        "class": "Isotope",
        "ID": 168,
        "element": "SPIN",
        "infexes": [],
        "freedom": 0,
        "max_count": 38,
        "options": [
            [
                54,
                51,
                56
            ]
        ],
        "defaults": [
            [
                54,
                51,
                56
            ]
        ]
    },
    "169": {
        "class": "Isotope",
        "ID": 169,
        "element": "MINX",
        "infexes": [
            2,
            2
        ],
        "freedom": 0.05419336322490259,
        "max_count": 25,
        "options": [
            [
                152,
                97
            ],
            [
                89,
                99
            ]
        ],
        "defaults": [
            [
                152,
                97
            ]
        ]
    },
    "170": {
        "class": "Isotope",
        "ID": 170,
        "element": "INV",
        "infexes": [],
        "freedom": 0,
        "max_count": 22,
        "options": [
            [
                38
            ]
        ],
        "defaults": [
            [
                38
            ]
        ]
    },
    "171": {
        "class": "Isotope",
        "ID": 171,
        "element": "ARCFAN",
        "infexes": [],
        "freedom": 0.42272908879345983,
        "max_count": 27,
        "options": [
            [
                141,
                79
            ],
            [
                168,
                129
            ]
        ],
        "defaults": [
            [
                168,
                129
            ]
        ]
    },
    "172": {
        "class": "Isotope",
        "ID": 172,
        "element": "SPIN",
        "infexes": [],
        "freedom": 0.5877177047910043,
        "max_count": 3,
        "options": [
            [
                113,
                11,
                8
            ],
            [
                31,
                56,
                8
            ]
        ],
        "defaults": [
            [
                31,
                56,
                8
            ]
        ]
    },
    "173": {
        "class": "Isotope",
        "ID": 173,
        "element": "MINX",
        "infexes": [
            3,
            7
        ],
        "freedom": 0.17579953291797573,
        "max_count": 1,
        "options": [
            [
                15,
                12,
                57,
                154,
                67
            ],
            [
                88,
                81,
                88,
                106,
                114,
                114,
                143
            ]
        ],
        "defaults": [
            [
                15,
                12,
                57,
                154,
                67
            ]
        ]
    },
    "174": {
        "class": "Isotope",
        "ID": 174,
        "element": "MINX",
        "infexes": [
            2,
            3
        ],
        "freedom": 0.2833373727422682,
        "max_count": 49,
        "options": [
            [
                11,
                155,
                125
            ],
            [
                143,
                67,
                21
            ],
            [
                74,
                8
            ],
            [
                82,
                86,
                179
            ],
            [
                41,
                89,
                76
            ],
            [
                182,
                110,
                143
            ],
            [
                22,
                73,
                14
            ],
            [
                77,
                48,
                76
            ],
            [
                86,
                117,
                128
            ]
        ],
        "defaults": [
            [
                74,
                8
            ]
        ]
    },
    "175": {
        "class": "Isotope",
        "ID": 175,
        "element": "SIGMOID",
        "infexes": [],
        "freedom": 0.8062670120071671,
        "max_count": 14,
        "options": [
            [
                8
            ],
            [
                52
            ]
        ],
        "defaults": [
            [
                8
            ],
            [
                52
            ]
        ]
    },
    "176": {
        "class": "Isotope",
        "ID": 176,
        "element": "SIN",
        "infexes": [],
        "freedom": 0.3669880853713542,
        "max_count": 19,
        "options": [
            [
                13
            ],
            [
                123
            ]
        ],
        "defaults": [
            [
                13
            ]
        ]
    },
    "177": {
        "class": "Isotope",
        "ID": 177,
        "element": "SIGMOID",
        "infexes": [],
        "freedom": 0.266126766646775,
        "max_count": 9,
        "options": [
            [
                20
            ],
            [
                114
            ]
        ],
        "defaults": [
            [
                20
            ],
            [
                114
            ]
        ]
    },
    "178": {
        "class": "Isotope",
        "ID": 178,
        "element": "IT",
        "infexes": [],
        "freedom": 0.1214407420594141,
        "max_count": 33,
        "options": [
            [
                69,
                50,
                64,
                60,
                74
            ],
            [
                79,
                86,
                95,
                94,
                63
            ]
        ],
        "defaults": [
            [
                69,
                50,
                64,
                60,
                74
            ]
        ]
    },
    "179": {
        "class": "Isotope",
        "ID": 179,
        "element": "SPIN",
        "infexes": [],
        "freedom": 0.14169650442554,
        "max_count": 25,
        "options": [
            [
                156,
                178,
                81
            ],
            [
                35,
                137,
                22
            ],
            [
                31,
                82,
                71
            ],
            [
                145,
                97,
                80
            ],
            [
                159,
                180,
                158
            ],
            [
                61,
                82,
                102
            ],
            [
                143,
                160,
                66
            ],
            [
                172,
                76,
                114
            ],
            [
                106,
                84,
                23
            ],
            [
                47,
                74,
                178
            ],
            [
                34,
                114,
                134
            ],
            [
                97,
                29,
                16
            ],
            [
                81,
                103,
                16
            ],
            [
                180,
                146,
                68
            ],
            [
                94,
                177,
                31
            ],
            [
                103,
                10,
                47
            ],
            [
                75,
                178,
                166
            ],
            [
                58,
                132,
                50
            ]
        ],
        "defaults": [
            [
                31,
                82,
                71
            ]
        ]
    },
    "180": {
        "class": "Isotope",
        "ID": 180,
        "element": "SIN",
        "infexes": [],
        "freedom": 0.24436577819683028,
        "max_count": 185,
        "options": [
            [
                37
            ],
            [
                64
            ],
            [
                41
            ]
        ],
        "defaults": [
            [
                37
            ],
            [
                64
            ],
            [
                41
            ]
        ]
    },
    "181": {
        "class": "Isotope",
        "ID": 181,
        "element": "SIN",
        "infexes": [],
        "freedom": 0,
        "max_count": 33,
        "options": [
            [
                100
            ]
        ],
        "defaults": [
            [
                100
            ]
        ]
    },
    "182": {
        "class": "Isotope",
        "ID": 182,
        "element": "SPIN",
        "infexes": [],
        "freedom": 0.4136539989043891,
        "max_count": 67,
        "options": [
            [
                150,
                52,
                114
            ],
            [
                47,
                24,
                8
            ]
        ],
        "defaults": [
            [
                47,
                24,
                8
            ]
        ]
    }
}