{
    "0": {
        "class": "Isotope",
        "ID": 0,
        "element": "ROOT_MAIN",
        "infexes": [],
        "freedom": 0.34705784733462625,
        "max_count": 1,
        "options": [
            [
                46
            ],
            [
                40
            ]
        ],
        "defaults": [
            [
                40
            ]
        ]
    },
    "1": {
        "class": "Isotope",
        "ID": 1,
        "element": "ROOT_HUE",
        "infexes": [],
        "freedom": 0.30277163474612123,
        "max_count": 1,
        "options": [
            [
                40
            ],
            [
                51
            ]
        ],
        "defaults": [
            [
                40
            ]
        ]
    },
    "2": {
        "class": "Isotope",
        "ID": 2,
        "element": "ROOT_SAT",
        "infexes": [],
        "freedom": 0.31970748892170586,
        "max_count": 1,
        "options": [
            [
                40
            ],
            [
                42
            ]
        ],
        "defaults": [
            [
                40
            ]
        ]
    },
    "3": {
        "class": "Isotope",
        "ID": 3,
        "element": "ROOT_VAL",
        "infexes": [],
        "freedom": 0.2932066404167011,
        "max_count": 1,
        "options": [
            [
                40
            ],
            [
                51
            ]
        ],
        "defaults": [
            [
                40
            ]
        ]
    },
    "4": {
        "class": "Isotope",
        "ID": 4,
        "element": "ROOT_PAL",
        "infexes": [],
        "freedom": 0.42057823658571636,
        "max_count": 1,
        "options": [
            [
                50
            ],
            [
                40
            ]
        ],
        "defaults": [
            [
                40
            ]
        ]
    },
    "5": {
        "class": "Isotope",
        "ID": 5,
        "element": "ROOT_GRAD",
        "infexes": [],
        "freedom": 0.372724589714313,
        "max_count": 1,
        "options": [
            [
                41
            ],
            [
                42
            ],
            [
                40
            ]
        ],
        "defaults": [
            [
                40
            ]
        ]
    },
    "6": {
        "class": "Isotope",
        "ID": 6,
        "element": "ROOT_TARGET",
        "infexes": [],
        "freedom": 0.3917601825461434,
        "max_count": 1,
        "options": [
            [
                40
            ],
            [
                47
            ],
            [
                48
            ]
        ],
        "defaults": [
            [
                40
            ]
        ]
    },
    "7": {
        "class": "Isotope",
        "ID": 7,
        "element": "ROOT_AIM",
        "infexes": [],
        "freedom": 0.3680699564373733,
        "max_count": 1,
        "options": [
            [
                40
            ],
            [
                46
            ],
            [
                46
            ]
        ],
        "defaults": [
            [
                40
            ]
        ]
    },
    "8": {
        "class": "Isotope",
        "ID": 8,
        "element": "X",
        "infexes": [],
        "freedom": 0,
        "max_count": 15,
        "options": [],
        "defaults": []
    },
    "9": {
        "class": "Isotope",
        "ID": 9,
        "element": "X",
        "infexes": [],
        "freedom": 0,
        "max_count": 3,
        "options": [],
        "defaults": []
    },
    "10": {
        "class": "Isotope",
        "ID": 10,
        "element": "X",
        "infexes": [],
        "freedom": 0,
        "max_count": 3,
        "options": [],
        "defaults": []
    },
    "11": {
        "class": "Isotope",
        "ID": 11,
        "element": "X",
        "infexes": [],
        "freedom": 0,
        "max_count": 76,
        "options": [],
        "defaults": []
    },
    "12": {
        "class": "Isotope",
        "ID": 12,
        "element": "X",
        "infexes": [],
        "freedom": 0,
        "max_count": 35,
        "options": [],
        "defaults": []
    },
    "13": {
        "class": "Isotope",
        "ID": 13,
        "element": "X",
        "infexes": [],
        "freedom": 0,
        "max_count": 43,
        "options": [],
        "defaults": []
    },
    "14": {
        "class": "Isotope",
        "ID": 14,
        "element": "X",
        "infexes": [],
        "freedom": 0,
        "max_count": 11,
        "options": [],
        "defaults": []
    },
    "15": {
        "class": "Isotope",
        "ID": 15,
        "element": "Y",
        "infexes": [],
        "freedom": 0,
        "max_count": 10,
        "options": [],
        "defaults": []
    },
    "16": {
        "class": "Isotope",
        "ID": 16,
        "element": "Y",
        "infexes": [],
        "freedom": 0,
        "max_count": 34,
        "options": [],
        "defaults": []
    },
    "17": {
        "class": "Isotope",
        "ID": 17,
        "element": "Y",
        "infexes": [],
        "freedom": 0,
        "max_count": 21,
        "options": [],
        "defaults": []
    },
    "18": {
        "class": "Isotope",
        "ID": 18,
        "element": "Y",
        "infexes": [],
        "freedom": 0,
        "max_count": 17,
        "options": [],
        "defaults": []
    },
    "19": {
        "class": "Isotope",
        "ID": 19,
        "element": "Y",
        "infexes": [],
        "freedom": 0,
        "max_count": 34,
        "options": [],
        "defaults": []
    },
    "20": {
        "class": "Isotope",
        "ID": 20,
        "element": "Y",
        "infexes": [],
        "freedom": 0,
        "max_count": 3,
        "options": [],
        "defaults": []
    },
    "21": {
        "class": "Isotope",
        "ID": 21,
        "element": "Y",
        "infexes": [],
        "freedom": 0,
        "max_count": 21,
        "options": [],
        "defaults": []
    },
    "22": {
        "class": "Isotope",
        "ID": 22,
        "element": "SIGMOID",
        "infexes": [],
        "freedom": 0,
        "max_count": 21,
        "options": [
            [
                11
            ]
        ],
        "defaults": [
            [
                11
            ]
        ]
    },
    "23": {
        "class": "Isotope",
        "ID": 23,
        "element": "SPIN",
        "infexes": [],
        "freedom": 0.3347491059178991,
        "max_count": 3,
        "options": [
            [
                31,
                16,
                9
            ],
            [
                14,
                14,
                18
            ]
        ],
        "defaults": [
            [
                14,
                14,
                18
            ]
        ]
    },
    "24": {
        "class": "Isotope",
        "ID": 24,
        "element": "SPIN",
        "infexes": [],
        "freedom": 0.608091499566586,
        "max_count": 17,
        "options": [
            [
                55,
                19,
                36
            ],
            [
                17,
                58,
                19
            ]
        ],
        "defaults": [
            [
                17,
                58,
                19
            ]
        ]
    },
    "25": {
        "class": "Isotope",
        "ID": 25,
        "element": "SPIN",
        "infexes": [],
        "freedom": 0.12234305478552825,
        "max_count": 1,
        "options": [
            [
                38,
                34,
                31
            ],
            [
                47,
                25,
                60
            ],
            [
                20,
                58,
                8
            ]
        ],
        "defaults": [
            [
                20,
                58,
                8
            ]
        ]
    },
    "26": {
        "class": "Isotope",
        "ID": 26,
        "element": "SPIN",
        "infexes": [],
        "freedom": 0.44711356637981425,
        "max_count": 34,
        "options": [
            [
                21,
                10,
                12
            ],
            [
                15,
                26,
                17
            ],
            [
                16,
                25,
                32
            ],
            [
                53,
                27,
                51
            ]
        ],
        "defaults": [
            [
                21,
                10,
                12
            ]
        ]
    },
    "27": {
        "class": "Isotope",
        "ID": 27,
        "element": "SPIN",
        "infexes": [],
        "freedom": 0.4973251775874376,
        "max_count": 23,
        "options": [
            [
                11,
                35,
                18
            ],
            [
                33,
                19,
                18
            ]
        ],
        "defaults": [
            [
                33,
                19,
                18
            ]
        ]
    },
    "28": {
        "class": "Isotope",
        "ID": 28,
        "element": "MINX",
        "infexes": [
            5,
            6
        ],
        "freedom": 0.5043983105823331,
        "max_count": 10,
        "options": [
            [
                15,
                8,
                17,
                9,
                19
            ],
            [
                44,
                55,
                32,
                40,
                53,
                35
            ]
        ],
        "defaults": [
            [
                15,
                8,
                17,
                9,
                19
            ]
        ]
    },
    "29": {
        "class": "Isotope",
        "ID": 29,
        "element": "AMEAN",
        "infexes": [
            2,
            4
        ],
        "freedom": 0.6320770491391001,
        "max_count": 97,
        "options": [
            [
                10,
                27,
                32,
                23
            ],
            [
                17,
                11,
                9,
                16
            ]
        ],
        "defaults": [
            [
                17,
                11,
                9,
                16
            ]
        ]
    },
    "30": {
        "class": "Isotope",
        "ID": 30,
        "element": "SPIN",
        "infexes": [],
        "freedom": 0.3297997085144405,
        "max_count": 9,
        "options": [
            [
                35,
                59,
                15
            ],
            [
                17,
                21,
                19
            ],
            [
                51,
                34,
                15
            ],
            [
                57,
                38,
                51
            ],
            [
                16,
                30,
                23
            ]
        ],
        "defaults": [
            [
                17,
                21,
                19
            ]
        ]
    },
    "31": {
        "class": "Isotope",
        "ID": 31,
        "element": "GMEAN",
        "infexes": [
            3,
            6
        ],
        "freedom": 0.3265851687022353,
        "max_count": 69,
        "options": [
            [
                19,
                12,
                22,
                11,
                9,
                16
            ],
            [
                38,
                44,
                49,
                26,
                37,
                19
            ]
        ],
        "defaults": [
            [
                19,
                12,
                22,
                11,
                9,
                16
            ]
        ]
    },
    "32": {
        "class": "Isotope",
        "ID": 32,
        "element": "SPIN",
        "infexes": [],
        "freedom": 0.3291245966910374,
        "max_count": 64,
        "options": [
            [
                40,
                52,
                17
            ],
            [
                16,
                16,
                8
            ],
            [
                25,
                26,
                50
            ],
            [
                14,
                20,
                20
            ],
            [
                36,
                30,
                52
            ],
            [
                34,
                53,
                32
            ],
            [
                57,
                39,
                25
            ],
            [
                26,
                12,
                16
            ],
            [
                40,
                18,
                29
            ],
            [
                23,
                30,
                45
            ]
        ],
        "defaults": [
            [
                16,
                16,
                8
            ]
        ]
    },
    "33": {
        "class": "Isotope",
        "ID": 33,
        "element": "GMEAN",
        "infexes": [
            2,
            2
        ],
        "freedom": 0,
        "max_count": 9,
        "options": [
            [
                19,
                16
            ]
        ],
        "defaults": [
            [
                19,
                16
            ]
        ]
    },
    "34": {
        "class": "Isotope",
        "ID": 34,
        "element": "SPIN",
        "infexes": [],
        "freedom": 0.9487103436375482,
        "max_count": 36,
        "options": [
            [
                15,
                22,
                12
            ],
            [
                28,
                53,
                42
            ]
        ],
        "defaults": [
            [
                15,
                22,
                12
            ]
        ]
    },
    "35": {
        "class": "Isotope",
        "ID": 35,
        "element": "SPIN",
        "infexes": [],
        "freedom": 0.24985430501944725,
        "max_count": 26,
        "options": [
            [
                16,
                8,
                10
            ],
            [
                26,
                52,
                28
            ]
        ],
        "defaults": [
            [
                16,
                8,
                10
            ]
        ]
    },
    "36": {
        "class": "Isotope",
        "ID": 36,
        "element": "SPIN",
        "infexes": [],
        "freedom": 0.19023523733560999,
        "max_count": 18,
        "options": [
            [
                9,
                54,
                39
            ],
            [
                29,
                37,
                39
            ],
            [
                20,
                19,
                40
            ]
        ],
        "defaults": [
            [
                20,
                19,
                40
            ]
        ]
    },
    "37": {
        "class": "Isotope",
        "ID": 37,
        "element": "GMEAN",
        "infexes": [
            28,
            35
        ],
        "freedom": 0.13545965005562355,
        "max_count": 34,
        "options": [
            [
                18,
                40,
                8,
                14,
                58,
                22,
                33,
                10,
                15,
                9,
                17,
                8,
                21,
                10,
                40,
                9,
                11,
                8,
                9,
                21,
                18,
                11,
                40,
                10,
                13,
                12,
                9,
                16,
                15,
                17
            ],
            [
                26,
                23,
                34,
                23,
                33,
                44,
                51,
                41,
                60,
                59,
                44,
                49,
                8,
                31,
                12,
                16,
                29,
                42,
                57,
                42,
                35,
                11,
                10,
                56,
                30,
                29,
                17,
                17,
                19,
                37,
                30,
                59,
                59,
                43,
                33
            ]
        ],
        "defaults": [
            [
                18,
                40,
                8,
                14,
                58,
                22,
                33,
                10,
                15,
                9,
                17,
                8,
                21,
                10,
                40,
                9,
                11,
                8,
                9,
                21,
                18,
                11,
                40,
                10,
                13,
                12,
                9,
                16,
                15,
                17
            ]
        ]
    },
    "38": {
        "class": "Isotope",
        "ID": 38,
        "element": "SPIN",
        "infexes": [],
        "freedom": 0.18858654177797476,
        "max_count": 15,
        "options": [
            [
                15,
                14,
                21
            ],
            [
                33,
                56,
                39
            ]
        ],
        "defaults": [
            [
                15,
                14,
                21
            ]
        ]
    },
    "39": {
        "class": "Isotope",
        "ID": 39,
        "element": "GMEAN",
        "infexes": [
            6,
            6
        ],
        "freedom": 0.7089697014575737,
        "max_count": 35,
        "options": [
            [
                18,
                55,
                45,
                26,
                33,
                17
            ],
            [
                36,
                30,
                34,
                28,
                22,
                9
            ],
            [
                19,
                16,
                21,
                21,
                33,
                10
            ]
        ],
        "defaults": [
            [
                19,
                16,
                21,
                21,
                33,
                10
            ]
        ]
    },
    "40": {
        "class": "Isotope",
        "ID": 40,
        "element": "POWER",
        "infexes": [],
        "freedom": 0,
        "max_count": 1,
        "options": [
            [
                10,
                19
            ]
        ],
        "defaults": [
            [
                10,
                19
            ]
        ]
    },
    "41": {
        "class": "Isotope",
        "ID": 41,
        "element": "SPIN",
        "infexes": [],
        "freedom": 0.6483374945192122,
        "max_count": 1,
        "options": [
            [
                22,
                16,
                17
            ],
            [
                10,
                24,
                10
            ]
        ],
        "defaults": [
            [
                22,
                16,
                17
            ]
        ]
    },
    "42": {
        "class": "Isotope",
        "ID": 42,
        "element": "SPIN",
        "infexes": [],
        "freedom": 0.6226048480600443,
        "max_count": 19,
        "options": [
            [
                22,
                17,
                33
            ],
            [
                55,
                25,
                8
            ]
        ],
        "defaults": [
            [
                22,
                17,
                33
            ]
        ]
    },
    "43": {
        "class": "Isotope",
        "ID": 43,
        "element": "SPIN",
        "infexes": [],
        "freedom": 0.42855174871397383,
        "max_count": 20,
        "options": [
            [
                13,
                20,
                40
            ],
            [
                51,
                11,
                33
            ]
        ],
        "defaults": [
            [
                13,
                20,
                40
            ]
        ]
    },
    "44": {
        "class": "Isotope",
        "ID": 44,
        "element": "GMEAN",
        "infexes": [
            2,
            3
        ],
        "freedom": 0.9083180202653062,
        "max_count": 32,
        "options": [
            [
                30,
                53,
                48
            ],
            [
                40,
                40
            ]
        ],
        "defaults": [
            [
                40,
                40
            ]
        ]
    },
    "45": {
        "class": "Isotope",
        "ID": 45,
        "element": "ARCFAN",
        "infexes": [],
        "freedom": 0.0683254705267634,
        "max_count": 12,
        "options": [
            [
                40,
                33
            ],
            [
                20,
                43
            ]
        ],
        "defaults": [
            [
                40,
                33
            ]
        ]
    },
    "46": {
        "class": "Isotope",
        "ID": 46,
        "element": "POWER",
        "infexes": [],
        "freedom": 0.3192643783971711,
        "max_count": 24,
        "options": [
            [
                40,
                16
            ],
            [
                50,
                34
            ]
        ],
        "defaults": [
            [
                40,
                16
            ]
        ]
    },
    "47": {
        "class": "Isotope",
        "ID": 47,
        "element": "SPIN",
        "infexes": [],
        "freedom": 0.3077028750811596,
        "max_count": 35,
        "options": [
            [
                40,
                33,
                12
            ],
            [
                8,
                47,
                50
            ]
        ],
        "defaults": [
            [
                40,
                33,
                12
            ]
        ]
    },
    "48": {
        "class": "Isotope",
        "ID": 48,
        "element": "SPIN",
        "infexes": [],
        "freedom": 0.22336407146477757,
        "max_count": 3,
        "options": [
            [
                43,
                14,
                45
            ],
            [
                40,
                15,
                20
            ]
        ],
        "defaults": [
            [
                40,
                15,
                20
            ]
        ]
    },
    "49": {
        "class": "Isotope",
        "ID": 49,
        "element": "SPIN",
        "infexes": [],
        "freedom": 0.3989144915320776,
        "max_count": 4,
        "options": [
            [
                46,
                15,
                49
            ],
            [
                21,
                28,
                41
            ],
            [
                40,
                19,
                20
            ]
        ],
        "defaults": [
            [
                40,
                19,
                20
            ]
        ]
    },
    "50": {
        "class": "Isotope",
        "ID": 50,
        "element": "SPIN",
        "infexes": [],
        "freedom": 0.31908282582338,
        "max_count": 22,
        "options": [
            [
                54,
                9,
                50
            ],
            [
                40,
                18,
                14
            ]
        ],
        "defaults": [
            [
                40,
                18,
                14
            ]
        ]
    },
    "51": {
        "class": "Isotope",
        "ID": 51,
        "element": "POWER",
        "infexes": [],
        "freedom": 0.33434980667841074,
        "max_count": 11,
        "options": [
            [
                51,
                33
            ],
            [
                48,
                46
            ],
            [
                40,
                22
            ],
            [
                41,
                50
            ]
        ],
        "defaults": [
            [
                40,
                22
            ]
        ]
    },
    "52": {
        "class": "Isotope",
        "ID": 52,
        "element": "RAND",
        "infexes": [],
        "freedom": 0.15250863165364628,
        "max_count": 30,
        "options": [
            [
                48
            ],
            [
                19
            ]
        ],
        "defaults": [
            [
                19
            ]
        ]
    },
    "53": {
        "class": "Isotope",
        "ID": 53,
        "element": "SPIN",
        "infexes": [],
        "freedom": 0.19809714240811405,
        "max_count": 16,
        "options": [
            [
                11,
                17,
                19
            ],
            [
                32,
                10,
                47
            ]
        ],
        "defaults": [
            [
                11,
                17,
                19
            ]
        ]
    },
    "54": {
        "class": "Isotope",
        "ID": 54,
        "element": "GMEAN",
        "infexes": [
            2,
            2
        ],
        "freedom": 0.20797481896687928,
        "max_count": 9,
        "options": [
            [
                32,
                25
            ],
            [
                58,
                16
            ]
        ],
        "defaults": [
            [
                58,
                16
            ]
        ]
    },
    "55": {
        "class": "Isotope",
        "ID": 55,
        "element": "SIGMOID",
        "infexes": [],
        "freedom": 0.3939820531997307,
        "max_count": 4,
        "options": [
            [
                25
            ],
            [
                10
            ]
        ],
        "defaults": [
            [
                10
            ]
        ]
    },
    "56": {
        "class": "Isotope",
        "ID": 56,
        "element": "POWER",
        "infexes": [],
        "freedom": 0.2697458201624903,
        "max_count": 9,
        "options": [
            [
                10,
                40
            ],
            [
                51,
                52
            ]
        ],
        "defaults": [
            [
                10,
                40
            ]
        ]
    },
    "57": {
        "class": "Isotope",
        "ID": 57,
        "element": "GMEAN",
        "infexes": [
            3,
            15
        ],
        "freedom": 0.0670495939071139,
        "max_count": 43,
        "options": [
            [
                24,
                44,
                26,
                11,
                33,
                51,
                20,
                44,
                17,
                44,
                34,
                50,
                39,
                20,
                36
            ],
            [
                40,
                14,
                11,
                19,
                8,
                9,
                17,
                13,
                15,
                33,
                10,
                12,
                16,
                10,
                8
            ],
            [
                59,
                36,
                27,
                12,
                50,
                10,
                33,
                23,
                14,
                24,
                39,
                42,
                31,
                49,
                37
            ]
        ],
        "defaults": [
            [
                40,
                14,
                11,
                19,
                8,
                9,
                17,
                13,
                15,
                33,
                10,
                12,
                16,
                10,
                8
            ]
        ]
    },
    "58": {
        "class": "Isotope",
        "ID": 58,
        "element": "SIN",
        "infexes": [],
        "freedom": 0,
        "max_count": 1,
        "options": [
            [
                20
            ]
        ],
        "defaults": [
            [
                20
            ]
        ]
    },
    "59": {
        "class": "Isotope",
        "ID": 59,
        "element": "SIN",
        "infexes": [],
        "freedom": 0.4075095580481991,
        "max_count": 7,
        "options": [
            [
                37
            ],
            [
                9
            ]
        ],
        "defaults": [
            [
                9
            ]
        ]
    },
    "60": {
        "class": "Isotope",
        "ID": 60,
        "element": "SPIN",
        "infexes": [],
        "freedom": 0.49252466684482665,
        "max_count": 25,
        "options": [
            [
                16,
                58,
                21
            ],
            [
                26,
                46,
                48
            ],
            [
                36,
                47,
                38
            ]
        ],
        "defaults": [
            [
                16,
                58,
                21
            ]
        ]
    }
}